Date,Collectivité concernée,Nom du fournisseur,SIRET,Activité principale,Objet de la dépense,Justificatif,Montant,Catégorie,Remarques
2/27/2023,"""Aix-en-Provence
""",VALOUCILS,83132818200033,Soins de beauté,Volume russe - pose complète,image.png (https://v5.airtableusercontent.com/v3/u/58/58/1791108000000/a5uNnfNK8ThCvfxlc_t36g/US-dg85JpcOGTLHlr4dD28gSzuy45xyG7_Gk-LH-bQ2A5GKLj42Hk1jJnJ_wozAGSmqn_Vz5FaH0ZGNrcbfxWboQEmG5DZManNY5BBCTn44rX6doLO6Xg_AYr2szIWMtIk8aQBFxf-HbIjmdISgQ9w/SaE9_XI5y0PlDJqcAN0wzX67Ak9NRAkDZwn3Tft199w),€150.00,Beauté et soins,
2/24/2023,"""Aix-en-Provence
""",Marie-caroline ORY,52347311400016,Soins de beauté,Soin esthétique,image.png (https://v5.airtableusercontent.com/v3/u/58/58/1791108000000/96Ybtln76d0sbIvpt50W2g/R1OsNyjAXpE31OMEjnNYy_XNSX-c6m05ZPB7QIeUx8HSEu6hBUCguDC3ezssyM66HmFnqgf4a0NO2L0zUNaeyqOEvuNGISwOk8ZjDymtAyosZp21LvGxF3sAU-OopbsUgzTdb3Svy7FF10-j_gYjqg/YpxK_ijBFmAsj3_n8hPG-o_T7FU5r_auncusEkhDXas),€77.00,Beauté et soins,
2/3/2023,"""Aix-en-Provence
""",Marie-caroline ORY,52347311400016,Soins de beauté,Soin esthétique,image.png (https://v5.airtableusercontent.com/v3/u/58/58/1791108000000/PuHycz-VKtpU0KpBtOtVkg/4493KzKBL12YP2e4hJUZcACGg4f2l52hl7KTRWLoHYEhYXsH0ABZWXf-Vp3I-Rkj6PGMNyVrLWsWH5BzKH1ZoFOEB8YOoYzTUijCOXIEX-BG2TUupmDVTwAoQ20N9VMItoPEcxficCAGkRJguhj2fQ/DpiyF_A3e1sVAlh-JKmaCYU60WWDDw9fMgAhcxvuEeg),€25.00,Beauté et soins,
1/28/2023,"""Aix-en-Provence
""",SOC AIXOISE EXPLOIT PARFUMERIE (PARFUMERIE TRUPHEME) (SAEP),58162088700017,Commerce de détail de parfumerie et de produits de beauté en magasin spécialisé,Produits en parfumerie,image.png (https://v5.airtableusercontent.com/v3/u/58/58/1791108000000/_VHqEL6dYTSfuZoCtcb9pQ/ADVjvdZASPPFBc18kMn28G3elLgiTMoHh9U4hRcj5zcE3tzmw0KB3-N8BWSayx47AOPMH1UYCgq3T7OVnIfAYKIGrkjFKjrynFjYv3CEisK9eGUKLRhGztnV6vLoHdp2HoqnwX3C6Cm2_uZlofqRGA/w6FeJ61GSNbf3ZdD-f-wnl75T9fMzskNrS4XaC7k9Cg),€225.00,Beauté et soins,
1/28/2023,"""Aix-en-Provence
""",COTON ROUGE,38009920000012,Autres commerces de détail spécialisés divers,1 ceinture,image.png (https://v5.airtableusercontent.com/v3/u/58/58/1791108000000/OMGFbI97I80eu7gm-Jm3Bg/EFNFl-18l2ncGHRXCBmkJttIwU6VSsmXbahEDU8UehI6Z4rxY0j8ia5_1tmRlU5nQoyD6YPxz-sQEKOnsFqlqyGBy8cza7vUdPUmLlIdQbvz1Hgj8p6RMm-JIkM7B4qmV6uvoeC8aBco-9tYutNCnw/UXscDg7HxQsH1b45TDgXQNQoX7q-n1YShhaIhR06Waw),€290.00,Vêtements,
1/28/2023,"""Aix-en-Provence
""",ERIC BOMPARD (ERIC BOMPARD SA),33837545400398,Commerce de détail d’habillement en magasin spécialisé,"1 écharpe, 1 pochette de lavage",image.png (https://v5.airtableusercontent.com/v3/u/58/58/1791108000000/KaJc1jByuz45rEq-oXo8TA/oCwaQ62Dk7npKViqWepSGueTCsOmHnplXBL1Vsrtt85hi5UIL9pjc6Yv_OJNkJylRmCNrcXNDW0IIzXxAH4SqE3gD0fAIVspH58DGfioCFA414IHU07TaO5TjT__ECTBQ0qt81bK4GvS7Ug5c3eeqg/z6UaW9pfmobVOJdEvhhaunLRT4yUggPkOyoBGNJCXRo),€116.00,Vêtements,
1/24/2023,"""Aix-en-Provence
""",WE RESTO,79350926600011,Restauration,"5 raviolis, 5 volailles, 5 chocolats",image.png (https://v5.airtableusercontent.com/v3/u/58/58/1791108000000/sytYSOptcEfYR9fsP0I1Pg/8wHLcnxmoPchBn7bvAkNGVTljLkoF0CpLBwykTXy2auQU75iPIkuwwrpJrLQOZMkozyj3ocjpRkABQrf21IrpKEdoEeem2hWf5_YADeyVV9J5tbSS76pFIMBBJvL6rxsEuUZ3WgB23hFUhCYpFSijQ/rf_Et9my6z3MZeKVHmNeP-VwREPKrGoO4vVy7Lbs_-U),€240.00,Restauration,
1/22/2023,"""Aix-en-Provence
""",SCHOOL RAG,41751738000073,Commerce de détail d’habillement en magasin spécialisé,Vêtements,image.png (https://v5.airtableusercontent.com/v3/u/58/58/1791108000000/BP4kIwpO0FpfZX9mx0yM4w/ju7rs7Nu_msj6qHja_O3oRciCgBjUHns7T0nDEHU7WSjxaUMSp083mgeN6A0Y88AsKxC9ShkPvUtCb7o0I8rBIYNtJ1EGcsWkY3XW1lRAWRCBAL2L4Vo0H1HJtTfRslDoPQpt2cirZ6zVVq7xtPNEA/_T_XvRwe8PeP5KyHltj3Lk2iY-kQ6Gi3Vuj5VyxSBhc),€1096.09,Vêtements,
1/13/2023,"""Aix-en-Provence
""",SARL ARMAND TRAITEUR,38938694700011,Restauration,Repas pour 20 personnes avec service à la mairie,image.png (https://v5.airtableusercontent.com/v3/u/58/58/1791108000000/1XSCqeaJp5OZVzDFY9IRYw/UU62bnhSc9DuMjdYYU82zanFaV_x5SGsI3yns815QhU8CQjNRFbhwtyZB4eVwhFxqPt1szPhHbU585E284GHQKCbHhPC47bO2oEzoeVJVYrHR_uY8Ys62dVnMMac6OCiSqWFG_-3i3MnpJG3I_zSqw/YTAQ7-MGh2LW8ps05udcIYWHA1JqZkI4Sa7O7Rm76Bk),€1078.00,Restauration,
1/16/2023,"""Aix-en-Provence
""",Marie-caroline ORY,52347311400016,Soins de beauté,Soin esthétique,image.png (https://v5.airtableusercontent.com/v3/u/58/58/1791108000000/VxdzQtJADkihw2RqvfwJ1w/NyLeVEg-qLaZ1yh0fO5Rb-BPNhA3H3ERVsTv4fGml958NZ_EPG6-sqvWy8q3ki2WWGRCcpcaFX841aHxLUdZJq9eosCiwfQDONYisf4nORAIRWQjMpUTl-YkfN_LXnWGby6K0XjD9dLz1U0tsmsVUA/SZX9oIMYg1s8BOkRxyjxjOC9kUPhYphifQqr8UWVJlY),€25.00,Beauté et soins,
1/14/2023,"""Aix-en-Provence
""",VALOUCILS,83132818200033,Soins de beauté,Volume russe - comblage à 4 semaines,image.png (https://v5.airtableusercontent.com/v3/u/58/58/1791108000000/mJJAAR4YohqGiyqXOjBSZA/nQCQhEqfwopyY1XqUN0V_8dnxQ5G8N2SdbMlQg7Q9NZ-R9V8Ue3tppgANG88vkmKiaEPfoDPc7Kamp-RpmQNq59Edu4qSvp4dZISGb3kBNQof3OcteGENeUAbRnzjIVi7Lnj-xpGDQoTDx4FJhOOow/4IJKRLLM5f8EFMWMRHbeNU50f7G8zq2ymFHeMJz1hgs),€90.00,Beauté et soins,
1/13/2023,"""Aix-en-Provence
""",ERIC BOMPARD (ERIC BOMPARD SA),33837545400398,Commerce de détail d’habillement en magasin spécialisé,1 écharpe,image.png (https://v5.airtableusercontent.com/v3/u/58/58/1791108000000/PN_EiRU-sViw5jB6ND0rwg/-4B_mLRe9_7VRffMgeYj2I66QMZaNxs-dVzIv9d2aDt7d22W4yFo2x9odKT17XMVP1ouH53OuQcvnlCIrcLGgTWoQaTdvTHZSu9hqEu74r4rSQ4v-L726hMMgtvFbRer1pDEA4xFDTBydOvm_N7iXw/D2g32XdVh801WSka70tAoOuCXVp8dAaJmhUMWUb84yE),€145.00,Vêtements,
1/10/2023,"""Aix-en-Provence
""",SJW (KOM O RESTO),90988385200016,Restauration traditionnelle ,Livraison de 12 plateux de repas réunion,image.png (https://v5.airtableusercontent.com/v3/u/58/58/1791108000000/ry5HN5ONuoRP1ITsOmWYgQ/iWPFKQwTsRL2Irf_GHKcHqdqKP2eOQhAdIOpkHnwo5mTJaCW1ZBntpCyi25JRDX9d8FIELhX4qsfI84sJQhnuB_LEZfFrzuksV3nNvd6w-bwkhdMOBhViRr-nWc1XJ7zeslis9-9JxdjYTWeU1UQug/-5FWHOYD147mdH2YQ-BdcOcbcT6ggobGP7_diFD8tu0),€216.00,Restauration,
1/5/2023,"""Aix-en-Provence
""",SARL DIGI,35051653000028,Commerce de détail d’habillement en magasin spécialisé,"1 blazer, 2 pantalons et un article inconnu",image.png (https://v5.airtableusercontent.com/v3/u/58/58/1791108000000/XczAB2_HrQrZ6vUBEyArzg/CqayWQqvLq-RFRAPgSfMRYKC9pSbT2dVMGJXDL56dejwVTifZcqG-bt6aZMHUh0G0DB6RbEpQ2Pp5ytaYRqWWYQo-STmmXBH3wRRNPa0VyZLhUuYzQRPrRHVu5Wo-8iSoVUlGuWU0xbpQovTYmTG6A/8hsNyqF45HyWYSBjY2wuaMKYfq12yMfwtdGUuuXRbe8),€1080.00,Vêtements,
12/31/2022,"""Aix-en-Provence
""",SOC AIXOISE EXPLOIT PARFUMERIE (PARFUMERIE TRUPHEME) (SAEP),58162088700017,Commerce de détail de parfumerie et de produits de beauté en magasin spécialisé,Produits en parfumerie,image.png (https://v5.airtableusercontent.com/v3/u/58/58/1791108000000/naScBytj74Rq43CYuHmq7w/HDvyXXAMuskVkmbwHrHKDAxsaiwupSl69P0B4lUh5a6fhofdmOev4FBCSHemkekayvYasCVtUSOpHC9MN_0I-NQ_9PM3kSG19jhrqnA6QSmTxN2Ikixlf9OzBQ5M0P5JuyKn_IDvNgI__BZT-8BLtQ/UcEDiU6Haekt8-wgbHavJSN6EDc-3AOpCtr7FTCZ_to),€128.80,Beauté et soins,
12/31/2022,"""Aix-en-Provence
""",ERIC BOMPARD (ERIC BOMPARD SA),33837545400398,Commerce de détail d’habillement en magasin spécialisé,"1 pull en cachemire, 1 pantalon, 1 coffret de broches",,€690.00,Vêtements,
12/31/2022,"""Aix-en-Provence
""",Marie-caroline ORY,52347311400016,Soins de beauté,Soin esthétique,image.png (https://v5.airtableusercontent.com/v3/u/58/58/1791108000000/qTc_RXwWlEGTLDwGbZb5nw/dc-5Vw30F1PoP4FszpQGvHKyuavpNwxDCoAUwL92JDHOkPgRyMx7E1zjvaJBnBJcN9kSoBQDlTOxHHb2b9FkZhwSPxtfyk4Eu75dxICpt3Viw0t8hUxBO1gAvW9j9fwKu1PqzRw_oNmM75_p29NBDA/cmeAEqvOvE_IDA82JklSSpmSmeVQNe7FclWzA6SiR4c),€40.00,Beauté et soins,
11/30/2022,"""Aix-en-Provence
""",KF ARCHEVECHE,39930361900023,Restauration traditionnelle ,9 menus,image.png (https://v5.airtableusercontent.com/v3/u/58/58/1791108000000/HC6m9br2GAiD4lPuNvc4Xw/MqHMxket82nbqrvGPTPdWA6saEoHA9OIFItBStMNslfrAyax8DZqp50JkHP6j2W046nSIp9RMDJGwZb6Tm5gSwEVo3qguKwN1rcWjRM3Udb9Qq0DHz5aYe_Aw1dXIxh4QQ4Z8QbSapn4D-VEg1WGYQ/DHR8uH9PIQegvVh8mmDVzyqBKnTfxkmtjeJe18SuBm4),€342.00,Restauration,
12/30/2021,"""Aix-en-Provence
""",Marie-caroline ORY,52347311400016,Soins de beauté,Manucure,image.png (https://v5.airtableusercontent.com/v3/u/58/58/1791108000000/bVgMLcNSzsojf3G10GFErA/s0M4m4HB5nDclXdjoy8Wu9z72qh7hvpmcNEWqgjeDp3IwFnYEFmrAlBp2JzdVUmheFxB3m8DL2RZykc8bSyHIfBng7PK7gRybK3ZJGH8o4gMEQMRObghXd2pdpYE4S7g4Ml_WTm6ExPyHOoCTGWZTg/5PQ7NFCp6D-XoGCMWOawOLmH47818eii8WcmXg5k2DE),€25.00,Beauté et soins,
12/17/2022,"""Aix-en-Provence
""",VALOUCILS,83132818200033,Soins de beauté,Volume russe - comblage à 3 semaines,image.png (https://v5.airtableusercontent.com/v3/u/58/58/1791108000000/zpqJt8BkvJfqLL2OPL7z-A/d2jrwvfgvSFSQYFmXhMjeHSRLxU5sA092cYhj2d2oCsXlIQ9oEbfIyOPaJgQ3T2Z-3yBbUNjY3_0zLF3TU272nJCPLMecLSmNQ7ZC1SdrCW228sxu6z9tOgt6ZreqwCjTiKZI9V81HJnNgUQInys_A/Tulmddp2gjvc1RHqWTadiJYV1xcwai6n74gny65ZVFE),€75.00,Beauté et soins,
11/28/2022,"""Aix-en-Provence
""",VALOUCILS,83132818200033,Soins de beauté,Volume russe - comblage à 3 semaines,image.png (https://v5.airtableusercontent.com/v3/u/58/58/1791108000000/LfcHYtQTFeP0Y-pSHviWLQ/EB195y06fjSf0LHjT1zv5KvTgqFvgyq0Q5gTGGxcOok9kbnfpiFte1qQXToYeP71GOxzO7bvAeZvmAb1k3P33hfFoJJGchAEtHH469BTaD9Sdd5VzxwYqkYF6jZNcrQwdVCk_J17b_ehxGTdXg47YQ/ftc5pETIZAxyQ6c7spQhA1QeJVNwSqZQ2zVWXC3t7XI),€75.00,Beauté et soins,
11/26/2022,"""Aix-en-Provence
""",Marie-caroline ORY,52347311400016,Soins de beauté,Soin esthétique,image.png (https://v5.airtableusercontent.com/v3/u/58/58/1791108000000/I4Y65IkaqqyCEjp2kGXW-g/PvBWqvaT6Azbxsk3Mmbalxc6CKOK6rhD1xVm60pyFKDQ6VND7AeKdhPPHJQ5xwb_EGpPjP1VMlpTgEeC9Al_GPiNF7F3TTqtDUbK0l5TjMpJx4IrUI7fch_no2w1dEE2AoNCxD0IY58rbCaGYDzdFA/CRQzhFYM39vYl9evl7noD3EVdaAVTQsm7_q21K57yfs),€25.00,Beauté et soins,
11/5/2022,"""Aix-en-Provence
""",VALOUCILS,83132818200033,Soins de beauté,Volume russe - pose complète,image.png (https://v5.airtableusercontent.com/v3/u/58/58/1791108000000/neG5sSSNw_m5Tse-vqrqBw/EiDvGU1C-3RIHAd3_vnVmCbJQKBGmDq6V-w3vZE20ra_wmeed9c4kdtCdxdZbiZNyUAS_bAAD6GZB4CxtXdea5VpqxqBjtBncLA-NoNgpBchy1qBArCrV8DF7FNuoWuqom0kwLYM-28JruYU6OIk-w/zkQXSBwjRUvHkQRkH183m_wqNKQq-HEWC74IWi7yv5o),€150.00,Beauté et soins,
11/4/2022,"""Aix-en-Provence
""",Marie-caroline ORY,52347311400016,Soins de beauté,Soin esthétique,image.png (https://v5.airtableusercontent.com/v3/u/58/58/1791108000000/8UsVLsUO0Uk5GiK2VqaT0A/2DdsUqdSt-h7VObkbKbs6wW3CRS8PQgHAWM6cSaadEjgbRx61KSrszfcRVwc0Fp8qIBd9h_GWiXuWH32hIV1KJ-XYlcLJIURjeqBY2pIGvIcEwzGpKZy-m62Usvhu4rchzJMxN65bMQtaOPJBmRZsA/0h-JJNsUxtGOSvhrgWzklamOqPmLQGrM4xyHc2XofbQ),€40.00,Beauté et soins,
10/28/2022,"""Aix-en-Provence
""",OLIREM,80992880700027,Soins de beauté,Maquillage,image.png (https://v5.airtableusercontent.com/v3/u/58/58/1791108000000/B2SQfPtnNh07wm5lEfA2Xg/xhKkKf3Kkl9_ZqmAVwqpaeAjo1_mFypzf2NCaZ0XAtxxgI6coZtAW3IVz46JCpCfL5NZSVNPduuOQQtD5zEAFqw3ogXgi5r-DGDUV7IStmnI98Vn6G0nIFeIBNxvzD_tM_DIsRRrKWbiy-pfpI7RBQ/cUAIS3KF1qtdt-bZoOjyhoZ2274SQ9KsGNTi8NGSyQM),€280.00,Beauté et soins,
10/18/2022,"""Aix-en-Provence
""",Marie-caroline ORY,52347311400016,Soins de beauté,Soin esthétique,image.png (https://v5.airtableusercontent.com/v3/u/58/58/1791108000000/geiGKZiAmedccZJoZgPnLA/_4fT8JCbvzavTRtU9PjdoWA5I9ZIyOq5E9DfHXRnOAn8OSpGbM074p2YbqfyJBMYGnp4LrcTRZinRTDyaRvRAsu2AyLB6GrqSMJ2tml8EiF_CUjB_byzJkf_djjC2e00_yDPs7OyftE2_meBNApQ5Q/O5DAwMzieoWPxhJXDrRAV75s31GET6BaXlpZV5olycY),€35.00,Beauté et soins,
10/15/2022,"""Aix-en-Provence
""",SOC AIXOISE EXPLOIT PARFUMERIE (PARFUMERIE TRUPHEME) (SAEP),58162088700017,Commerce de détail de parfumerie et de produits de beauté en magasin spécialisé,Produits en parfumerie (3 parfums guerlain),image.png (https://v5.airtableusercontent.com/v3/u/58/58/1791108000000/1vTFw27QLM7VpE78liBZiQ/j8y9hHleTHKnW512Iv22IUoVZmihDJ_RcU_4GSj14OU26F0XiBvFLxY4LmZfTEVS5J_L4tjHz3Qu_O_7jzJMMwpBMk9HRLNZPYsdN7WuuQv7Lg-tIp9JSkDX8z3gGzGXHBGscGIqMthNFBKgx1neag/eaKzTpdwW33K1j0BgyjaFMt2HVy5auBftBHcCl2PT60),€258.00,Beauté et soins,
10/10/2022,"""Aix-en-Provence
""",KF ARCHEVECHE,39930361900023,Restauration traditionnelle ,5 menus,image.png (https://v5.airtableusercontent.com/v3/u/58/58/1791108000000/HkVpvqLhQoEqAjZE6wFxzw/2tyTCVFG1EU5pbEUFxPt1dLI5EnzybYKBBfUR_ppGAgOlTfWGENj-4iOVIMwIOammAoppRo0nm8B1mOfYZwq6rbO1bX6vleZUEbLyRjsL13GUn10e1dzBxYa8R12fCYPEyJUHmipBHx5JnTn_jaM8Q/nTCr1evGCE59C7Hv07AAMA6lwBWZ-u6iQPLlEEjS4cQ),€190.00,Restauration,
10/1/2022,"""Aix-en-Provence
""",ED AND LOU (ED AND LOU),49867470400016,Commerce de détail d’habillement en magasin spécialisé,1 t-shirt,image.png (https://v5.airtableusercontent.com/v3/u/58/58/1791108000000/lQk5nP4tGBIB9GhJZmRhAw/KpC5qvtYpPqxexhYMaFvdWt6ntGfnQ7R0RqiU-ihtjvfnKFa-eHqaqRzwfGkSN-a5MmiN1b64wWkBh9Q1YBXRYf-bN7senWK71Eg2Ev54iR6mmNeLLk-4Hsb3lblPEGqcE9cpO_yf-ClNfpIOr9WLQ/1Q1XsYTyKDVRiHbba8YTrpBYB7n91xsL8w-9ZZMvSuY),€210.00,Vêtements,
9/22/2022,"""Aix-en-Provence
""",Marie-caroline ORY,52347311400016,Soins de beauté,Soin esthétique,image.png (https://v5.airtableusercontent.com/v3/u/58/58/1791108000000/JZcK6rQNBQhsJnHdVkPCKA/XUhzt0DYeyOsz3ma8dUQZ2laIIeAi6Sea4iBrwBKyMQvvAm7J42lsLyeTLhtHTNU2T8jJ5WzobpqJai6-LXJ-DWhG582B_cJey5PRBG_G6gudVaFNGeX_5UvhN-wE-m5hIuOhK5onlTf_DFKuuNhTg/ftmtcWi2x57QZ_q91DOBytVDQwkS5eIQp6QkJdEJ20E),€25.00,Beauté et soins,
9/5/2022,"""Aix-en-Provence
""",Marie-caroline ORY,52347311400016,Soins de beauté,Soin esthétique,image.png (https://v5.airtableusercontent.com/v3/u/58/58/1791108000000/4GqZizPv3_rmXEw-WrJ_aw/eVXf0mQ5e4-JTxl3lSQlrsYP0BFBoesoU8bCz_U8YnP6nJeHSLlMQxVX03S-BdsbmuDdIqZjQ8S1YRs8PTCCRL5-Hn0icYjoDCYwqBu4u_QIBwdiIc_9e5f25Wu6EcN8hIaGkgp3OcPhZajawY-kWQ/Va_rsTcDTmeFCt0_1dwuo2DWMtuMFc86o-nld8_R7m8),€25.00,Beauté et soins,
8/20/2022,"""Aix-en-Provence
""",MAJE,38254431001006,Commerce de détail d’habillement en magasin spécialisé,Vêtements,image.png (https://v5.airtableusercontent.com/v3/u/58/58/1791108000000/K7kRN1tb7kCbc76xEJfTrQ/rA8r_0v1rpXiInNXMPVsIeKHKEI3SYVw3hV9BJer968wlPf_eNgrqmbnNamxm_-DnxkMdsUugBk0TCLC36VrAQSy7hdpeHd4BcYWpc2BpKnBgTSCxRNLdSGVw-OIAN_Z4Jo3Z1y2YD1DFYPyuIgjNg/HXkhX3WRiK83RmSnum8ARfhPuQ0XrOhdkbMdyzPh8Ws),€2024.00,Vêtements,
8/20/2022,"""Aix-en-Provence
""",SCHOOL RAG,41751738000073,Commerce de détail d’habillement en magasin spécialisé,Vêtements,image.png (https://v5.airtableusercontent.com/v3/u/58/58/1791108000000/bpKpfW0-oqVibr7WavK4LA/qSy40IQONZIbYVyi-Lwh786sWn55iJ6DU-OPqi6S4KiNCpPd4e79Qj_TT9CcKPuY_Y5yxNdCwTTsizFadNXZbwvJTJfMVc7vUAbim_1npSje1RXpERi9p-9WTzNeVd5rfqnP9HLN_uQopIag7T-B4A/V2_ApqwXLwjeWV6PMrfd1YpZ_Am_1gYO3GuBcJ16trE),€1642.00,Vêtements,
8/19/2022,"""Aix-en-Provence
""",Marie-caroline ORY,52347311400016,Soins de beauté,Soin esthétique,image.png (https://v5.airtableusercontent.com/v3/u/58/58/1791108000000/a7sUVLQQE__82XtOk6knfA/DBxuM8hUXjBy5p3kVpQo-XbFYat7cf8bY-9rHK2twPh5ccBCkJtQIon6D8VrGnkqTiVD6ILTLhDnVxFSgdREUoW21_mVsX8vHMboFQ2l2BZF0M-GY1aFY2KTCruLcgpcKQgWJVdib-qmoG38z1NnGA/nZ0XZojml6xf9crrZtpMLCTKAVGqZ_FmYrBFvfoQOVQ),€72.00,Beauté et soins,
8/10/2022,"""Aix-en-Provence
""",SCHOOL RAG,41751738000073,Commerce de détail d’habillement en magasin spécialisé,Vêtements,image.png (https://v5.airtableusercontent.com/v3/u/58/58/1791108000000/piTmtqen1vRpfnYSjUacFw/rFInrVLh7DpRJHP527OIgBhtjwoFCGiK5T0CgaXBJk1-ezBw_a2zyTKWQceIjriMpP0iwxpq7JNCMUj8XfcsANWtFea6pheSInyTFWehVlRjz90to6d7T2LGwZGYAUc8666wszj05btgCf1nZIalVQ/ral3_P0cPgfm8Kd3EEnMEszmRHnUNQ5Qj-i5LlYYLUQ),€58.00,Vêtements,
6/9/2022,"""Aix-en-Provence
""",Elisabeth PERRIN (LE CORRE) (PRESSING DES PRECHEURS),30363040400026,Blanchisserie-teinturerie de détail,Nettoyage,image.png (https://v5.airtableusercontent.com/v3/u/58/58/1791108000000/LcuEJZ38xMtp7QGQYOPHNA/SlfVT7np6I3phmLGLg3Wc7Ml6L_UsIcbymagvIACtWGitqQBsUFcVKos6HcvW8I1HnJq7AoFdJr3Fu5lrwSJzXjRnA5s-MNfbGu3se-3AqYr5JmawqiKRUcN_AuAhkUBG72YkCd9aK3rnOIV4sbrcw/oJG3a0CaJ187lH41o_gNUhKZnFUiU51dxihe96b2LgY),€25.00,Blanchisserie,
5/27/2022,"""Aix-en-Provence
""",APRIL (PARFUMERIE ATHENAIS),95042524900550,Commerce de détail de parfumerie et de produits de beauté en magasin spécialisé,"1 fard à paupières, 1 bi-sérum anti-soif",image.png (https://v5.airtableusercontent.com/v3/u/58/58/1791108000000/uoDFyr7ZJ0mhXjKxIvO9QQ/ffn7QZZbECZ9JayOMaGPSNxau5BzVLPsfp3a-0p2NvqYZ1A4NkoJn_vq8Tf6tqX91P3BgcBzTKarIObTK3Y2MyY1zDeQTiREgn5Zy3D-rQrJ-XmTxWXth3mjmnc0rHhfkFTLi5PhA7fb8aC3xwW5mA/i-QOlSnM58I1UOUa44Ld8LKXmHbeZ1BBKjlm07Fffgc),€68.54,Beauté et soins,
5/14/2022,"""Aix-en-Provence
""",SARL DIGI,35051653000028,Commerce de détail d’habillement en magasin spécialisé,Vêtements,image.png (https://v5.airtableusercontent.com/v3/u/58/58/1791108000000/-yBiVYJhZWc5-X0ZKV0Fzg/9hCGUA78GLSRChXYQjVIkxsS1sShh6pEJX4Y-pFNrDhHa1FuaNj0NtNbQ3D3IoZT0DgGdNGmcT3pUEk-Q3FylVHqlCoX4zL1LxG0EhQZRdFdnZkht3oeYcnqWsckLWebwHFwNWDf3ggCysyEA7Dgpg/X0h4C84kND4fMEDjW7Xi2tAxBkTal7wp8cz8gB17PX0),€1480.00,Vêtements,
5/7/2022,"""Aix-en-Provence
""",Elisabeth PERRIN (LE CORRE) (PRESSING DES PRECHEURS),30363040400026,Blanchisserie-teinturerie de détail,Nettoyage,image.png (https://v5.airtableusercontent.com/v3/u/58/58/1791108000000/gqJhB6Pa0UIYmba0DK5xdg/ARt6kTtzequLBD9drkhMKUziPCfKo4F-dwSeD9qq8YGiKafGiPAniKkubg7_Poobx2SobVcQCQx06-Q8ya8YQMNBdObyjGtysYVdM40CcHt08CAx-FITdX0LloQnbJOW7iodoGMibKA2Y3h_6cj7FQ/BtQAgGHp-BV0mJrAzm2Yr4iBErtiz3JN7B9Owea4puI),€70.00,Blanchisserie,
4/28/2022,"""Aix-en-Provence
""",KF ARCHEVECHE,39930361900023,Restauration traditionnelle ,4 couverts,image.png (https://v5.airtableusercontent.com/v3/u/58/58/1791108000000/F0jSHAcoSs3f5v8HiLB9mA/3jKmvnzPBbPfBRuTQhdPyaqciXB-N7ot4_epXAmPT110sQq-jGCQIxGocNSCtJlQLXAWsAvSJXvyjOFQvF9WTriwuMTIw6y2-nAuDMYRsWpMZVRdlyCfjHudkDGV7eQ8BDVOV-ufIv9lxW_HgnqE4w/INWUjwOkoI4osvIu-9c-0D3J97RNuKSlWHDTDtA7dgI),€119.20,Restauration,
4/27/2022,"""Aix-en-Provence
""",WE RESTO,79350926600011,Restauration traditionnelle ,Plats et desserts,image.png (https://v5.airtableusercontent.com/v3/u/58/58/1791108000000/qaVdUqvc6KimKMnZ9a8Ljw/8cxaGZU7Gt7mCoMJA82LKeO37eUpyy4c6Z_9BV73pjMMCwlBZ08LT5J2AdmfSNdtD-QKONWu7G5odyBqK8vtXut2lDvwKtAVc4pSPKLFYRS3tuE2onzFDPoW5cH6OUP4xECKxq3OSfChpTKi998_Yw/-M_8U0rubupKVezbYRWmI9NdB0x9EeCGIgzJ96AKQmU),€180.00,Restauration,
4/23/2022,"""Aix-en-Provence
""",FONTAINE ROTONDE MIRABEAU (LA ROTONDE),43033271800021,Restauration traditionnelle ,6 couverts,image.png (https://v5.airtableusercontent.com/v3/u/58/58/1791108000000/ONtEn16KLP_vGJfMnH9vKQ/FfL90rAmaNUgvUHF23pdjR445vlGLo1Jr-DgkGa9S1HZIljr5d-H2wHlmrA_rgRpyEBRR7y-V52s0K-7_eJf0q9fUrTvF-j3FuXt-n96_akympH-OfN8XRzbqFn5Q8pnh65j7t2MGvYaLlarAx5JKQ/nssOgoMSZdcO45ZOdRx3a0u6j_E70BmKWGCn5B1i4XU),€338.60,Restauration,
4/19/2022,"""Aix-en-Provence
""",Dominique MESSALI (CHAUSSURES CLAIRVAL),44039301500019,Commerce de détail de la chaussure,Chaussures,image.png (https://v5.airtableusercontent.com/v3/u/58/58/1791108000000/4ldCQm8OZSd_91qqmcuL4A/8uQBHwPNawQKKukk9o5fZqn20F_AZ1WGcRaJhVu8UwYxUM1Prowhk1ULPRq4AAKLNXCy35hlmQIq4Vu9Y4T5w_Qg-1x2Tcz5lZIjC2ZmCy3V7CUPdVysl4Kiodtwk9af3Vo3SEGciBmsJZu6agWNJA/fstsUQhlTNOC33hA4uTpmvdePXM5KguyXqcyGdajBpI),€199.50,Vêtements,
3/19/2022,"""Aix-en-Provence
""",VALOUCILS,83132818200033,Soins de beauté,Formule glamour naturelle - comblage à 2 semaines,image.png (https://v5.airtableusercontent.com/v3/u/58/58/1791108000000/sBi81dUctUw-qS0IOeVkVQ/kVf2lcbtDEv5l4H779CHc_2L0ivbmWkFRQHSfMk6M99ieoXMjtQGANHmuU9ONPcW2gLqDAeYIHlcUfz0rBq5BIpNpdTGS9yYZpBq3ODqhC_YlS6VfMXa__dCOGlNGKNiXkLEJIUnyWDFj1H1RpYnqg/K7E0_qCASmrd0mBPLlrIhgY15CN88VRbYaIc9gTsJxM),€70.00,Beauté et soins,
3/19/2022,"""Aix-en-Provence
""",PARF'AIX,49512946200018,Commerce de détail de parfumerie et de produits de beauté en magasin spécialisé,Commerce de détail de parfumerie et de produits de beauté en magasin spécialisé,image.png (https://v5.airtableusercontent.com/v3/u/58/58/1791108000000/IU6c8QucaypSCTEE0cCpLg/sLWb98EBjhydVUtanwyF_8YLjoKzuqxV9MtJspdev79mSIwhCr-ldf4xSY5yg96hnPtiOGWDEP0BCuMmH54JckmeuUUXfX3KW_inC1RHpPoS-gE4vsST2eKVsFSDI8iSUtM_W5MBA7Nl7UN2FD6I-g/CG50OuS7aS1QewCiVWyXg4XamT9rCMWyKUwW1iOPBQY),€180.61,Beauté et soins,
3/5/2022,"""Aix-en-Provence
""",VALOUCILS,83132818200033,Soins de beauté,Formule glamour naturelle - comblage à 3 semaines,image.png (https://v5.airtableusercontent.com/v3/u/58/58/1791108000000/MPe-2Ly4uPX7tMxOMnGx2g/DGhLGid3yLYrJyZSKLSstVdxLY9r4alaMiok--LSi8joVZofczU5DHi9IYa2mydE9eZWRGnSgLeeD332mwCs9GJtTHZjIU-NipyLFYpg0FeapKaLY72odPCpXCoi6hu4t2MFhNE6nr2PzLrP-f0WxA/FMCPcBgXEw2ZkZEH6wHugN2U1AWHdexgASA97Fc9SW8),€70.00,Beauté et soins,
2/21/2022,"""Aix-en-Provence
""",KF ARCHEVECHE,39930361900023,Restauration traditionnelle ,7 menus,image.png (https://v5.airtableusercontent.com/v3/u/58/58/1791108000000/FDNtDod1pWsXsXh9q5_amQ/hfQ_maU0_GCDTNo5w9Cc96W9i08HLtzpDp0x9Wy_p4UR8AdiwQ5icdO6XZVGHMogKSZuGDp9Ut0z4SZCTc1QbAUvaUgO8G1TCZQyKS4nkSlc1lF-Rdz3dyTzrD28rmWx1gLu_7oLdv6fdk0dQENO8g/auELOmYCcSCd6FF4UispmRsepvX8vRey5dgOHDssUnA),€267.93,Restauration,
2/14/2022,"""Aix-en-Provence
""",VALOUCILS,83132818200033,Soins de beauté,Formule glamour naturelle - comblage à 2 semaines,image.png (https://v5.airtableusercontent.com/v3/u/58/58/1791108000000/xSDVx_qQGV8lAUgVRbTIUA/o4HpouICEEc-PlF2z7OxdO_9DcCdkhWPi_rnnUu8lGWidUCEq4sHi2RN9Zy6Kblj60-P69WrqEHH9nOqntTm_XeeFFVXHSoB-JZ0DpwnQ5BaSz164FYvcgcVDQ0YGEsGwdKMIvUtGh2lGZWh1OE5Ig/ePGdQN0_sIXJ9DH2KTH45SD-xqek4pIj1O5DHwKBEbw),€70.00,Beauté et soins,
2/14/2022,"""Aix-en-Provence
""",OLIREM,80992880700027,Soins de beauté,Maquillage,image.png (https://v5.airtableusercontent.com/v3/u/58/58/1791108000000/zciToytHN4op2yh0rLLNAg/SMeR732WRrS_oaMH-2jcPSSVY-w_EMNMFzr2S9oQWgjxCGGviQpdUr4mpixPN-yOdtia5MXjaFFlkLtA32qQ_e-hYscifWN-b-aogBsXl6U8WwGBgbdWnlJZzkDtP3KoTrojVeM6YamlWXygyKXADA/0hShHSagjXsQQZjyl5BBZQxcDuOLmLJvXMjpNAoRg5c),€180.00,Beauté et soins,
2/5/2022,"""Aix-en-Provence
""",QAIX,81230717100015,Soins de beauté,,image.png (https://v5.airtableusercontent.com/v3/u/58/58/1791108000000/6qEdHfOCcOm9MX2LJcbOEA/H-IpR0_vHqHuh2WfdJUJ04bd51eXdv_vFNTXpf63HkQGHI8wB8JnNd03xfvm9UCj4OhWYZE3dkHxJSwJfdTzo4xd6NXDtk5copXoiCyIS1oYzBEd8eyOyjCGU2w2ceatHnui5Poh-NHxodUs_LFwYQ/Eh_Q3CfDMUTQBu_n0715OEETbqRYKocMrcFytKHxEz8),€238.00,Beauté et soins,
2/5/2022,"""Aix-en-Provence
""",VALOUCILS,83132818200033,Soins de beauté,Formule glamour naturelle - comblage à 2 semaines,image.png (https://v5.airtableusercontent.com/v3/u/58/58/1791108000000/NpYnFxL2s6IweHeESSn9hg/Tu1_0My8Vj2keHK5OdftLeZg8i8wgLvoWQiJmmX8HBc1R1dV0xQ_lAniaB0Ylm0ozr3dHPJ4HwOAHL_DXQHstDYhz5wTQnowWZHqu7U8UuBZtalVfqYUuMEJdmwt8zy4mBwG3BwClMUYm6AF2PZLPg/Lq5H29aiX4wRR3aan86Hssy4WxPf9Nx4Xdtwgb4Xayc),€70.00,Beauté et soins,
1/28/2022,"""Aix-en-Provence
""",KF ARCHEVECHE,39930361900023,Restauration traditionnelle ,8 menus,image.png (https://v5.airtableusercontent.com/v3/u/58/58/1791108000000/MaLm1uycTwJF_EVJBgS7tg/VALV2ZmsZ2nvO-VsaGekg8RVYd7HKwYajcuWFMA-XPqEVsg9cnIxlloPsDD3AoaKkzjrZIZg2rau3H_n5YnOoRRm8GfXTw2Zto_FQsAwB5_zwNL9Vll8zutmaF58zK8NtpMWzS44fiWeaTrr9ppQgg/cKsL-4q6lxu7vW-Ji6Yx7qHdnY_e0k8tyC2pDTkNZMw),€253.20,Restauration,
1/15/2022,"""Aix-en-Provence
""",SCHOOL RAG,41751738000073,Commerce de détail d’habillement en magasin spécialisé,Vêtements,image.png (https://v5.airtableusercontent.com/v3/u/58/58/1791108000000/yM-8Bls2fLJ19Y60G0HT0A/tmpYyfMGHk9eXD0OUrno47jrchKRRzh2Sb479pxhofKsrZ-v7RHBUReAsjnz8-1J_JZ4dLowu30RxdSBm5DZTm4YP2aUKSGSd__pf7OwlWf7-LJ4U_t3NWQJ6sF1Om6VQL3QKqHe7YDx4sic_nP4dw/wIGwGFwxiftAj4TqMnLQQICQ6BTmHIdjNjJjzhdb7Gg),€245.10,Vêtements,
1/14/2022,"""Aix-en-Provence
""",VALOUCILS,83132818200033,Soins de beauté,Formule glamour naturelle - comblage à 2 semaines,image.png (https://v5.airtableusercontent.com/v3/u/58/58/1791108000000/Xzgl6tpNMDk_iOReGJm58A/OGW1VCH_ZCtBuuQQdDw0k23TukUfYjb3_QfnT2ZfhllpqpyTzL29u_fB-B2n6oSgIuUIz4Kzc-ai1YFda78sred6lKLAJk8qcBIkYZT62qGkVIYAnKF-4dD01lFtX9_m2YihNiCJhfO3aimk_irANQ/LXRmmGf2fFgJmf0NzgANcv-rGFon3zIMixnO0EVt8vE),€70.00,Beauté et soins,
12/31/2021,"""Aix-en-Provence
""",VALOUCILS,83132818200033,Soins de beauté,Formule glamour naturelle - comblage à 2 semaines 1 et réparation,image.png (https://v5.airtableusercontent.com/v3/u/58/58/1791108000000/pkWitaydyUlcafP4GK3ITA/WPjGF9Qu6PFHeACPRCXJteK4wwbof2PD4ZVyM2I-I6jtnYB4ZNBqlYX8PIus2-3-cmluTFC7h9eQ8hFDrE_kHJbtid-hQAserd2GteQnd-ofdeMWHgutYgeyGaHXmvlYl0WdWUMW-I2Ra6CZ0cd7cQ/bYRW4k273ObfGLBYSC39ZoKNxr82lHW8HJopHF24mXI),€75.00,Beauté et soins,
12/18/2021,"""Aix-en-Provence
""",VALOUCILS,83132818200033,Soins de beauté,Formule glamour naturelle - comblage à 2 semaines 1,image.png (https://v5.airtableusercontent.com/v3/u/58/58/1791108000000/xlHnnOGxyPxUBP5fx--GsA/al6OPwyLiirOByuE6wK4m0C8SVUPPnTbsdAcZyH3dhnXFu7FOGqAjmUJZD_idNj82ANwxIiwcHxeBAaAFh37pP5YL6ce9mu3lNUFyeVAf0hXEVNIuMuXXtFHAvhmDc0n9SJiHUiokksVRX3CxKF1uA/Jr__RRq83u3sTwUCw6ZqrS51HcFgV20xc6ndsUVMtYI),€70.00,Beauté et soins,
12/11/2021,"""Aix-en-Provence
""",Marie-caroline ORY,52347311400016,Soins de beauté,Manucure,image.png (https://v5.airtableusercontent.com/v3/u/58/58/1791108000000/OGT8Igi3bw78s_ozv0tAwQ/6N8R3rALhjXYqwL5rMJ4hJHONJRXmh3iBl3yW_psV9BYLmi7AAnc_HS0gqnIN4IywDaLy746jInfr8I8TSi27RKKpCM8IdsHK7HSSam3FaoTy8agiBh2Av2eOnPnWUX08Ix9OcCLNOxZDPDG4e7qTQ/fDQ02SeQwdB9Yodc7Ju5URMwIOySVkoO6nT_dLwi1t8),€45.00,Beauté et soins,
12/4/2021,"""Aix-en-Provence
""",VALOUCILS,83132818200033,Soins de beauté,Formule glamour naturelle - comblage à 2 semaines 1,image.png (https://v5.airtableusercontent.com/v3/u/58/58/1791108000000/PEWm-bRo4iwm2AqgL9LkQw/84THpkDI2c7r_3hANkXsag_v-sky9YN7mTezVH-Z3ItxtR14rgeHzdE6pYXzzaMaMUWylGIrXmNxKBmnz9FnPf-nt0HIp2Sd-dgDTfHKRXS-tvDVVGVSFERKtV9wexV6qyLSRHeYYZ4lQBl0fNtYmw/9AD9JJEPVkAzf1uitBMzdgbg4IhlWhzEoOkWZbDLbmE),€70.00,Beauté et soins,
11/27/2021,"""Aix-en-Provence
""",Elisabeth PERRIN (LE CORRE) (PRESSING DES PRECHEURS),30363040400026,Blanchisserie-teinturerie de détail,Nettoyage,image.png (https://v5.airtableusercontent.com/v3/u/58/58/1791108000000/vdixqVJwIt0TZGfZR-U1Yw/XqCiqWWe5S-CD3OT8ca6sg6A5kGIE66Mt9Er7yn_KpyENfGkPjxBkvrQTEulWc5tRLQp93KwBilUW_gHaFyHWbkonCF8bPxEMUnYhHV1_lu7ycD6TTViVkdLdQ8o_UKuq4MYyioRp8shKxNMfVoGHA/3aNQhSJVOILMzQ8wa0dGa8gFqopWuoz3D8aId_H4qDA),€80.00,Blanchisserie,
11/27/2021,"""Aix-en-Provence
""",SARL DIGI,35051653000028,Commerce de détail d’habillement en magasin spécialisé,Vêtements,image.png (https://v5.airtableusercontent.com/v3/u/58/58/1791108000000/6q_k0Xf7vJD6Ijq1pv3BmQ/0ZMnBH_vsu316qauORX_g-hxctQnBU3uuI7cd5kzxZdvXKIGvnrLoOUWIut2wNpWRt_qy7q9lTw_MnMMRTPjJkSZ8DCLgP1s6VCihc-D5wl57ldTUOn56FZFN9ybcj5EmdYE1pJQRnm2o-596LsWkw/dIkOqHaLAwRLcN5dUDJ98SdEEwUrBngTjiwKiqRjbD4),€950.00,Vêtements,
11/27/2021,"""Aix-en-Provence
""",SARL DIGI,35051653000028,Commerce de détail d’habillement en magasin spécialisé,Vêtements,image.png (https://v5.airtableusercontent.com/v3/u/58/58/1791108000000/zuUCcwqGy6fzYzwy5Geg_g/DOnC2hRuE046alREAXOXPeLEsLC5ln3-ctETCO2MA2iPmjD6RwoNmK5pgy7lH-IDnunDEg_0RL6Bru8SKx6sgRCfO9HmIGKREKaWL_h_SXhWYgSIZMd-1zENvnglFLtDTKOLCADdtq5VSP8Xl6wRvQ/F4HJa4NVnpEXC6hd900luVzRht2fPWv_7G47G8s8cfk),€440.00,Vêtements,
11/22/2021,"""Aix-en-Provence
""",KF ARCHEVECHE,39930361900023,Restauration traditionnelle ,11 menus,image.png (https://v5.airtableusercontent.com/v3/u/58/58/1791108000000/6FtS-BnsW4uj0DjLKd8cSg/L7Svqr_4QfKNcEusRxhb9GveSG5UVueN-4wPQc1fqJZNMjxET6JnJnQqzOfrkzX7dtnL_jUbLz5GkTPpUCcPI6SUUrxqAQBEPlfFUc9Ve3SogIzQnotpWS180drPMBFrsy8y28HeMEDZWfoMuGfXDw/y5Fp9oEo0FD60IHxemLigBERQUXIWOrWZOS6rOoLYyA),€330.00,Restauration,
11/20/2021,"""Aix-en-Provence
""",VALOUCILS,83132818200033,Soins de beauté,Formule glamour naturelle - comblage à 2 semaines ,image.png (https://v5.airtableusercontent.com/v3/u/58/58/1791108000000/uJ_PofUucWO8a1R5eYETtA/wfYYjVM0VOOhu7nwuYC9baYeYGL50404BXBb_SsA2lZfigQQmnBD-WpKrDdtCkVoOiLiPKMV7BB2ckEdXKIp1WWNxkFtH89zLei2MIGfnKs-0yeQVwOh6GLYHdv3hdRs7bj-dC3EC4hni9ZovluaXw/o4jH1gv9_ygyRzZ5kI5guZggP_0XOApgfNjZhthoTTM),€70.00,Beauté et soins,
11/9/2021,"""Aix-en-Provence
""",Havas Voyage,37753329401682,Activités des agences de voyage,Billet d'avion Aller-retour Marseille-Paris,image.png (https://v5.airtableusercontent.com/v3/u/58/58/1791108000000/b9aqeZ8IqZFyjJ7marI0YA/bcvJdiR_HJJdHg9C8u3GIDCLHPuUDXbsPKDgkQ5p8oj7FG30JIB9Ox0b3UHsO7J5UYiuK6tl-4Kdrm7pU-p1mFW4EhI8TyxvJgphTUkpOSFZ_GGAYRt3GpBY-zPutEUvO-OC3HGaQyJy_mMzm7c1lw/ML7Bvg2w6meA3zxDuN9S6t6B9acPhzJpjrGkefG7r4A),€403.56,Transport,
10/23/2021,"""Aix-en-Provence
""",VALOUCILS,83132818200033,Soins de beauté,Formule glamour naturelle - comblage à 2 semaines ,image.png (https://v5.airtableusercontent.com/v3/u/58/58/1791108000000/FhNMGxUQcrO0BZYMZXf3_g/olzJREA8M_-gpFVZuvHjuzHPFlh2MGnx1d4uLf-Wn4cpDeRTlakQQoUtVeZxqTXMLd940qPsku-PChyghxB8CX6s14gWd9Idjo64f0bg-BYTwogXnIN22abNQT9qXNk2ym-eDCqDi8vJkkyfpiqmAA/sfON-YVWLazFzVYpzOkbcANq1_JkZl3SFQXD-0lNkdI),€70.00,Beauté et soins,
10/9/2021,"""Aix-en-Provence
""",VALOUCILS,83132818200033,Soins de beauté,Formule glamour naturelle - comblage à 3 semaines 1,image.png (https://v5.airtableusercontent.com/v3/u/58/58/1791108000000/8J6-NkByJyd2uHV4qRg_aQ/_Fel3kYR40BSiwJihpFBt3EFJq3f0llfUVjJsXJtA0Qndn3S2bu6wdtOzfyNMhWbzfSpGaD0LcUJJb1urLSiUv8MWTM33CgRz-VEv88XceIuHa2_erSnF3e3XrMZft9gaOGt6IzgGz8wdkPeJ1i4JA/iY548cIVAStYhBIp841Ee5TXjH5rweGwvnEUeJq8rac),€80.00,Beauté et soins,
,Ambérieu-en-Bugey,AUCUNE NOTE DE FRAIS,,,,,€0.00,,
8/24/2021,Amiens,SARL MYS,80212549200024,Restauration traditionnelle ,6 repas complets,image.png (https://v5.airtableusercontent.com/v3/u/58/58/1791108000000/wLexHrEjDbTzRd0ddot7Hg/VdiA3eQEzDLuACAiIlPA-HTtk24lQ9Lv16iJDhAETE-G5iFHoqA9j6mbJrEi5WbG3F4VXXbyBzCBqsG6L3L5W8DMtbtie7UNlumMsAO5wOrHjLnPpuNwKsW6fNgmlvQESG7lbvcFPy2YOBHwtWGGsw/OttdPPeUevE_HTJNZttz9tf9pwVtAcvcPcPWFfJc-DQ),€194.00,Restauration,
10/22/2021,Amiens,SAS WIOTTE,40254969500011,Restauration traditionnelle ,"1 ficelle picrde, 2 entrecôtes, 1  onglet aux échalotes, 1 steak tartare, 1 meli melo rognon/ris, 1 plat du jour, 1 badoit, 1 pression, 1 pichet Bordeaux, 5 cafés",image.png (https://v5.airtableusercontent.com/v3/u/58/58/1791108000000/w27_-c_AMrLH0xhtMStmcA/PDtlmUyc5AbYHy_jebPzvmoCqIvTd_FFuTwoQMkBGznCiAck4pqBBCouTVuQouetWVssSTYMqyLsCAKz7nU77ck7hzA8Kuv8GYDnwJpCsQZqaAO5qUm8taSiTKr_Nt1xDjemCwceuFXVVzRUHrK_bA/NVYTl2JDOQg00SYvDCaJCciJEjtq_cXHNabalmh5xx4),€144.30,Restauration,
11/19/2021,Amiens,Duca & Friends,,Restauration,Déplacement Luxembourg : déjeuner,"image.png (https://v5.airtableusercontent.com/v3/u/58/58/1791108000000/ligqauxK23q9M1yj_mk7cA/v21D-sV_4Qgu_h18lqcfjfd-khvhyKYwMflsIgqR4hncf2ZvgvlhOQ3Jj8QO_iCBmtMCu1wS634x5Jj-_gq_Ris05kyo_eBPw0UmP6dpCk4lCFo1OiAnihsThlX69l76F8xKYdFMvhszHhhPfnNslw/CztjeVD8mle_Yp72BosdVpFpCVQLPRKOW8pvH5D3qKw),image.png (https://v5.airtableusercontent.com/v3/u/58/58/1791108000000/Na22ErfFLAajMACD5jZkDw/AP0VRB234lR3UgfgXAP2aP15kxVbxJrVk-0uhkPYhmh9U1puhTPZ8RYgQDrWiYtiK43U9Gej3oYKKPHFQPbAEFkhkzg1PkpNyrmcUyCg0Em8RjjICaZehUSxDxbd18HSL32oIfoyg0Th0NPwI0q7tg/4fDeUi34bE2a9kBZ7Hh-xRF_wLZN_x5CXu8dayoUD-Y)",€246.10,Restauration,
11/19/2021,Amiens,Urban,,Restauration,"2 eaux gazeuses, 2 espresso, 1 pinte, 1 bière, 2 twisted cat, 8 plats, 1 verre de chardonnay, 1 verre de merlot (déplacement Luxembourg)","image.png (https://v5.airtableusercontent.com/v3/u/58/58/1791108000000/UDbA5QCiyrPRel9_yqq0UA/vE0DDgYhuiMunHOJjiHmPMdphe6Axpmw5Z5GTSrLxF5n_XtAgCvw3jqjtX5dWDg6agj3B9tdsfgnqb2p5jVhfZwHCLOAWkd75t97u8un775SAY8j4AoF9UzrAw_4LSXvpSccuy39N9ZSduTzEFLalA/CMut_po2qv9nxW6oyOFQ_LL-W66wxqXnNRmlWAm127A),image.png (https://v5.airtableusercontent.com/v3/u/58/58/1791108000000/Usgs1YL3t_ESBC9mGe97yQ/j5joFLdoFBJkQ6H1KalBY5-iBDhk-u98AiqlARBNukqFfh5LWJk4cciWK1Py0anFAs8hFN5rFUevH4R_UgjDwCb1ND2P-5EZx8dgGLD9VLn_dibljwnkLAkaAPvX7aoI4wQ3ZD1-MizwH7TbSJKp7A/tTkdc6EBZa2ictB3U31QhUa83ojb6xDWAtmL9dBvIu0)",€196.40,Restauration,
11/20/2021,Amiens,Bar La Clauserie,,Restauration,"9 repas complets (déplacement Luxembourg)
","image.png (https://v5.airtableusercontent.com/v3/u/58/58/1791108000000/c0iI5ZZC-d3ybiaWwk2aYQ/3x-PZlxW3Ey_ycofRbPu-Lsb02zIaT0cTqLqjvTjRzN_Ge5W6iwWCzUlhXFrlkvY8RURRdxv9PE8pUC3cjohbJC8xLJ_j-mLYAK8FcChzufvezfy9qKWec6ie-34y_P_MvwC5zFDzE5ob0E-al8FXQ/za9aAUeUmwogtnq1MIlc1S7re8vqCg4pHNDVdYSHihU),image.png (https://v5.airtableusercontent.com/v3/u/58/58/1791108000000/uYk2vF8oMwciWiy0-LC_PA/WaSdoMeu-cr7_XkWWC5jAZAnlN0tKIUB6DO3-DD2Lpt6QMMGW-xW_iJ8R0tlRbUkNbVp7VJuYHFeQXuzCKsFtfVrHyGpOW-13iA07t-Oxa_-GaN4-ktgYZBH5G_1et15eHvd0ysnEGUNbA8EPKUfQg/WmbSOvbWvrUjYlfqXnyPoFCwwT_ar9aTS7on-oaAdVE)",€188.50,Restauration,
12/5/2022,Amiens,SAS WIOTTE,40254969500011,Restauration,"1 pavé grillée, 1 méli melo rognon/ris, 1 ribs proc confit, 1 badoit 1l, 1 badoit 50cl, 3 cafés (déjeuner de travail)",image.png (https://v5.airtableusercontent.com/v3/u/58/58/1791108000000/RtGLMrYpZxKC8ppJx6nPxg/1wU60Sw2MSQz3Vr72GMp_sUbIDOSRrIaPQVaULm7ZykyLIj_ULlftI2io3k9HxZSffy7BAb3CPjJ-0Z6ZPBeZitLvm67ZkVrWKkUO9Akh3ZTmIMlpI9NYjxA3OD8dpOrlGWwHMfKHaMuFEKbmZ8j3A/9UlOU2eK4-8IdshesrQbckty09R7BKkgUjl7IGkAeUk),€85.30,Restauration,
12/14/2021,Amiens,SAS WIOTTE,40254969500011,Restauration,13 repas complets (repas de fin d'année du cabinet),image.png (https://v5.airtableusercontent.com/v3/u/58/58/1791108000000/5-x27uOlex3BPVgmrrXN7g/O4xcgHA_GXj8kRmHG_LXTWiLWVmh-444ylxbhWXegZwK7Jv73XV9ftntHV_wY0kSt8XJoylan4YNvuSFo8mBsUWj_CuJGz9yCPTspIDSmxq4joafojT427lDT2NWoF0Q6G14u1bOKcGRQypZ4PBs8w/5mRhr7Vjd2PU4eTZUbfYLavbILD4BC5tr7F5gTlhGmQ),€555.40,Restauration,
1/9/2023,Amiens,SAS WIOTTE,40254969500011,Restauration,4 repas complets (déjeuner de travail),image.png (https://v5.airtableusercontent.com/v3/u/58/58/1791108000000/cSNlMcMifH3MJCWsUTe-0Q/-4XRzljRnkhtAjmhvxmZa4vsZfKPh4u7Iou3NTHGk0gI8Ceey5g-rtkFr00FZFMgfGt6_tJ-i-ByOKUa8rrnEdbRIIKH4q7lILTdEiaAJvWYZPaxhZnK_y_Ddz-sYPfeyefNTOfvuTnu_wdBXhMfSw/3W5Xypsfpo7WWcBtO4IJw8J33kJuiGOKiMIXXGJQQ50),€106.30,Restauration,
2/9/2023,Amiens,SAS WIOTTE,40254969500011,Restauration,12 repas complets (déjeuner de travail avec la BNF),image.png (https://v5.airtableusercontent.com/v3/u/58/58/1791108000000/eBjjFhHx8GBAZ1D0UWCq-A/bnB5CPafkwQdKBUa8wQvPhDMsVVA8uvpJ0XsxhnE-ZtOIQEXxoyBAKFVCABin94DD8Jh1gvS987Pt1q-qwxUikYEKJjpXsJZKT4J1fQrV9yUektNBH-knt122gks4GlaRiOX_CBBRMUnpMVbXoWNoQ/qEsZCE9IPgpQU4WqQypr15O6PBJFH6zF3NXWeiJ3uG4),€350.40,Restauration,
11/23/2022,Annecy,INCONUUS,,Transport,"Ticket RATP, trajet de taxi, repas",image.png (https://v5.airtableusercontent.com/v3/u/58/58/1791108000000/0Da1G0SUm1vMdbvHw8jmWw/doPtUrrgABbb-_UURNNYtuR8zJMjkE7kwNmLDGKdpFxCurgAoF7BKRxTTzTkg-gz5rR8OuoAGwNSk893FU0TlX7fGibRHt-_0vPQe9k8hbAjfbsBc8AisjyM9aGEcCm04ZYr2wFwHv9iEX5aB9eTiQ/ezuk_hpF83g-y1VTK14b3j2FN1a1NC-EJtr1QRJdvWY),€83.00,Transport,
9/9/2021,Baisieux,LIMOUSIN PHILIPPE,,Transport,REMBOURSEMENT FRAIS DE TRANSPORT,image.png (https://v5.airtableusercontent.com/v3/u/58/58/1791108000000/TiqT5MpEmc3y4QnLZSXC0A/XPoQeJRQt-66eNRWKlUAb3KJCENUbdpcOmyllDu0_1mtWEH6QzwfBel7JdRnT4MTnurPeKGiGkx828q3PDK5Nnf0JgW9YiUneoAyb6i0oC50_o1zmH-Tgk3yD_VQXDdGGHdTsAenHIPWan4eicoOjg/KupJXbL3Ef6GgiosspRRhK_2J3MlIc-S0Xv3zQpCfis),€304.90,Transport,
12/8/2022,Baisieux,ASSOCIATION DES MAIRES DU NORD,,Activités des organisations patronales et consulaires,FRAIS REPAS CONGRES DES MAIRES,image.png (https://v5.airtableusercontent.com/v3/u/58/58/1791108000000/TiqT5MpEmc3y4QnLZSXC0A/XPoQeJRQt-66eNRWKlUAb3KJCENUbdpcOmyllDu0_1mtWEH6QzwfBel7JdRnT4MTnurPeKGiGkx828q3PDK5Nnf0JgW9YiUneoAyb6i0oC50_o1zmH-Tgk3yD_VQXDdGGHdTsAenHIPWan4eicoOjg/KupJXbL3Ef6GgiosspRRhK_2J3MlIc-S0Xv3zQpCfis),€105.00,Restauration,
12/19/2022,Baisieux,LIMOUSIN PHILIPPE,,Transport,REMBOURSEMENT TRANSPORT,image.png (https://v5.airtableusercontent.com/v3/u/58/58/1791108000000/TiqT5MpEmc3y4QnLZSXC0A/XPoQeJRQt-66eNRWKlUAb3KJCENUbdpcOmyllDu0_1mtWEH6QzwfBel7JdRnT4MTnurPeKGiGkx828q3PDK5Nnf0JgW9YiUneoAyb6i0oC50_o1zmH-Tgk3yD_VQXDdGGHdTsAenHIPWan4eicoOjg/KupJXbL3Ef6GgiosspRRhK_2J3MlIc-S0Xv3zQpCfis),€102.00,Transport,
12/20/2022,Baisieux,REGIE AVANCES ACM,,aucune information,REGIE AVANCE DU 12/08/2022 AU 14/12/2022,image.png (https://v5.airtableusercontent.com/v3/u/58/58/1791108000000/TiqT5MpEmc3y4QnLZSXC0A/XPoQeJRQt-66eNRWKlUAb3KJCENUbdpcOmyllDu0_1mtWEH6QzwfBel7JdRnT4MTnurPeKGiGkx828q3PDK5Nnf0JgW9YiUneoAyb6i0oC50_o1zmH-Tgk3yD_VQXDdGGHdTsAenHIPWan4eicoOjg/KupJXbL3Ef6GgiosspRRhK_2J3MlIc-S0Xv3zQpCfis),€373.80,Inconnu,
5/12/2022,Banyuls-sur-Mer,CONCESSIONS GARE FRANCE PARIS GARE DE LYON,52495923600158,Restauration de type rapide,restauration,Screenshot of madada.fr on 2023-10-29 at 18.11.32.png (https://v5.airtableusercontent.com/v3/u/58/58/1791108000000/O7hVpbU0cqJpeD_fEzJQNQ/7gERy_Ht6lRxmRvjDZCCpXr_bj_vKe1DP55Nf3bEHb9IzKMqSAarKviTpkq0Th9Y2KRVN7UaZ5hfOu0Er2LRqDwlVBA40z480jVfFEmUlxfrgdzEFrl6860y-h5WyefyJvI1TWcxu_mXc5_EwGIkPPl9x6Ah2U_beNUDRaFV38zS6dLh3IDdrsmd4bISKg5i/PRtQtTmF7Hxbmr3ZUuhdkHjtRaE5JTrDkR4LdGg06Hs),€22.90,Restauration,
5/12/2022,Banyuls-sur-Mer,CONSTELLATION HOTEL DU LOUVRE,79133970800012,Restauration,restauration,Screenshot of madada.fr on 2023-10-29 at 18.14.07.png (https://v5.airtableusercontent.com/v3/u/58/58/1791108000000/Og4n6bMi0aJT3uTMl4oOCA/p2Nt6IzZo47oeznC8bvc_37W93mNTrhfR1kCdyulyZ6sY4_6_09nWaeXBpeqQlORsTzLqhqQ4RgyP0zLCEkkEvMgJ4chshnG5zIN2mBWIqwWSvJO8XHhDF3DEKj_EHAS_zT_DtDojuoAVf6PDh6oY0ACeE-nZhwS7yHrQWCg9t2n0AMeMeBgeQGLPJ09JOeU/lxBv_rnZauvDHwbZr_d5Sj0U1r9YD-WKKUoh-nuSKKs),€121.00,Restauration,
5/11/2022,Banyuls-sur-Mer,LE PROCOPE LGE,81880791900027,Restauration traditionnelle ,2 couverts,Screenshot of madada.fr on 2023-10-29 at 18.15.18.png (https://v5.airtableusercontent.com/v3/u/58/58/1791108000000/Flw7DBBUSta3LUlK8oXThA/yKFjzDOCbandjIpdvATrnilenLd-aD_b27AqBUZPTTZZxzWZqMfqaiwh-QvtGakT2BqeRqf_iaZUAlqpDWEIxboffoYDC77EBtyNVKjIqXSGRWW1ZKy6siCk8W7O4TQbK2rxbizviXyOBz5IxCemD72NtmYmwpKCEHdpIOo2DtFU9zE4KbrlaD0dqM0aHt6r/XRE7fk0jhLLYNU1If7DK_lJEK48RklC9QiMkuWBp9sA),€135.00,Restauration,
5/11/2022,Banyuls-sur-Mer,ALIMENTATION SANTE RETAIL,84810278600094,Restauration de type rapide,restauration,Screenshot of madada.fr on 2023-10-29 at 18.17.35.png (https://v5.airtableusercontent.com/v3/u/58/58/1791108000000/aN-3qu_Z37RrylLRj1OLSg/BDstDXMqc0mLf4kEvsY34PxJ10o1DL7AWdsyccDlJObd9O73XlSDqXHgrbeoEvKUz5tiGHiJQk5mw7QCoCRLHKdBh1CZ61RPESDxpJymFf6Bn0ZqjWKt84MT9MIMqcXbgWyp19ubyMhlOijDnaZK2DbpsE6s1XJVu2_6jM0jEFT3AioZ10Ww23t0K7IyElPI/sVtoj77MJVmoHJ31zS9vGqjLhGAeV7gc6FvvedLSBHc),€31.80,Restauration,
5/11/2022,Banyuls-sur-Mer,RATP,77566343801906,Transports urbains et suburbains de voyageurs,1 carnet de 10 tickets,Screenshot of madada.fr on 2023-10-29 at 18.18.48.png (https://v5.airtableusercontent.com/v3/u/58/58/1791108000000/Kn6VQDZI1PoBx8xHdWVZTw/zmODaOFGZAOUqRNdb-UebOolISz6FbIHmRLkUXNzu8jh3bsvvWFkYpS8Um2Hkpj_FBXfyb4Qlit5JLwxuxc-876OWu4qX3gxp9EcIKVhu6G6dgbtjp_AGnfflABKWr7vBXTt_HfMHeTGD1Co31lSFQ0a-E_6ayxV0acEnfPh1N-1eFL8vQ1H725BgMfipwf9/DwuAqUyVfutcSY3fRTSgEQweLFpZEOV-ljpqOo_D9RU),€16.90,Transport,
5/12/2022,Banyuls-sur-Mer,SOCIETE HOTELIERE PARISIENNE (AGATE HOTEL) (SHP),48276176400026,Restauration,2 petits déjeuner et 2 taxes de séjour,Screenshot of madada.fr on 2023-10-29 at 18.19.45.png (https://v5.airtableusercontent.com/v3/u/58/58/1791108000000/TQRI6zVYzEAJ2MFe6uWr1g/RUIiJdxfhzm0ErWdSWLFK85fmRFxP3TXsOCgWswL5Mf43rprAZAoGFV_1i3H1Pt09VCGMsgKodCg7SAHipd4HLWrn_5amCGcJBZ3NH_IGDR_5zM0n-jpOXN7BUBzRHeh-xYNvBQumzpW_maULxGNEDKmKn4uidKLbLMggBABsi3s6_m6NvuYi6Pm5x6fqtNE/f80BvJTk5hCEIUfBqEFLcWYuwUQmSkx_hG3Yh9HuAiY),€29.76,Restauration,
5/12/2022,Banyuls-sur-Mer,SOCIETE HOTELIERE PARISIENNE (AGATE HOTEL) (SHP),48276176400026,Hôtels et hébergement similaire,2 chambres : déplacement Paris (rdv ministère de la culture),Screenshot of madada.fr on 2023-10-29 at 18.21.34.png (https://v5.airtableusercontent.com/v3/u/58/58/1791108000000/IjNnvPYcCkNpbfFWB7lA8A/V8IhKyJH7J2dvfafK4BQp2n0eqawUeGBJnSRblwLKOPeFt7c6bzGRfdluOUXFEHtSDaC8MMuNMsIQB_u1FljHr_Lmb9HmzcLOeUKWUPkCEvwiak3AeWT2zVB-mfaZJfvOOCZiN7DxJqnVPhYQMgA9PCp-tCLA3fIrpjEc4RNUPSmvVPnNH-qXyeLUxnxam0U/HFa8f1NInJ8zIdN6f5QrZXVy87aU8gGR_coHCs5k9xQ),€260.00,Hôtel,
4/28/2022,Banyuls-sur-Mer,SNCF,55204944776279,Transport ferroviaire interurbain de voyageurs,"trajet perpignan-paris AR : rdv ministère de la culture
","Screenshot of madada.fr on 2023-10-29 at 18.23.12.png (https://v5.airtableusercontent.com/v3/u/58/58/1791108000000/Wk1lP6teYd3etCe5G5O1JQ/uGwvUlHukNLD4hdAPwSUZ1spxOHSolHX7tBnMZjyKL4-cvmZ0XCYGrvBPY1uNdz2HvstO9yL_A8CfaKpyVGJ5bLjDsGm9EewOXoDhfHyrcuaE5QgGzE9m9TzFiiu4J1tKrDgxnxme0D3AXL-48shjyzVdQeszEUK7ilZe4iBgzg3m4VGacRUs4ahY3p00Irc/tiQ54PJUAFfLva7cQo0xo4hElpfsjZSfDLlY_Cr3bMo),image.png (https://v5.airtableusercontent.com/v3/u/58/58/1791108000000/rtUF_OtIEyaraEpPFE9QVQ/keFnWO0KTVVtJYTLL-TpYqjG-Yykdt5a5QdX7F9DJ3f5CZT9Lw8cxBlVa0WVQCiIRHMdYqbt8xllHiOKQE6M1szNWU2g4P8IlWQv8aocRZgl145hiL7PYkOcgGVAXOupFtaS8USklol12Fx0ThdZmA/VKkkpp_Awc6aJU6rUpZ1S0FLUcYur7xxy2aZySAfK9s)",€458.00,Transport,
1/5/2023,Boulogne-Billancourt,MARIO,53420468000027,Restauration traditionnelle ,"2 repas, 2 consommations",image.png (https://v5.airtableusercontent.com/v3/u/58/58/1791108000000/S6Ll_VqFGljDawun6k0PTg/FdHMx1DSXKdwq6yci4z8yZYekf4Oe2Do2toMzYg_ZwFy0KX2abQ3YDUwpy9H-1ZF0glLwZGjFM_VEK4LBkVJa--oqmebrzC4BSGHAXtL_HTdsv7ztgVMVlI4N7cubR7vUnV9MLLs71b-JK3z7vs-Vw/faOFHqayxTqkqFv0XmJUuzxglwNoloPESzCKOIbG9W8),€61.00,Restauration,
1/7/2023,Boulogne-Billancourt,BRASSERIE DU PALACE,38436212500013,Restauration traditionnelle ,"2 plancha, 2 burger, 1 poké végé, 1 tartarre, 2 suprême poulet, 1 café, 2 cafés allongés, 2 cafés gourmands, 1 déca gourmand, 1 crème brulée",image.png (https://v5.airtableusercontent.com/v3/u/58/58/1791108000000/rGFMIFwyiv3ACiCgNqXGCQ/i-4fpqsIry7iRRhJbsAAbL4tjM4NQmHBiEh4PwyjuNaqOZXTq3ahlt5-v6Jzssb80_PnKmuz02Exa_rKM3VwTB0JAIShlv8jRQZ2fgHdEc_UinUOdSJm_LtxQgreZYGt1pqzWanUm1fPGS0eg9VymA/G_OyGDNBwRKSYU63cEpW88Nf_nFnEmrE75nqTsT4j2g),€148.30,Restauration,
1/14/2023,Boulogne-Billancourt,MARIO,53420468000027,Restauration traditionnelle ,"1 chivas, 2 chardonnay, 2 kir royal, 1 kir vin blanc, 3 erquy, 1 queven, 1 andel, 1 viard brut, 2 liquides.20%, 1 sylvie, 2 mael, 1 emma, 1 marie, 1 patrick, 1 dame blanche, 1 décafine",image.png (https://v5.airtableusercontent.com/v3/u/58/58/1791108000000/ANwwkVJ4LA8IyYYxZ8DTOg/FWlqMe1lC9IMYL7ymrqASKUd73VfvfmCfNZG3IotZyMwD6BH1tVIfxQ8TMkVYfCZ8EUQ1CnuStrtG4EK_WtJua-u0EvWOFeFYGuYZkSvaS0TNmAzHZkabV1CV418eTJZa0rFG78Ehf5vZ2dopYbS9g/hfiYz5hReky0fJjDs0V53xGpcnrtmxRkqWg0iCSxUeA),€258.00,Restauration,
1/16/2023,Boulogne-Billancourt,CAFE RENAUD,51131400700010,Restauration traditionnelle ,3 couverts Timothée,image.png (https://v5.airtableusercontent.com/v3/u/58/58/1791108000000/qIZBDWPziNER0Q-Qj7fzxA/8m2ewco4DIadaX45uOzCsrIrR9wXR2GpULUghX6DPRx2KPRC3Yd_C2sjX2oTVrqqVg--N9DxnbPy61t5-LbqUXBwg8VEzmDtL-bwCgPwuHpBimF_VZtvtfh-t6957KCaxPWX20iJngRFdy4dEyGURw/7Mi2wDJNFCtzsUmUpM781Bc3T_ZsfHGhXdK-HNefef0),€256.60,Restauration,
2/16/2022,Boulogne-Billancourt,Jean ROBERT (CAFE DE LA POSTE),33812245000012,Restauration traditionnelle ,2 repas complets,image.png (https://v5.airtableusercontent.com/v3/u/58/58/1791108000000/fBFads93UjLE5rDxN3yB8g/Mz9qvcPV-NEqxrNcE2D5wcvuKLaadS3xBFe8cjhdNe1nVcLhnjbwTpZSAJPoD5X4bkkX1kVXDgTlVjVD3VXGxo7aJUkQxCOQbYGP1D_cu__xKOKwdS3pE6yqStwN8yTnLrLo7fnBSsljzKNHMHArUg/2BTqdLjc_rLQT8rNDO2IcCGNcUw3pXKVfeWu2o0vdc8),€34.00,Restauration,
3/3/2022,Boulogne-Billancourt,QG961,83049524800015,Restauration traditionnelle ,2 repas,image.png (https://v5.airtableusercontent.com/v3/u/58/58/1791108000000/s7E1e0xfbsQysJZvDY9adA/5jeB36H94BxOYpWfAu-WRx8g9NaF9nFn2V8_8rzVX6csoHWUi_VN4v54aw-kyRdqVD-2JZgi2rXDO9Z-c0BcUnS30HRsuf2kG5sEG-gGgqM3KbGO8tYQpJpE-kj7uTQS_6Fw2aG66fP6ReOsGUGE3A/8BVyPmH_aO_vRg4uiaquwr_j7bbMFgjOnu079-1mzug),€39.00,Restauration,
3/4/2022,Boulogne-Billancourt,MY GREEN LIBAN,85058710600012,Restauration traditionnelle ,4 repas complets,image.png (https://v5.airtableusercontent.com/v3/u/58/58/1791108000000/Y-L0wpa8BCFMV_N24qHokA/ASfp_18cleUqadSKaMy-uKmz9plAXdHvhyS6cBveHwsbOTEArCwdVanc4l6dnfSr21OT5HfKQ0QOgiGw6_XaEU1Osc0TS9bRmO1gjaY8ifqldepPje1FxjeJfi4tavSpD2qqA2CYiveaIBO7HiT1lA/Aoi02djHnwON6nePKRlhmbAftlVauXb1PhuDsrSTbKA),€144.70,Restauration,
3/7/2022,Boulogne-Billancourt,BRASSERIE DU PALACE,38436212500013,Restauration traditionnelle ,"1 morteau, 1 burger, 2 gauffres, 2 cafés",image.png (https://v5.airtableusercontent.com/v3/u/58/58/1791108000000/dWKlwgAciccjjhx1PeU-PA/xu3OBTMeB5Ye9pOmzYcLrtWmkq9npw_qBIqsS7HraqoKUPBx_6ggqRUi8ilUPZDmqVZU9fiIt55Wa8tsWIWVy4wvErOT1zYpWRYopi5KufGslKw5tAeDtPixRz6o_7TD_wgoL-IEWaoT6vPUMu1aKg/rL8smuu-sGRHeEx64_tIzfMCb0ezeFcykTAd1Ixkp4c),€40.60,Restauration,
3/8/2022,Boulogne-Billancourt,BRASSERIE DU PALACE,38436212500013,Restauration traditionnelle ,,image.png (https://v5.airtableusercontent.com/v3/u/58/58/1791108000000/vce5o5R6AgSM4XHcihYDRg/SHTDRir9NymMl6Ss4pGUNLRZj5jHKQlN_ZLpO9C49Uh3_nKTBKYHWLYe4oAB4SGgN5w9NEaaTV3NhrKHvq4YzmxkCJDE7KelT5UVSV3-VYS-m23NZqc6FGfqp7viz-ZQ4NYD2LGL9N3xZmlJfT40jQ/4PHODDCIJDk9BGQbchtMdrY2NX1FrL5Mo9cQn9D57Jc),€56.90,Restauration,
3/23/2022,Boulogne-Billancourt,LES PRINCES,81778151100024,Restauration traditionnelle ,"2 burrata des pouilles, 2 plat du jour, 1 evian 75cl, 1 minuty prestiges, 3 expresso",image.png (https://v5.airtableusercontent.com/v3/u/58/58/1791108000000/rcBbnIlKTiAR9haiUY-VwQ/9Qhefr088IakuYWFzdUej2ET7Dxiv6s0BStLF36iPy5mTZHVySND3nGYQL2nAFGwZDdGi1vGXsj-m_0KvXUQRjm37LmtrwcQ6uRN8zW9PMF3sDzUbnZ_juuMsuT0UuGma6axLzf-t13TB7-L7RRMzQ/KO-j0XeoYRV9fKXip6hn8NxTSc5LnQKuyEgA_GvAjNU),€148.00,Restauration,
3/25/2022,Boulogne-Billancourt,MARIO,53420468000027,Restauration traditionnelle ,"2 repas complets, 2 consommations",image.png (https://v5.airtableusercontent.com/v3/u/58/58/1791108000000/-oGBTyk8Am5-E1J3xJ8R0g/GXjYXgr123Evws9ekfkv44gUwJXEdy6WpH6GN5DCz4SeBmNWV1mFWEsSm4-jEIx-O_kuVXoSzjzhdAEMPkBiygKieyW2-YvGs8XumYuzxSSQfyUGuId00mgV3gYoiP7stxlCv55NMP94hlwxzw7H4g/238_Q_LixBO3tEP_i4ifZ3nmd6q6pcqoH0krvU-UiVY),€52.00,Restauration,
4/14/2022,Boulogne-Billancourt,QG961,83049524800015,Restauration traditionnelle ,"2 plats, 2 verres ixir rouge, 1 dessert",image.png (https://v5.airtableusercontent.com/v3/u/58/58/1791108000000/PXrrZS91cWoGPIRMq6bUDA/KsjSbeODLqhtwVF9ry_RlQ6scyVGW6qScXEAOBINdc_zgoY7Oal8SnLwgdPP22LueJ9B_QQ8XIleIoiH00it6OeXhVcGqTtAEjcccIde5c8SPCGahvUw8VI8NmywoOOrkj5h3lv5R_FGZVSfIxscXw/QDtegPq5gej3ZZmoqumfSnAZQDdycRIUDxx2XdpQu04),€64.80,Restauration,
4/20/2022,Boulogne-Billancourt,ELEONORE (LE MOULIN D ISSY),44365981800027,Restauration traditionnelle ,"2 panachées, 2 kir vin blanc, 2 salade tropical, 1 salade burrata, 4 pizzas, 1 galette, 2 coupe irish coffe, 2 crêpes",image.png (https://v5.airtableusercontent.com/v3/u/58/58/1791108000000/MdlJkWvcaTO9hu2-cifIDA/g1FfNB_leRiG8Reo-HclOJXwiMgsxYFujAMavk_GbWOdRZqaa5hebvixNotcDZD3GZONrLpi_v1EDIdWnkhQBEU0_kz7mvoWN1iFTESdqXruFVQ6L4mdYSgKmSJ3gew_Fd5j99sPDe12rxMBsPEjAg/U7hgSjXMz8IZlhIdtX72tmhXA_My2BmsUNG1yLxpty8),€162.60,Restauration,
5/24/2022,Boulogne-Billancourt,BRASSERIE DU PALACE,38436212500013,Restauration traditionnelle ,"3 repas complets, 3 consommations ",image.png (https://v5.airtableusercontent.com/v3/u/58/58/1791108000000/5v151jfpJ5M9NPrujP-0_w/qeZd2A-gzR1dnJiLgIOIniOVV7MWbT3ClPa8AzSIcuUqPAOtI_G4YfLrYmmM5jGki0xXOSBnajl5FAtUA_89nQh526XKByQW4_KiAb6W1hi9Xy7jKh-86ruhXUzmPuWt1JnLheYvoMyAnKkI5c4QAw/bqX0v6JEzAKI8qlQ3ggRWJ3H5JTGGFQ2LFf52evp4XU),€81.40,Restauration,
6/7/2022,Boulogne-Billancourt,L'INTERMITTENT,51383289900019,Restauration traditionnelle ,"1 perrier, 1 medoc, 4 entrées du jour, 2 saumon gravelax, 3 soles meunières, 2 tigres filets, 1 filet au bleu, 1 suggestion, 2 vittel, 1 pavlova, 1 dessert du jour",image.png (https://v5.airtableusercontent.com/v3/u/58/58/1791108000000/-zX1eb0MmKwA6INbnlxrqw/u3W62LR3MSNYbMK11Kntn8VYzilCA_l_fOIfPTA5AHeKkXY0_xw5qLt_rMcrn97MkfruiX0fOUFQWtham-D2U_VrT0UAkrFTGN3KwZomSZzC0zZYa0Yh9-ixaYmU7LMU7LWwPBKBEaKfr-qcu4k_Lw/G7lz_rvWGx8nWELIc9XxWaOLcCCcSoCoigWFWxqJyX8),€336.00,Restauration,
6/8/2022,Boulogne-Billancourt,LES PRINCES,81778151100024,Restauration traditionnelle ,Repas,image.png (https://v5.airtableusercontent.com/v3/u/58/58/1791108000000/1x-5INsN9QgUJYaASGmvOg/JYZcsLdbLRzkfNz86PGhO5tjDvKXFMfrkdz4bFk3JwK96IRjlcvRVbV87YB2CgqZfxFMfLueBCCrMWntdh2n0PawGDriGR7BPB52NucQfkGjV2vl9AFo35dOoFHHtUNywHGAfsgCtugmmzzzlx000w/Odxa20Tu97MiSlUWXSIFb3i1kTQfYz9zSjyAoU12K9Q),€200.50,Restauration,
5/13/2022,Boulogne-Billancourt,FANANDE,88119338700019,Débits de boissons,"4 plats (2 sardines et 2 jambon noir big), 1 fromage, 1 sirop à l'eau",image.png (https://v5.airtableusercontent.com/v3/u/58/58/1791108000000/DVsN6eDuJLULx8ISyVqLrw/Lf3K3YtcLI4PcpXMWK9F5M8FIcqQP03ft0zDWPEu0WFxb3oJt-moGNWR4BMic6gbXDeayS4Ycjod9_C8lZlUohmTOozx7yxprybRUnWPDumw8c9cK7EcPomdDmRiGJxdkxp2Z_5m1lzwoHOYwRqYsA/Ft0V1KezQNNstRfinSJcg88yVoVGvGri4uDEHsPL4aE),€74.00,Restauration,
5/17/2022,Boulogne-Billancourt,AUBERGE DAB,38955919600024,Restauration traditionnelle ,"1 vittel, 1 Givry domaine Besson rouge, 1 solen, 1 saumon fumé, 1 avocat chair crabe, 1 glace, 1 café",image.png (https://v5.airtableusercontent.com/v3/u/58/58/1791108000000/y8dBZ3w502gMcTvvoheXiw/3uXDYE2EWtqwRJQN7i2wY5QzcvCX01c6tBJ7RVVnnHZHA57gNX4OWx3xG89FGoLxypgXTSbNaXSWtFJIgxNN4HLFyQwAMNMHp-PsuEVSNykOabxjAPTGYR3hLRRlbIMl-8KX6l0X8T4QK5S2h1AXnA/1txMlTcIbofQI07PheQdVKOl6wJzWfp1OmPffiAXuiA),€149.20,Restauration,
7/12/2022,Boulogne-Billancourt,BRASSERIE DU PALACE,38436212500013,Restauration traditionnelle ,"3 coupes de champagne, 2 vittel, 1 buger, 1 poké saumon, 2 tartatre, 1 coteau d'aix, 2 1947, 1 penne, 2 cafés",image.png (https://v5.airtableusercontent.com/v3/u/58/58/1791108000000/ES03BFQaO7d1v_LHTeBGQg/teK1M62V6ri6vaabSZAqlnokWpw-MV00zm86Z-bqECLwhGiFOU36E_SGyyjW6-Y31dM2r31j9rsvToVwB1gPMsuT2Dm6ORRXmcBEdUTEt4x_3fPtPNPfCwf_ppah7BphHBzrCKnfe2Wimablttk0-Q/Xf-r0dU76xX4bx3h4GVgwJCn4AeSYPFPdkqmtwHI1AY),€141.80,Restauration,
6/17/2022,Boulogne-Billancourt,BRASSERIE DU PALACE,38436212500013,Restauration traditionnelle ,"1 coca, 1 coca zéro, 1 tartare, 1 poké saumon, 2 pavés, 1 perrier, 1 parisienne, 4 cafés, 1 thé",image.png (https://v5.airtableusercontent.com/v3/u/58/58/1791108000000/BsR11JzXuCDc83Hvtx8nqw/YFoDfiRc7DbNwE4ZFiNz-3fCrO10_FruqiO8OeP9OROSGIcRjHegk6tmWJr6S6-nLho4_cmyjVokk9NAQVutfnYyqIRJqjMm4u5SVHuARAHHnS2Xc0T-HnrE8srXSbxyF4txXSqLxQJMS9mJT_4O3g/b6kE7qaEHZGjyzGs_GmA0QnzAzC3wJOfjsVRmFDrKNw),€108.50,Restauration,
6/24/2022,Boulogne-Billancourt,ELEONORE (LE MOULIN D ISSY),44365981800027,Restauration traditionnelle ,"4 consommations, 4 repas complets",image.png (https://v5.airtableusercontent.com/v3/u/58/58/1791108000000/P1Vkh3dxXgX25y1mjtc11g/qgkIN3vrPsZdIQ6WIKcVxFe3QXpLrv-oiwO9q7ta8ME6F3f_ip_1C8H6ph0vacqXjv_pR8dA484Jsvg0iIFKA3SM2ZaTNmIHDDJTcu1rb8468FLXUOKqEk2EFkOxyarRT-KxMTICXZBzI89MhrJo3Q/IbDjSdCZSYGYdQJy6H0kqLINt21NcGLSOGUNlbvT4y8),€117.40,Restauration,
7/6/2022,Boulogne-Billancourt,MARIO,53420468000027,Restauration traditionnelle ,6 repas complets,image.png (https://v5.airtableusercontent.com/v3/u/58/58/1791108000000/tGL1G4SKZh1j_ylXAdu33w/TvizEQZ4-qddPvvhHkASNIoy9q3zktGIYS3GAQoJavvYSGtqm_NxQJel7wOuNEQvWho8BLAYc5LKk_if8K2tZP_1AJA2_syxjl_PbVmN3iir4QLFHm1oltz1fuYTFcUoO3-cNaBh-_Ud8ugWSLs9tA/8x7kWaeaMRVO5zJD2gc2cekjqZ4oRlbqHIaywjZAoh0),€73.34,Restauration,
10/13/2022,Boulogne-Billancourt,ORBITAL (PRESTO FRESCO),41066703400038,Restauration traditionnelle ,"24 consommations, 12 plats, 10 desserts",image.png (https://v5.airtableusercontent.com/v3/u/58/58/1791108000000/cx23Se1I0XeLPpgqLd_nqA/lQ2D4vITCw0hDuEO17e1UY1-2sSvBj5cTzGIjFe9Ee_7kvkOlvsvZAg79sZwC3lKHKLPt8h-LikC8jMaHtHYTvqbSEhdpvbbylcpjyoVaCTeYoXvptAa15CmBVSGibf6MtEjqc08rSIQS4T1XL75fQ/J9BJEIx7kjQt5Kn1wWMss-lmOTAdrCvQn8YeT8oIYjs),€503.50,Restauration,
11/16/2022,Boulogne-Billancourt,VITORIO (LA GONDOLA),49773079600024,Restauration traditionnelle ,"1 pizza, 1 spaghetti, 1 penne, 1 tiramisu",image.png (https://v5.airtableusercontent.com/v3/u/58/58/1791108000000/eidGscPbpNfssBB0ruHRHQ/NN7mQTiDaZszUcdv9vEgx740nzqpHD7cLBEQMWUAnZOzjvZA6goJfvDUXWrOufXgFURBgHUQ-1jmkPpkTxE0AJcpo9aqQBBPtov9Hu9w6BiyqFhnb2epPUUPPLUJUPhe4isrbgDc_1o33RQ92WLnFg/_uyyGgtOYf8wcN_8s6fxE4VXswRCTIXmMJXFaHNwnVQ),€45.50,Restauration,
12/6/2022,Boulogne-Billancourt,BRASSERIE DU PALACE,38436212500013,Restauration traditionnelle ,"10 repas complets, 10 consommations",image.png (https://v5.airtableusercontent.com/v3/u/58/58/1791108000000/pP9Wi-HZKhVU767knpaziw/gWw_2Izo0J2k2MXMj-V2_DY2-aUdUTRnbfS7oHRLfe5GywauEt0-6WMSEYhyG9WiGqY-IFQKWWa7Fvpejbj_aTkY2qVEpocU6UDi_G_4rlqvM7Ys8fnHkQvXQUKf9XojsXAhnH1ID35j-7enxt0gTg/CouTzcxTg_NlHs_LqjyQh9tx4HMsEMNptSIQLLIrkUo),€255.00,Restauration,
12/28/2022,Boulogne-Billancourt,LES SAVEURS DU MAROC,42229861200017,Restauration traditionnelle ,"1 vittel, 2 thé, 1 bouteille de vin, 2 couscous",image.png (https://v5.airtableusercontent.com/v3/u/58/58/1791108000000/pknSyWOdLwTX3OyC1YFyBg/Jw94nkuRXuJLDC9sRk01-tAuv_dT-Noe2Hx-CTtM6grbawAq9-mzTSqlSGGz93HonbHwVZma7wlZANAetqSt1-aN5g46F6lXuPeoctiWHNK5uMjvcbr3rJYUC4fsvVML1mUcgSr-jhGO30DlrTGnpw/QhMKiy8QL3lLSay8DqH5QHuxDiYo8RCyNWLPzeRLEQY),€74.90,Restauration,
11/7/2021,Boulogne-Billancourt,LES DEUX PONTS DE L'ILE,83523647200022,Restauration traditionnelle ,"1 pavé de saumon, 2 cheeseburger, 1 poulet barbecue, 1 brouilly polle, 1 kir royal, 2 fruits rotis, 1 sundae, 3 cafés",image.png (https://v5.airtableusercontent.com/v3/u/58/58/1791108000000/bHFGHxBeTjazDYmq5eNrKQ/DHqYBHuUK6H-pF26s7bHZWwIg05Q8AtV5xv0HJbozdizwiJIupy21AKOAIfiGSvg7KnF6qVPyKFgA_j-Q0QEdAXfM2KeBAdwKgD3t1Rk0UpmiIIr79GSYsl9kT6-5uhMHnQLbR07GgPH6sg_FK33fg/H2ZUawAaJe-DMAw4Gk1D7n3R2hwBfGt6ffRmOeYsagc),€157.40,Restauration,
11/5/2022,Boulogne-Billancourt,PIZZA PRODUZIONE,82205528100023,Restauration traditionnelle ,"3 pizza, 1 plat de pâte, 1 café, 1 verre de prosecco, 1 bouteille de vin",image.png (https://v5.airtableusercontent.com/v3/u/58/58/1791108000000/FMGto7rb6StCHM78fgEE8w/YPSJzI8XtHlljJeJjXzbZknp9xoP_a-B9QvaOPtMh_PVcT1MwuXXc5TUH7tyfL0hV8-QqYXRKdOEnDacRBh8nOkZ9pzelHw-mk_doqhTXERb2KmHOn2nbUGcVEqNieiXF-DDfyI_PT-AZi82QUh75g/BAYvzga3C0J2bC1CJhDeVUVIEa881icvXLuWj5v1PF8),€107.50,Restauration,
9/20/2021,Boulogne-Billancourt,CAFE RENAUD,51131400700010,Restauration traditionnelle ,Plusieurs repas,image.png (https://v5.airtableusercontent.com/v3/u/58/58/1791108000000/5mJKk4t4iTdAotxYiccBrA/IpG05sWmCDeXlYYEL0aTuapMyL5txNu4X5cwYgMs7anwS_UVHLQbQpxqTCo4J99lAOyeKXN7NVHLAewhvqg6EWyWP1h0KJK5J8SDAbusBOU2Ks3JEVqpKK7nx_7xxGN4Zi-sMbhJ9Abt7YCchNuBuQ/eStAAcFUsNTPJQo6EMP4KyxzUxnEd1CkZ6O_AU6gPjg),€490.00,Restauration,
9/19/2021,Boulogne-Billancourt,ELEONORE (LE MOULIN D ISSY),44365981800027,Restauration traditionnelle ,"2 kir royal, 1 bouteille de vin, 2 pizza, 1 carpaccio, 2 coca zéro, 2 pâtes, 3 cafés",image.png (https://v5.airtableusercontent.com/v3/u/58/58/1791108000000/_8hI7iLeXy6yPnO8XVUQIw/SfRdk5ReVdXFUqiQUa5A9JUWlGEV1GvBPH0sV55r1k3YfFe24nWcD0fcxgUhXlM6Gy1-SdTcwsd9mYYoI8WXcaJ0SY0fbfLUk2NZHiyOgnd6cOPDIfH8K4808LGo335Xjre05R3I3_UlbF7CBTCD0w/RfpCR78cNq1g9sn8JSwLdYIrz7lzuKAWUc765hqSo58),€136.10,Restauration,
9/13/2021,Boulogne-Billancourt,CAFE RENAUD,51131400700010,Restauration traditionnelle ,Plusieurs repas,image.png (https://v5.airtableusercontent.com/v3/u/58/58/1791108000000/VBYRznz5WAO31WqH0WE3AA/b0eQEbHMwrcawHcYsPDFsIg5Rahr-9HeXCrqBXag9N1gMUKqZ18hXpCuRj9SrnVEEpLPLZzA9mQul5BB6-ydL2ok6vubdC-4aFiyQ0d0Z_OlgINhuLAZ8ky8yBZ-XxIbqd1mVF-4d8u6UmuiFKRi0A/oqFsLVY3tuPuckGJqLjeF3gmtsipW_FyXEinZL2LD6k),€475.00,Restauration,
3/10/2023,Bouzonville,Vinci ,51237706000037,Activités des sociétés holding,Péage autoroute Montreuil aux lions-Beaumont ,Screenshot of madada.fr on 2023-10-27 at 14.17.24.png (https://v5.airtableusercontent.com/v3/u/58/58/1791108000000/hghqP7EyyxuoMLuFtrvrCQ/ARBEUf-njALhLyAx-jie-8yerqNP8Gtfge5e8SZb7bIgWc_fAmaSTMU7QZ0JwiLRlgFOSHGkB71_qLJtHJHGumlMXUemR4kKiiyLmRhXBwI42E0Uc59wwqExrw7bLdlL0FcAUz9OiVtMxRD2PA-rBH8LKgEp1HKpHbrsQwDS2FDUqku9pjIjxQiAT40SnnS1/aZJSIrZrZnwDS-ErLjezp3IW-IPnydA8a0npBgNQ_U8),€25.80,Transport,
3/10/2023,Bouzonville,Vinci ,51237706000037,Activités des sociétés holding,Péage autoroute système ouvert-coutevroult ,Screenshot of madada.fr on 2023-10-27 at 14.19.08.png (https://v5.airtableusercontent.com/v3/u/58/58/1791108000000/AU9jtILDmlepmS0uZLNWTQ/t9iKhPa_aMtDrboPlYeA0QMySTUqLzAt0uYpC6FGVyDl-taVURw6985Xy9u32_dldO_qoUG1eDpceoDJr38ffGdNkvMFxH945DaN85N9OLXA2mefOdUsOa6UeomoQ3M-GFn5HfkgosAAYU1tJOyWGpnV1Vck6IDCHDatPoKwQxMqsXr44YtCh1ebpjwicj9z/7yzcOfrcODdJCRZDdV4EtboSaApymYBVsPXZVaoDaVM),€2.40,Transport,
3/10/2023,Bouzonville,Vinci,51237706000037,Activités des sociétés holding,Péage autoroute Système ouvert-Coutevroult ,Screenshot of madada.fr on 2023-10-27 at 14.20.53.png (https://v5.airtableusercontent.com/v3/u/58/58/1791108000000/ITrGt9-uE89t01xRIgpyQw/07p4lA0ug4jKow_4dArMnvaU6Yf4QKWltvEmaYs2-zlToF9XVPa0ZoDFICmMA7EVEEsp3zCubJBAdEYhRt4dUkwhlrarxs3paTuHP75fv145Yb5-SJvv6l7oCp2A5twzN72yu9HM_9CEL5Fb1aaxiJXPMmvjx5-cRABflnR-KUc9jDia1X94T_e5H3na-KBc/Ixk-b4DB_vez4s-0bIQscIRnFLWw5jZCuV1g0rflrRk),€2.40,Transport,
3/10/2023,Bouzonville,Vinci,51237706000037,Activités des sociétés holding,Péage Baumont- Montreuil aux lions ,Screenshot of madada.fr on 2023-10-27 at 14.21.46.png (https://v5.airtableusercontent.com/v3/u/58/58/1791108000000/OXvvUiZTP-cuQdtnThbThA/eaMd0gYWySmqii_kObWNeRNyV4lMUxeY8PNwSKKZ3unDp7E8y_wnvXXjXhU1KAaVfmdDwzCo9S2ebZ1TSYgjIscAYIFfJkI9mQJLlIFbGa4TCi3zZEXSccY8njb-CJXcVy5z2kJE7Yo-njQCnTnBAoM9o3UpHfS1-gpUSl7aJdP72S5Vu3tsYtc7JDJAOiEV/jTP9v36WlXrCfouvy3VE5Pe_-1X8w-XB4MLCA5oSVRw),€25.80,Transport,
3/10/2023,Bouzonville,Vnci,51237706000037,Activités des sociétés holding,Péage autoroute Système ouvert-Boulay ,Screenshot of madada.fr on 2023-10-27 at 14.23.02.png (https://v5.airtableusercontent.com/v3/u/58/58/1791108000000/2CdJOEp8T80CGoCwZTfMeg/o3F4HvH7vF98WQ_KNRhtrVILnErCGwamQLJ9bYB69mZqsnaB-X7EN52Y8LA1B7_lIbpcjSX9knM8DFbvfBbghdI1SnGWh4GpjYmp4QpckC2XQBjSzDIuNny881Xi0pphqKLLtyU4fqhLvLonutVRDNWqzt3gYwD-He4bDsr6At50y_p-X1qvIOCWQVvFLvUK/SH0HuZoLF2DYgDRdkf67Fnq9JxCyMXWJaddmlN49nv8),€1.40,Transport,
11/23/2022,Bouzonville,Ibis styles (Hotel Colbert),33806886900019,Hôtels et hébergement similaire,Séjour hotel Mr Chabane Armel chambre et petit déjeuner,Screenshot of madada.fr on 2023-10-27 at 14.26.25.png (https://v5.airtableusercontent.com/v3/u/58/58/1791108000000/XE6-9kn50p5QVKHHdLngIA/wm86JWv22b9xHkmwtc-j5LhN-U72ty8T0Fm3rKfRZzcTiq9GKHcp3U4xtcH0-uP2HldKiVYa87Svyzxp-pD3WGCB6CYMYXUBfBcy0iJaJKw2nQ5t8_6J35odvfXKEwejGSkhwUfhX4J4hMMcz8HeEcdCh4L6a0zaM-yZIC0VFKd9EBoLniNLqSYmnkTkGIEd/_MTQ5WjLzf22kLCvPJLAlQK2y4Bx5PWXbn6rDpA6hY0),€171.25,Hôtel,
11/23/2022,Bouzonville,Uber,53945494200043,Autres activités de soutien aux entreprises n.c.a,Course du 61 rue Faubourg Saint Honnoré 75008 Ile de France à 20 avenue de Camberwell 92330 Sceaux (hôtel) ,Screenshot of madada.fr on 2023-10-27 at 14.30.18.png (https://v5.airtableusercontent.com/v3/u/58/58/1791108000000/w_Y6UsNsuil91oVcB6AhlA/p4jh8cPsSG8BIi8wgRH6lf3pJ0dkIOx5qnvac8d4q0KvyR2ebIjdi5z4nlH_iKvsx5sJfZEIm04I1fpCdt11sucVnvZHdJbU4QmKgX9M9viuKobZQWh1PwOlLDPs4gaLSLFye6U8jSg6wj3J776wNkbkhFr6fm-aWet52tHyjRZEHXjSpDlWmkxisqZ_nNpS/yw03xzSu5ev2a9bVC_UbTktJOsbvLmiV8HIMKLf_baI),€29.81,Transport,
11/23/2022,Bouzonville,Uber,53945494200043,Autres activités de soutien aux entreprises n.c.a,course de 20 avenue de Camberwell 92330 Sceaux (Hôtel) à 55 rue Faubourg Saint-Honoré Paris,Screenshot of madada.fr on 2023-10-27 at 14.31.49.png (https://v5.airtableusercontent.com/v3/u/58/58/1791108000000/icBsUa4HMQr2ktmSUpTBCA/-4Sc5IM9J_u6Hu0Ycj3hXDalX_MQjFLVwSckZKgGt3iPvoT7siXGt7au0Yh71NQSGKhVQiCnvDLadLxBIy9FZmxQVQYbf1KJCy6gWZnpU0i0uBHVhkH6TBcNloQj_4S8ooCb1ETtEW8Nrmsvh7ZJwH0YdXiwa6bHg0Qe_ctPFAb0Dbt5dQj5xG16yiRqaoy5/UAAwPPmPNKGa7upuuDRYSByAX9vLwjTNSkZu7-e3wX4),€33.62,Transport,
11/24/2022,Bouzonville,Uber,53945494200043,Autres activités de soutien aux entreprises n.c.a,course de 20 avenue de Camberwell 92330 Sceaux (Hôtel) à 15 rue Vaugirard 75006 Paris,Screenshot of madada.fr on 2023-10-27 at 14.33.29.png (https://v5.airtableusercontent.com/v3/u/58/58/1791108000000/SiBGedxeaOp0BJqlNP-wfw/yrzeXdRkjq35F8ncY8HkH6agwiGwtp9__sa4eUJ_XqotW1Jfo2Xd4SHNAgEcG0VzD5DDxPbDOMVk2Gk3TIsVJ1GUbspaCkUGr5UpDOv9PYcuneO_OX9AONhuRVlUunwbyThSrOzIJDypnREokffqtVSkJMPW_TLIb0tx2thNiAf533OS29aBEm2Rl6x0Cnui/Y9sQ2YhQy0BH85H0Dg-uD3L5B_TmHK1c4VlDSBtY6hQ),€28.96,Transport,
11/23/2022,Bouzonville,Uber ,53945494200043,Autres activités de soutien aux entreprises n.c.a,Course de 386 rue de Vaugirard Ile de france 75015 à 20 avenue de Camberwell 92330 Sceaux (Hôtel). ,Screenshot of madada.fr on 2023-10-27 at 14.34.31.png (https://v5.airtableusercontent.com/v3/u/58/58/1791108000000/y2T42Jh8SaPng7fIJwpRpA/F31HphHusHRbrRk1sRl2k2Mi2RxfKluiov_WALpGFf7xLBE2j34FFPMD40ane3_krpwwvmBOwVQz9E1sPdlUktVpj6fz_4KJ0dFR0HDohceu_H7-h8U2LepeRHfwYCMrkfyl_z8mtYqKCBAnBPT55fVYPzqhlp1euUPVwqfmX8xLLF89gjVGMxygVV4uraPF/DqBj66ikC78YIpuMBqj7BhoswO16nx4ObtMad2wO6wA),€21.97,Transport,
11/24/2022,Bouzonville,Uber,53945494200043,Autres activités de soutien aux entreprises n.c.a,Course de Rue de Tournon et rue de Vaugirard 6e arrondissement Ile de France 75006 à Rue du 8 Mai 1945 75010 Paris ,Screenshot of madada.fr on 2023-10-27 at 14.36.34.png (https://v5.airtableusercontent.com/v3/u/58/58/1791108000000/DFKkm51zbEwCiVDf_vY7FQ/CjGiLEUqIp7QSgjlUdvn8P4OExsQ5VnY8CxJXAVUxmnPIRMetLRr3h06j_j7CIoqkWM27suzwoSRn9HJZNE1bHc_IEcXU2A1SoDFC-FsVX9yRjR-dPO0hlyA5CGmILiVJ-rkRfPrRBfbZtAHqUHDDSx5q2KUbQeC6a3Vu2sJ2kt2giHtHe90CIjkq8VCGlmE/mFx8_V8ht6gmPBW5gTtMSya3rzzoqC1dCzAPZ48ccoQ),€17.86,Transport,
11/24/2022,Bouzonville,Inconnu,,Parking,Parking Urbis park ,"Screenshot of madada.fr on 2023-10-27 at 14.38.07.png (https://v5.airtableusercontent.com/v3/u/58/58/1791108000000/B-ro4yEJG6Q67bdIzdkqWw/UoDwWOf0oFDS4eD0WfUTqJrZk49dUHxIIT3OalHkKAfVOfFO6tuWmXkiUF10UStN9UWmLG3AmJYvXLV0wUswJ13gCjOH-MggEwbrtTfmroj5Ruu2DC6048iHvZcwp2tPbyyR2gA4_58rY5bXDBI5CJ4GavjL2aZX78bLmRMjxM8zS6ZDl34eycatC7XRpmCJ/OEFesQjWy1E4dz1i0o-rKG48rp5KqyFq4zAMY8QGStk),Screenshot of madada.fr on 2023-10-27 at 14.38.22.png (https://v5.airtableusercontent.com/v3/u/58/58/1791108000000/fie085O-vHawjPGkREfhBA/BKXGWH9HulDnRlyL6E9Gc9O8dHxDdLAxP86rrJEN-WcfVD7Zq8Zh6iElycsV2UP8wDHOuhJm7GSTnxkBytTK6L7AqSQobD6KTxLJRtNml_6MCVCtgAnjR14h3wIqalD7-rXbx0ZPNGVVUcIzBuK05aUF2HIYPX1pE1JpUPHGbmKDbLM9f_OnelEMFc7NrGmO/OMDNCX6D59cpoKZr-9yYUVCUu9HCrw4JzWjlC6fbz-c)",€33.10,Transport,
11/23/2022,Bouzonville,Horeto Paris,90244698800013 ??,Restauration traditionnelle ,1 badoit et 1 baguette ,Screenshot of madada.fr on 2023-10-27 at 14.41.37.png (https://v5.airtableusercontent.com/v3/u/58/58/1791108000000/rXW6Vhd1V03dzutqKfbQRw/B-ioyPD2ghplMLTJiUESN4-odhl4GQ5lVp2LKrssQcIawaHz9digWxNxT8y-XhbdiAW2guRF8LTBPx4X65TyF1E81WFSZJ8Sf9kRsVUdPx8Lg6pSeX-1N-Gqg9Wq7y9rFHQGLioLNl173lMsr8UO73yuKJx1cAJzLoG0yvjvuqeoXue8R2YUEe5A-BENYFiW/Ne5qra_5QQl6ljUQl0SIlhmEv7tq_engymKtXjNYWck),€11.50,Restauration,
11/23/2022,Bouzonville,Paris est Pradier ,32139344900301 ,Restauration de type rapide,1 allongé et 1 cappuccino ,Screenshot of madada.fr on 2023-10-27 at 14.45.22.png (https://v5.airtableusercontent.com/v3/u/58/58/1791108000000/1MR-2anq9at4GcF6fAjrbw/D1TSz7Wh44G1_immtmZ-WX1uyn-10i6IASy0M2selAfFUahrkfdXystpzf7R9BivEucX4St82byNrWvfXDWtU7RCTo0rVCUdBdJISiZvYY9_Sj4EmhKre1aOrt3H0gefwVFCJWPOhR8qG4hwlmikceUTf5O-oUdyc-XwNu7NJCm-jvX6ESDstyuHpKrmyHeg/b4RefVnBNq-YApy5AV9Pr24yW0pq_p_4vquzP7ObBcs),€6.80,Restauration,
11/8/2021,Bry-sur-Marne,Inconnu,,Parking,Parking déplacement aéroport - visite de l'ESMA,Screenshot of madada.fr on 2023-11-03 at 15.09.06.png (https://v5.airtableusercontent.com/v3/u/58/58/1791108000000/JaUTRdtIBGASNPBQ7cf4OQ/XU08IDcJQ4-fa9d4j1xyPWskMYoWR3N4xMiLz38_fyh2nsGaMt7xguzVYmXRNFjKPSzAe2NOcqJo-LVZQ5gBEaQKG_a23-0wpW5_Rj5vWCjMVHMOv1aUPklFUSpaVpUm9UyfNNu4JGWqt36YanKoZLBnnXYsRSLGY_PIYz3pua7dSzZai1zqJmCsZqJuKG-2/cbuBniA_59BVuU_Ffqfr2PwWXszUIHZ9r2k5fx4A3UI),€8.00,Transport,
11/26/2021,Bry-sur-Marne,,,Service routier,Péages,"Screenshot of madada.fr on 2023-11-03 at 15.10.53.png (https://v5.airtableusercontent.com/v3/u/58/58/1791108000000/l1-zjtffUQrdT6W98D699w/andFcLmgXP-KtvDEUj1n6MOpr3nbQ7_h3uVm57ARDZ3UMJMYVyjcAS5H3lLuXToZRnjBYQflH6yuPe7_Tw3tPlLQ1NR1OFphyfMB_xOU62tr7ke4Xmxqn3C92rSNSvm5I_92caZddV4TMTv7sVQnCR_3Q2rRFFWV-B2d4twMxV3KMVs-ebaTKK7KzHxkV8Cw/VxqAYe2lp4Tl5E0jQ14BaJThMrYZ0xZbi5GKXpEtH10),image.png (https://v5.airtableusercontent.com/v3/u/58/58/1791108000000/d9lsTWsuuwWyQPQcQs8TpQ/EbVoZLZlCUOQUGi_519BKQzOXi_JOQmLRs7Wi-HPsZUSV1GdU6P7dcILEv6SpDUdBPwzHNlkzGnGjer2-qW-czRjMMXrIkfIhQlQhf48PWwiVZZj7SWJopKYOb66NDDJOgQMspCC7_XuYjgZqjomjg/Lb3IhplWJ_DL2T71ncsdpgdrmc6MX17q5_ihfDobeGY)",€13.70,Transport,
,Buxerolles ,AUCUNE NOTE DE FRAIS DE 2020 A AUJOURD'HUI,,,,,€0.00,,
3/28/2022,Cergy,L'Agora,83424802300022,Restauration traditionnelle ,restauration,image.png (https://v5.airtableusercontent.com/v3/u/58/58/1791108000000/kVJ-MUrv7dXE70leOQSgfA/7-KZmUKeJH4F5TLer9pprIBECgLc5IHTrnTzRYsUXxFoUaLq0p0lvmIF23rhZ208qFE_HbpBnRikZm3yWhPBjNQnUCNY4Inh37b2iyKKOJ3ho6R0mEURFrj_N6NgS30zNNsqQfA1zWANgDPTV6lgOg/ZBJXbgUR7UFAGR3yEf2qYMdaWAr9kfPTZY6fqpuNERs),€56.40,Restauration,
11/23/2022,Cergy,LE VICTORIA,78930855800020,Restauration traditionnelle ,restauration,image.png (https://v5.airtableusercontent.com/v3/u/58/58/1791108000000/uKxl57vM5R_yoyVUMinIfw/U1KYaKG4QYvYQHF9_KmTGlZZgtX6sTFBQnAN5Hl-FJ_LO-iJgVKXDIuc-g_nPtR6Tz-N0ajWhqHoD7Zi7l5oSHbvo0XUTeGfu9uRF_YfzJdpV1lMo_8NNkl5haPe2lZYoE93EUBXTGqOKqO1nrNi8Q/xE43tKpt26vEmqVIAYD88kKijYM1OxYUuniLww1UQFI),€33.80,Restauration,
11/22/2022,Cergy,LE VICTORIA,78930855800020,Restauration traditionnelle ,restauration,image.png (https://v5.airtableusercontent.com/v3/u/58/58/1791108000000/5HEHp8cTWJW1CJSmY79prw/EobFSXEg6klfs63sLaQI0q0b1o4aWPgWDk19fJfIOzTEYwmiRgsxnqEi9I8DSp0tS2SOi4rhGYwHmpwIqugd-dx_dQpQo-2W9lm3QNLJSUZkzyYRbkSVoJ-t3mUI15_KEPKbBPx4DuEIpWtExnBPXw/-n6DKHk187BFH73sd4r0cT7RMf2Whskgxd7esfVnWOs),€88.30,Restauration,
7/1/2022,Cergy,AU FIL DES SAISONS,80194298800024,Restauration traditionnelle ,restauration,image.png (https://v5.airtableusercontent.com/v3/u/58/58/1791108000000/2YgJsbsYMZmVhNE1QScJKQ/Ts9YVfWGMw1ABiiJEBG8BwIBajoWcaKzPMIhsCVnNnGPldvhjEO4nyd5nT1gMV3pK9lcydaaG9WM9WgPDusFbgIAsT2AV2QZQIl_hE9tQkLBLaEgD1TuNISgwzDeNMg8Zav6QmraEVLs-gv7NrZlnA/HH_hbTL_58fjthKiQDT7XFOWt1Sm5IF9aLb5Nv-Slc4),€203.00,Restauration,
11/23/2022,Cergy,LE VICTORIA,78930855800020,Restauration traditionnelle ,restauration,image.png (https://v5.airtableusercontent.com/v3/u/58/58/1791108000000/twvnNRtXdIkaIoq0H8i0Pw/XGRBC4ZgVKNH6GjOgxfNTF1mpxGHPT8jxhYUH5s9tLQcw9YwrZ13eiOnYzX3BmRib6W0qi45GEY7qvkX_SKtzZGhwaCvv5Udx1EyltV_NhUXzcICDyWb9-wFJ36--sqBOdsD3nTUNAibDqATQx4VtQ/d-6z0TNUVrC9FVQr3lv2gnVXxOcYWyz3an9YQB2vNgc),€141.40,Restauration,
7/1/2022,Cergy,Banque Postale,42110064500967,Autres intermédiations monétaires,Retrait d'argent,image.png (https://v5.airtableusercontent.com/v3/u/58/58/1791108000000/K0zBBXmBdJ3IwSJus4szGg/KjbOLVv9JF-s6ncw5uBdsfYSNWxlVzTsB3RE-KwVkIIpMEF0q9DfZDJlF12IP_koYlrUObxvMgNdS_Q_5tB44IdTVkN2Bm3I4sIrKwcOw0jHNfcbN1iFHbnH2pJ-48kHx0Yi41HNxQt9PUnx5nHeGQ/H7zlxr_aqDEIjdi6oJzM8s1jFrfjMDFm8aYq6S8bHU8),€190.00,Inconnu,
5/18/2022,Cergy,LE PORT D'ASIE,42467638500018,Restauration traditionnelle ,restauration,image.png (https://v5.airtableusercontent.com/v3/u/58/58/1791108000000/6kOZFBoGEQadp1MSp2WFxA/I4maFvrJWyQxe8zSavVmR-6E19NTyG-7wNEpBTrCCdT3H7WIrmkH16AekzPxlxT1E9C7NNDq1XQXD4B3JqNbEzfSOhNzT22TTYrG52Cq2i8_uuDZAWVJqE2rVY-M2TmOEu-r_z_Pg-KBRQDV0Ggl8g/S5JSHxrmxHg-jN2yFh9tABLXmUdtdqDQQEFjy0qcY2M),€140.10,Restauration,
7/19/2022,Cergy,CG CATERING,82302714900017,Restauration traditionnelle ,restauration,image.png (https://v5.airtableusercontent.com/v3/u/58/58/1791108000000/FstLhAENqjmW1gte1tAbag/QOGV2g3kpmamxy9zZoQdASAnC16mRr0qYZ3nokf66KJy7oqntFfy0_EoCz-PkwCt8lSNatTvDO-GvyrogMMajK_oSbSPeZr2VjpR0lEncZk2kJY4JGYqvo34BEiN_HWqlCljJEcKzgfZjtKe0qJDVg/FipKD84iNbZlRCaOMCT7DIHbX4kDvbZ0CyZdhn-jzWM),€85.20,Restauration,
5/13/2022,Cergy,PIXEL FOOD,80016059000025,Restauration de type rapide,restauration,image.png (https://v5.airtableusercontent.com/v3/u/58/58/1791108000000/UrRx7NeznU6Dy35CTJIGKg/J2lo-bYkRp0XFlCEtg4SqOCvtcfiet8iR_TfBv_Gouc6KS1-xQKbanpGaEypH88vMqCbLwjUyBztJHgtnOwIXIMVcen63INqVLGP7LC-2ZterzSz7jpKrYqPdyOVdW2-6Fm5Q8u9KymWB43nE7VZ3w/ZpPIvsDylJgvawM7p8VMtTvdYP0-0kjy5HVz4bvVqbg),€111.40,Restauration,
2/18/2022,Cergy,L'Avant première,75051511600036,Restauration traditionnelle ,restauration,image.png (https://v5.airtableusercontent.com/v3/u/58/58/1791108000000/oU81Wz1sB6AnLISohsOT1w/U23HDyYi2eyrTa4_EHf7H6dwMAcqVz0bHlhoBwv-SqCVVik09FgrMUhdauUJ0YMC2f8Fo4KQgDPQTOMHRTYsW4TxzF9aYZXdtg2onMcBp948k3zZoTTyVmos3sFQy4zQiSLn2zZe8UVFowuu0HMlVg/HysYXGpOw42OppOSFi68bQCos5E7LrmNV2GtwLS9Egc),€161.20,Restauration,
9/12/2022,Cergy,Taxis parisiens,63202143200075,Transports de voyageurs par taxis,Trajet de taxi,image.png (https://v5.airtableusercontent.com/v3/u/58/58/1791108000000/tMWtYaHbdM8ZQ88FJlyhgw/bQL5uwqUi3qcEpjHaM9toAY93nnJc-gJ9qd0RI5N0x0cjSzTqkp1-qDLrFGssK-j9FZs4mn_jCfecAnRWluZcH3fo8qrUceZikzTIPKJxQC9FGmll7KSyNIHLTOUqtbukp7Qvw95gor1rOVlkt6SiQ/mvbxGr9PO9QSx2jZEv8HCUsqS2JFyxG6Kn24R23rkZU),€60.50,Transport,
6/10/2022,Cergy,CG CATERING,82302714900017,Restauration traditionnelle ,restauration,image.png (https://v5.airtableusercontent.com/v3/u/58/58/1791108000000/raC7my0gcu48VEW2eTEcNw/z4MNXZ40Potdnpsa6yJvJPDNweVYOna6hjScslE0iRLms3Bl4kFXQJMJwwfpYvftB9VMSieZr-Q_cyZrb_SbqrqNJhi_2H0wQRjZS_UmU8ZOfjM5ObEqKR9mRntcjEaqYKS0-2ttl0khzkYvqLiZMQ/71sbXeMR8aoSHyZnT-PyyYkoowkkjBKEN3jIW3WIj3A),€124.50,Restauration,
6/23/2022,Cergy,CG CATERING,82302714900017,Restauration traditionnelle ,restauration,image.png (https://v5.airtableusercontent.com/v3/u/58/58/1791108000000/u6i67qQqhIQayeUdt8-PPg/b76T6Lqg3-7yrm_3m8mCeur6qVRxZwKvxAtjZUGO3y5koPM0lHT3yEWF_eFZzK2FUzvh8U9rkeZ-Mf1kN0XI7LHuWQY4lmVXwsOOLIIAuETg4kqcdehz4ewThLzkVHcRfKGyuTa8CfBxhpC13RwCaw/knYF4tNuQtcb8GfMRUxzfZpGjTYB2bZt5Q2E5Gg_mMQ),€116.40,Restauration,
2/2/2023,Cergy,"Institut des métiers de l'artisanat - restaurant pédagogique
",,Restauration,5 couverts,image.png (https://v5.airtableusercontent.com/v3/u/58/58/1791108000000/7fodIFXm56NnSKaisPxJag/a-a7PYVcYygLR19V1Rmr-zR0aINDmmsUgHSIc29BD2i4K-XMk15MMviGl8_A-RLTlJ7oeSA5VGMe3rqnr6qYZYHqZStRLcslNXmThdahT8kXNMSVg2qxUtBj8Kttrsr8XEbAWljWDztmOdFX-zSVsA/dB-_bG-mPPkBnhAprtK6LFJtfC1kcnF1NxNLpsnnEnk),€105.00,Restauration,
2/13/2023,Cergy,Restaurant du Golfe,,Restauration,"5 repas
",image.png (https://v5.airtableusercontent.com/v3/u/58/58/1791108000000/uPArRmcQR8gF8-OL3n4-Cg/rmjFNz_o4bQ-5SKjDkG3izUKh2xUwFrhGXQ6tW8qvbWXqR-qUInf5SrziKPlmOY-9GnX9OIizW4qBmwjkxHCRKsesp3mZDtaII4jnl91hma_r-mxbTgDobqd_bwB9LzTKWjW9n1BUtEk6Bia4k4aSA/h3iVrXAQPn6R9HInKPcpFAjM5Grsw_m4GCv5pTI5W80),€140.00,Restauration,
12/17/2021,Cergy,LA CAVALLINA,80452297700011,Restauration traditionnelle ,4 couverts,image.png (https://v5.airtableusercontent.com/v3/u/58/58/1791108000000/ZKHJi_lp9mU5hl5Q0vlMag/LPLBgZzkMY5PrCRY81o-Z7BpZGUDWFz1J8IRmkaw1Ox_dpphMZZARlzZuvmZ1Ilx__1aiut5tIqCWhQ6hl1nqlksM2G5S2QbFnY_Zap1BlwvCoRHDNljoTGRWAhopkHPGlrHWseE8NjrlMC0lG0jaA/Wr2WBsHVwLj09l1fmrzUU8lAmAF9nCVodMWB4wHU-sw),€125.80,Restauration,
12/17/2020,Cergy,Le marché de Caroline,39145530000015,Commerce d’alimentation générale,coffrets noël,"image.png (https://v5.airtableusercontent.com/v3/u/58/58/1791108000000/8SUtAgw2PAXUZGJnhoZIxg/xeLmMOqgJDawTp8X9MJGIXPG00uwBQksfczI19zHaVXiql4kQwHKHUB0dDY8oK4Vp7WZVr9iI3_09xCubMz0W0OE8VWVk3tPBV_WBzvfffNNY_wVVWeFLj3zWWmdXbrSym03PO5vudyh-BhJdMUIxw/U823SBzy-ud2p9W_I6Zhto4bw5fnE-B7y-LrYLCkmzc),image.png (https://v5.airtableusercontent.com/v3/u/58/58/1791108000000/CBkRYqA6YdDsJoo1XVs54w/YgiSW6iMtcH7eYYPh9yfmzSGyOnFrRBCnz5A62pmzI4vBESVIYSK1_xJqvEzyQIGCB579tLpvFcgdU1x8sAzFh7YLvPqThVnDChF8hj7_4l5i6E5M_PgF7DL5iNKniuwqQrpbTmopXcb6uSqwRgb_A/nBi35OUvqLn36ryUdF2XI3597Wc0N4xguUjgKnXaTlM)",€151.61,Inconnu,
1/15/2021,Cergy,O'FAMILY,83917533800012,Restauration traditionnelle ,4 repas,image.png (https://v5.airtableusercontent.com/v3/u/58/58/1791108000000/dGLPLXuPq-cUDfa5TIPZlg/JKmfwy-o_XlN0oO5qMeRdAnJryQDa4Z3zAmHXJLinEHvW5es0BfE_tJ5jPMcpv0LSMKfNi4pGFmqGfhoklN78nTZ3swYdiKdK-s5B0m5-2N3imbqFdUvq8yJY5GoYYz7OG7A-CgBZKmnaW8bT4uYrA/PzaAcVlWoDz-RELvmTV9R9Ce7XON1hnUhhCe2lvjnw4),€42.80,Restauration,
6/19/2021,Cergy,BOULANGERIE DES LINANDES,52760950700019,Boulangerie et boulangerie-pâtisserie,Croissant et pain au chocolat,"image.png (https://v5.airtableusercontent.com/v3/u/58/58/1791108000000/O2oHpD-5LzrLgKUY3KL_tA/kdY4krlofuo3OnqR_sM772UQyUVwtuRoAj_ljIQEkjYn91mFEYN_LhMKzFmD9m2HEAELHn-WrWH8xLcghXUuQG3a_rTKj7yyeTUg2shAOtSMw4B0b9cl3P_8r5VC9U55GXZZazwxXPHvMtlWt2gsLQ/UDvourSyP6ncMA9HgQgfff8ux1KSZ5iYUpqoGY5RTbw),image.png (https://v5.airtableusercontent.com/v3/u/58/58/1791108000000/4pqBx0OBt8tQ5wbL-p_75Q/AGBAlurdvjlmtbgplMOAKjJlPR4ngGIeaCQD4uRx4kDirEoU9ZmvjDNBGHqTgcVn6zcCgRMRLnyxlF6tKBKp3f2UcI-sEo1geShq72IZvZKLQMkf4FE-tyIh6e4DhmP5WWVqo4XlGUI9guTaTXz0Pg/EmyFGMACrSvPHdAYZzgxkNeJFDxCEddF9U2STVyROHY)",€29.70,Restauration,
6/22/2021,Cergy,L'Agora,,Restauration traditionnelle ,restauration,"image.png (https://v5.airtableusercontent.com/v3/u/58/58/1791108000000/nS0tQp44EqPTKnVYV2Dw1w/mcMl9wYbSagJoblKOcTYZZ4hXZ8cUhRol7-Hy0T4ysbvfcNEuRPUg2ydeDmLTlPXm5K17sW3q6He0uc8WP-xPk7qhyd2ZGe5BkHsQnYvxG8yborHtFL0NclNzdOKycamlHd5nVO5I3FmBgW2xd6z9A/5D3zanMVy_3Yz8u1Vzn7tO3lz4CXr7PYGtzu_ery1qg),image.png (https://v5.airtableusercontent.com/v3/u/58/58/1791108000000/DpNN7aC5s-G9KIgYsUT2uQ/Czre-6hfFyntYuOKesadZnraWwzfLepgy4lMCCJtAgcvodCq2RsG7xMKnA0aJud3HLODrBSnk5XWri8awVN-74hjPhK4o-8xRpZ0y7l-N69CDAV6Gywfln2gQ_eWsXi1VuvZSBvGNxB9UsmrDDBLaQ/UD_L5tEDAxTqhlQnQjtDWQyjFvCXBFLNwp1dECUfUZg)",€48.40,Restauration,
6/25/2021,Cergy,O'FAMILY,83917533800012,Restauration traditionnelle ,"3 salades
","image.png (https://v5.airtableusercontent.com/v3/u/58/58/1791108000000/QTIqg_Q8CzimKX2iphlhkw/AoaAiYQS0hrFvuFAGrlT09-bDZCh1yM7veVWoTHip1fGTulZoMML1C1daeRe06ba18-H41OVxT7SF47rQ6PvedDNFt9ONn7wxUSCZNHb8v7JMKvJw9_Kk3lk41F8YwHaCTAIQmQ5uAKSAOWHPcN3fw/1i9eAwH3vsWjgjn_Kvr85ZdL8p9aFkCTfBlbrXoncUM),image.png (https://v5.airtableusercontent.com/v3/u/58/58/1791108000000/qhYA8DU83BFCRtDpnLJxSQ/xaz5H0kfnJjel8_v-W0X8RZr2UXdtW2dDo9Yyd_ey15srVZaf8f43n94gFIspP4anXDyJKcxV3owbC6aM0WREwnlHIyYZRer6uDi35GE87QLiAQTl6LZGYW7eSLNEByHTFpqZ8ln7V_gXLIEaAOYJw/9c04t50FqMkIBBm3FQ0QI9GQtPcdkyCnLwvUzulTXms)",€26.70,Restauration,
7/6/2021,Cergy,L'Agora,,Restauration traditionnelle ,3 couverts,"image.png (https://v5.airtableusercontent.com/v3/u/58/58/1791108000000/F8FbloKRhxRM3YBdArMTrA/xv83hj7A_r-31B_yeCAf81G1pEK4jnCGHIEsiqONMZkYs1KazGr2gAsJ4vw3rcWp2DWojq79euH6FDL1jFPRxIcYPPvebxnHb7Fcm4mkLxfozppeHrRrfyAVlhH5xLkUPpaayxRJL8u6CIIr9dWFIQ/TuLrg4fIKpZdnHh91dFWQWzfJH-mitBv-5wE616YMuk),image.png (https://v5.airtableusercontent.com/v3/u/58/58/1791108000000/_7LNW7q8imI3RMnfzreWiA/DXgWhy1cyxi2cQiGLKj2NSuYRauSxjV9zPKTpZ79MQac5vtD5LD1sm_Y66SSuON5HGomPinsplI49Sq8YP5EBqv4pbS09paE1eHYE2720RLe9JecathTFT-mAG-kjzdjoEP5cw_888Osx0hXcNRj6Q/VmsF5SDPg69o4NWtLkOqQBs3NI7dAwYuSropeLlmqeo)",€80.40,Restauration,
7/15/2021,Cergy,MATIS,84991966700014,Restauration traditionnelle ,3 menus,"image.png (https://v5.airtableusercontent.com/v3/u/58/58/1791108000000/F8FbloKRhxRM3YBdArMTrA/xv83hj7A_r-31B_yeCAf81G1pEK4jnCGHIEsiqONMZkYs1KazGr2gAsJ4vw3rcWp2DWojq79euH6FDL1jFPRxIcYPPvebxnHb7Fcm4mkLxfozppeHrRrfyAVlhH5xLkUPpaayxRJL8u6CIIr9dWFIQ/TuLrg4fIKpZdnHh91dFWQWzfJH-mitBv-5wE616YMuk),image.png (https://v5.airtableusercontent.com/v3/u/58/58/1791108000000/MOYh903UMDIuguOIloZxNA/M293HbK0olpmRxHdax6pTmOL0ZeAGjFOJ5rHi7ovR-wTPTxd-oj6mdKGgRE7LsCGq_CwZ0iDowytX8mllFXWl4qjNQaUm4CO8FPTaVKM0isEbsw-VNl9XiPOGUu4Ance766CPA_0JnAOp5Fa68i4hQ/59Lu2sikYgFGeVlKVZrS-5KJ31jVTPrMbC7U_90mPj4)",€59.50,Restauration,
7/16/2021,Cergy,LAURAD,75051511600036,Restauration traditionnelle ,,"image.png (https://v5.airtableusercontent.com/v3/u/58/58/1791108000000/vEZ7dqb_SD90E_Me8hXKjA/MuZX0KMD9hKPv7iJCmQ-lnr6WNu-h7U3pg4Eov9BYGI3ZAJT4Sm5Bsmo9I2fubZxu92Dzr5JXPT7eeMBHkEVfi9pQewlbFMJd5qq7X7WTMsZccVKhtt_Fcib8qwMNelSnI-srOAN64ZqGAIfkhyiAQ/BYQHeRR1AvHyb5rJ83L7JMpTalv4JAN-VLXciZW4qQs),image.png (https://v5.airtableusercontent.com/v3/u/58/58/1791108000000/A3sJPs2m6froZ4r31qsPHg/8a4iRyfhKpDTypRNUN6iJRLR7G_Fn7j6LiWYUjGY8SpyZhBQE-F-vMFoeJsc7zQEC1JiLRiP27h2gALHkrDaxIpi2LBI5tY7lRBgtq1ZOs6nSEhajBq6qmby9d1XnJvjK3VriV2aK6JDDOef8ZmiBQ/oqK6huksBjKunSz9JUS_ppFA-jxEgBOFZl2hdxTfqx8)",€87.40,Restauration,
7/30/2021,Cergy,Nulle part ailleurs,580792805600036,Restauration traditionnelle ,3 repas,"image.png (https://v5.airtableusercontent.com/v3/u/58/58/1791108000000/vEZ7dqb_SD90E_Me8hXKjA/MuZX0KMD9hKPv7iJCmQ-lnr6WNu-h7U3pg4Eov9BYGI3ZAJT4Sm5Bsmo9I2fubZxu92Dzr5JXPT7eeMBHkEVfi9pQewlbFMJd5qq7X7WTMsZccVKhtt_Fcib8qwMNelSnI-srOAN64ZqGAIfkhyiAQ/BYQHeRR1AvHyb5rJ83L7JMpTalv4JAN-VLXciZW4qQs),image.png (https://v5.airtableusercontent.com/v3/u/58/58/1791108000000/ynVKsA3l5b9Hc_ss1_7qEg/xc-cNrkBxdOg8qcconjxi_kloQqNN7A_FYY8sOzu8FY0y1xAZxZSq0IGhju_nOfXEeh4NJD9rA9y4yYSadABptH8vqOEV62GOBugjUwDrCIgkuRXyum-XtjaVjfMCtxoSQOLS7Uwqc-6_6-weqzP1g/u0EpAHEHpeOobgmJcp14R09zek85TLXKkzGfzRqrLvs)",€100.80,Restauration,
1/15/2021,Cergy,O family,83917533800012,Restauration traditionnelle ,repas ,Capture d’écran 2023-11-09 à 23.36.47.png (https://v5.airtableusercontent.com/v3/u/58/58/1791108000000/eYAj9u9ORJDHdTfsPgKajA/mJnKFE8Aoz1wUSTwiS_iVSoox2ocvLHgosePq0TRBoN6c46TVC9DmH3YcHZHt1_Pbwno0k9zmHmfOOEER8M4j7NiOSlmfFA03pMvrqwQnLr0AXARPROk_6lROPu02xhyXX_TQdHzL3Y6ZkLhJEbMT0g7PEN-zu4OJitvyrS6-9M/CUDx2RRZ4l9S6-e5L0u4FOOrbCV---17EndnVaToT4c),€42.80,Restauration,
12/17/2021,Cergy,Le marché de caroline,39145530000015,Commerce d’alimentation générale,coffret,"Capture d’écran 2023-11-09 à 23.36.47.png (https://v5.airtableusercontent.com/v3/u/58/58/1791108000000/mYsdLMMRwn-HHDUEsznqEg/n4ZcpK8DCBFR53qFEDjEmOlzxprOTzMTxcg_twl12By9Tjr0E147cCSpVD5RbVpoePhZPjxR5egNfFMn85hBiZkSf2hzjzyYgT3L7O68ioqY6mbWN7ehIrL0YM38bckDBy4BfNwwgUbCWsdniIUOpdEwHNlK3ummxk1-C--POmM/2DCyhhh-65xWlqPeB42--x_jd6i0opV_badBHA3ckd8),Capture d’écran 2023-11-09 à 23.40.01.png (https://v5.airtableusercontent.com/v3/u/58/58/1791108000000/lFL_gN6achnir_9zvCN4bg/yd3FZpgStgglTWTFWy_W3uXk23btKCZ97oEyyZonkD6Qrwjpis-u29LunV49rAUylu7795o0a1eFMcjxgcCokW9k7TgqhbwGBx7XSbGEwQRxzPV4FX9VHaajrDn2zR2FxxRVsIPR4XoWbSFlX19JblPmI-GHyhGMxu9zFj13-u4/MhrDvPIHc7xSquO79_MbSluFfMnPx-Dx6ab3fe7gOsk)",€151.65,Inconnu,
10/1/2020,Cergy,Au fil des saisons, 80194298800024,Restauration collective sous contrat,repas ,Capture d’écran 2023-11-10 à 00.09.20.png (https://v5.airtableusercontent.com/v3/u/58/58/1791108000000/WEUXI1LctDxN9j6hJ-MADQ/fKne6fjfR-g4Wc2B9qvLkaU3t2eM57pY7iLlog9Di0SmE0AbY7Kqf5UOKN31MnRDPu9hW5qJHnnVOtlemiCKjwm11W5PkxneUNzg64K4lRK3xOnxF1lp_HfhpWTOZYpCivbnc0OelLcSsYzE5mizMrybxhFWh2ttw3rofgwjfvs/cOa72F8g5yYEXkBkLzxEPhD6X8sgq3k2bzZgsCbXjHw),€59.00,Restauration,
9/4/2020,Cergy,L'avant première ,75051511600036,Restauration traditionnelle ,Repas,Capture d’écran 2023-11-10 à 00.07.40.png (https://v5.airtableusercontent.com/v3/u/58/58/1791108000000/KhtWnP_CdeB2gaoP4zXBPg/NFQkKDjrMhTAVfTlyqF9CKcCoVXkTQeBgUKYpMf8zMW9hkBneXksBKMZBV9l9csysHTNxl5wCNCnfqHFARu8W7mhNLboCNuB1oMOTLrFq2Yfz3R5DKZnh7pxm0LiWoBzzlSp6zt6Z4U39ORY2Q44DOVU6U5-qhxiTnuC42Wxb4Q/i1yIYZTJRCKFPGW9JJIR_zSQLpsqHiQQkZe3t59jfDI),€57.40,Restauration,
9/17/2020,Cergy,L'avant première,75051511600036,Restauration traditionnelle ,repas,Capture d’écran 2023-11-10 à 00.01.39.png (https://v5.airtableusercontent.com/v3/u/58/58/1791108000000/_k1UOZrXsi3n4N4mWgPMzg/fGysWtDHPtp8TpFOcW9x2mOBbH3PtShn1VnY8pUikeeY9iSKE9tZrRQ_EkuRk5qIEPCPe6oJ2EYjJRSeXEQ7Lgq9alg1_u5MHB1FopY6LPa6SavBGwmUrskNbAF5sWRuxZ3ZtYpWxaQMa4FktYTVCHzCDcCz7xcbTil10eq1Vos/5bGWG1xcB6BTFQru8nqxhKiKV6tW4Vf5EFvW_au9gbs),€44.30,Restauration,
8/27/2020,Cergy,Kyriad Blois Nord,32269671700014,Hôtels et hébergement similaire,Chambre et petit déjeuner ,Capture d’écran 2023-11-10 à 00.03.46.png (https://v5.airtableusercontent.com/v3/u/58/58/1791108000000/CJcw3oEzAu2j_A8bf6WX4g/FTtu3An6jNXmqZyau53Di6KEpdu5AyCzRGZR-uBRO2bcn8RcgGHBgagENGCNBCUQNzA8FrtYrkXtLDSmnhjUzUNq8HGYHE_COGhRBDn7G0Gfz1Unxhzw6MeiIfgeSd8zO3U8Ojx-M1EarisXkWkFvKzxb2EkVzhFLpHMgwMWBgE/JrKpjajhPMzxtIXPrfoinqLh3Og7fNlHOUnv98fTM4s),€139.46,Hôtel,
9/19/2021,Cergy,Boulangerie des linandes ,31193443400011,Boulangerie et boulangerie patisserie ,reunion,Capture d’écran 2023-11-10 à 00.14.57.png (https://v5.airtableusercontent.com/v3/u/58/58/1791108000000/brzoavkYpEw-5TKyXLphHg/B9zZsmNPrgSNVuCrl78ml2bzs_fuOZjF24a8bcKeBBGcnzvg3sAwS7ftbJszPcSFV2XhmXQpWm4cR86oUMLnxmhZu74vl6HJehpVwyYXEmKAKZUtJo0nRjwxv7GnOXl0J48KwSVrtlg2mLWz9pdhOk6vexnamnYNhc8f544vtbk/4IoU4l1mbSc2KUxQkKlIUT7EgVApJwjSzrwsG93M1tI),€29.70,Restauration,
6/22/2021,Cergy,L'Agora ,,Restauration traditionnelle ,Déjeuner,Capture d’écran 2023-11-10 à 00.14.57.png (https://v5.airtableusercontent.com/v3/u/58/58/1791108000000/H7IZtVnbhZurCuWRiFjgBg/rq1RlvVBF55oN7gJM_JemK67Ttxk74gsgz7HoEymlXdbuY5m2XrlMNHioD74KXeg_o0vsLUGAxPlTXuYO33Guhg4ziWmK4P_zyUGffIOOUKg9whQqLpuZkoU7zzwn9qGEzrat_H0lKjl_6eGYYEP6JfS57NSYi9l09t4W-0T_q0/gTM_xi3mKVe-afM4TYmwjkX_2p2DEbNEt-El2BZrnxM),€48.40,Restauration,
6/25/2021,Cergy,O family,83917533800012,Restauration,déjeuner,Capture d’écran 2023-11-10 à 00.14.57.png (https://v5.airtableusercontent.com/v3/u/58/58/1791108000000/fERS2DsqAFjXgjJYcf4R7w/jaJPUypdCT9DkgkH8plFfHyLg0_0Udbe71rc-rQO5vktJ1F3owdxy5wFT1Nw5QOdktJxC2biC0k0JFMHZi5lVp0KdDP_VxKeYyZITKd-i-TkSgu5Xvm5MSdFCC9DCvnVvoCqsgwF_eHqC76CD5rBHL0S0qp8nTCEAiYuspJ46Vc/_2ggdieh5BOb5oPxytrIeJv8AOk-qVZGmZqDxCalWDI),€26.70,Restauration,
7/6/2021,Cergy,L'Agora,,Restauration traditionnelle ,Déjeuner,Capture d’écran 2023-11-10 à 00.14.57.png (https://v5.airtableusercontent.com/v3/u/58/58/1791108000000/auFRQxJ-E8qAATJfZyCa6Q/9qi7AcL54AUVO7_sQ9ssqUGY-vwesdmHKQ_2fMJMm43k_w7uW0W_DDU8-OTdpXmVbIq3wtbuYQukAH8T6rFtVahRjRVijbg2kNFric0OuXm_AO5F15Z-7_TkWvxrNTg4uLX6Wlb8xulAoMniKuRw7zyHgg8HJ2kyBono5FExCwM/0cL9YA7Y_-OLBPiSsyrln7HZWth2EVSCht-L9G1r50I),€80.40,Restauration,
7/15/2021,Cergy,restaurant bar buffet,,Restauration traditionnelle ,Déjeuner,Capture d’écran 2023-11-10 à 00.14.57.png (https://v5.airtableusercontent.com/v3/u/58/58/1791108000000/DIt9iOd37noURCq5w1ZESw/AcS6Ju0QJcgFuhzXClGIRYgKODYiqZPrDvXac9r4__SlnRcV3X4jSxIYcZyw_1aYOA51HGrJrEQavii7ob-BaEcUZC8o7-cwUtX0U4pnzTODci_3hcQ72m6t1jtYkqe5LGJz7fsicDHjmHCPbUDx1Fc9ubEXP-IOefgiUAzMpGo/DUMcykWUr9kjtw0Ky2y_u8f-mPhkT9d50O9jGL5-0eg),€59.50,Restauration,
7/16/2021,Cergy,L'avant première,75051511600036,Restauration traditionnelle ,Diner,Capture d’écran 2023-11-10 à 00.27.54.png (https://v5.airtableusercontent.com/v3/u/58/58/1791108000000/ZVFJrVxovqd5V2QtPGAeiQ/mK2-2wRxk24uDtaiimU_pffRA1erVTxjIAg28NMspYPzY10FmgW3wp0fJib4MYFyiGtRRzcDRSYPteyfS6YujxW15-FW0JEsXZfPUYL-YIy_oVonHGoHtUpHIdqO--dphaXEKiov4TmjrtoxcQH93_eJRc4uo221o1JcdL0L4rQ/9etBPFTPcBuF2Ks2GWOQb5scUpENaCieJq77vdgxKf0),€87.40,Restauration,
7/30/2021,Cergy,Nulle part ailleurs,580792805600036,Restauration traditionnelle ,déjeuner,Capture d’écran 2023-11-10 à 00.27.54.png (https://v5.airtableusercontent.com/v3/u/58/58/1791108000000/zdzbENofas_DNK_N0BnLZg/JJRMZVzVcMoxy1sVugfb-s1TbXvZhCjc1emZBUQhbMrna3W4njy9nEFAhfaQkWIxgq_8AzfF_vicmwtkGN31ANr7QD2C8MLICuk9l6jmGaCF1jAfjPM5QwoW6iyDBWARCBAYGNbxX7HbSOzgt4a_RpqqeF0s6MuNEtN1nmumk8g/Wi-Xy0eiSUkzwBjyspqLZSVkYWHGcMhz-Um5EAHBwaQ),€100.80,Restauration,
11/27/2020,Cergy,O basilic,83917533800012,Restauration traditionnelle ,3 menus,Capture d’écran 2023-11-10 à 00.39.56.png (https://v5.airtableusercontent.com/v3/u/58/58/1791108000000/DqH_98gDmXligXrZtZa8gQ/wFR25SAQ6fZz-5wPb9nGi1mkaj7zUlFyDiNbF0qBK5OnLTamGqjSbj-R3aVuk8u3Xexo97s9D5bbeDnUkG3EBnPKGyyZ3ZvV_ej_4eAu4iVPrb2eqFFUqsHkQ1aIQXhBfQKZn-g37bDxXnJwnWs24p9gAUJfyxd3IB8446AfVMk/7uExOF7p0Nx992UTbja-l4OJ1Cfmt9QfxIssQitQIps),€33.70,Restauration,
11/17/2020,Cergy,O Basilic,83917533800012,Restauration traditionnelle ,2 repas,Capture d’écran 2023-11-10 à 00.39.56.png (https://v5.airtableusercontent.com/v3/u/58/58/1791108000000/-hRntpLdT2o15T6tCqD0Sw/IHEy3dk6gn7wmNfqRAoclHFF-6S9N00FYgmQGtfVMZ6FIVN2RMcldYMeOATj_p2PGxRjnLpsDik41PCMFXz2Ek9S0WjKN6x8l5a6SJ02mrdFr7ggL50_9C6BAJvvrTVLgB1KMSPiL16ywNVU1OTt4b03UorlrdDP_DhUo__h0P4/zuZeeq4gMUsn7HKMnAHH0IcMqkGiCa5Bm8B5jRrVXls),€20.30,Restauration,
10/15/2020,Cergy,L'agora,,Restauration traditionnelle ,7 repas,Capture d’écran 2023-11-10 à 00.38.59.png (https://v5.airtableusercontent.com/v3/u/58/58/1791108000000/JEnSu1J7EALeEEBLJUTnCQ/2NEiqbiBi9Q2UIDrq2tpisCIw7MFx5qU1l6KKDp8R86dZt71dSpulIKRysBRCIl6RO_bv-ZQ_YHzOIrhaVF7EROsBqOfWNDMkoXe-_9JGaK9elwy7jZJvaGUn_CihtEIILbbfMGxjKNGcW-0ozDR9fLuYgVEg-OhtDq72S_Z0U8/EAXLccIF1HaPN_FN08-RVRf4B8SdFc9h8GuVNp2g6i4),€191.50,Restauration,
10/16/2020,Cergy,Noor Mahal,85031247100012,Restauration traditionnelle ,1 repas complet,Capture d’écran 2023-11-10 à 00.37.41.png (https://v5.airtableusercontent.com/v3/u/58/58/1791108000000/NfuFdrieJacwqrISE5ApHQ/SM1tYSwFmFLcT-_lEdBPjkuyOTRejwbUrXOM_G-NnzlSP4U4cP9Wyhs8vDUVCBPhddckb8UwTySaKUGAdeij1GlDqhlQKmthKtjF8N6DLtysvRXy5czL1vXaOeoUB3yCfBUYNoVVS4rsVw8Ngm8RUbaG9vNYr_fKGSYvn-j5OiU/KmwvgtdfRK-FTDBKIRATpa1agwL-Sl3baac1-cfm4C0),€32.80,Restauration,
10/2/2020,Cergy,L'Agora,,Restauration traditionnelle ,3 repas,Capture d’écran 2023-11-10 à 00.36.45.png (https://v5.airtableusercontent.com/v3/u/58/58/1791108000000/ADZnnbR6PQIf6qwikucybQ/1cFZr1sPsYoJqtxpK3xLom5JDyUJbG1tCSvlhcqMzE8ZydByUnhGMPTfyOfb7brz8Nx3wPouftCFgt-1SdLE-0s8pcHn3dEM32KuhK6RQXGaDQ_xFpz-GYZ11ZmRglPwPAmHgvB8n5NjhY-eLeDym0ViUoJyKfetzR1jHScn31E/SdocUU4a8vjwcp-5Wsf8Wz3PHNTjUEeJSzMhbh9Vo2I),€62.70,Restauration,
7/6/2020,Cergy,L'Agora,,Restauration traditionnelle ,plusieurs repas,Capture d’écran 2023-11-10 à 00.42.04.png (https://v5.airtableusercontent.com/v3/u/58/58/1791108000000/ohDvEqt8RiJBDgcuOk-fGg/eXuyG6DwT6tJANtf-gVbmacqnsMsVm3fxzZhLTVCNF-QtdLtEnLL6gzc4uW1nqPLIkUcVoKsom3lXhpuqwqjKcs3t8IVXpjqwvjBz1latXJnwoWF2PIr8AeXhHv2OxYrYdDJCasY9IcFePCCfSYR0yAQ4ytB3UdhYw9l4NAu1A0/tG-xay_WF-jJllLOUu_6SOwO0qkvQm2lgcd2RyKMwCg),€67.80,Restauration,
7/9/2020,Cergy,Cavallina,80452297700011,Restauration traditionnelle ,2 couverts,Capture d’écran 2023-11-10 à 00.42.22.png (https://v5.airtableusercontent.com/v3/u/58/58/1791108000000/tN-VwTGekJx8QZ6np5BnXQ/WmhT1ndpZYkkFIdMydGHiwCLHwvy6PngIWHEd_k9ceWFZJIVBm5n0tQGvUuUyhVAKAsjKskADVbx-jL1Aby8Jr68QUUCPFM-RS2Z7Fnawo6s1n7Qdd0DwcDUADvqbIFIqGHmoUt5Cf53H3vmVTOGyDiWodo-oTfbdPxZlFgpk4Y/aMpapACJU2Dg-upMF2AFndPcuGJhjGCdYFLn4d4Ut7I),€54.30,Restauration,
6/25/2020,Cergy,Cavallina,80452297700011,Restauration traditionnelle ,4 couverts,Capture d’écran 2023-11-10 à 00.45.37.png (https://v5.airtableusercontent.com/v3/u/58/58/1791108000000/mP__tlG47ZZjL5cesG-klA/bj-z_qerTPYPq07e1FPx2-uX_OX7eNeCvhlyGfzXWuqeOJKCf6pW9fWfjo2lloFkvx8OJn0MSQM1yDzUJR6D2DHa6-BvFP96kqlsmwUrFD9Flhd8Fhx0rwJvZMWnO-9bTWLrvXGEmWcQZzTDqAYQ0WBJUffW6Cd0Mw8a71idnb0/jnB0KelOiJ7VQlDHH-t0CiupSUFUKyNeSp3Kt6jlQnw),€219.20,Restauration,
6/22/2020,Cergy,Cavallina,80452297700011,Restauration traditionnelle ,4 couverts,Capture d’écran 2023-11-10 à 00.47.13.png (https://v5.airtableusercontent.com/v3/u/58/58/1791108000000/l_FV9SnnY8ZRt3qXJY9tkA/ufNReTGKcTSD9tlHpJ7iXmqgR1VsqGbXfZfB5_YF8TZrnZ2rIMaKkNC9E0m5Uv9y6HgnayocFulK6YphvMbpNz6_5NR_1yf9RtF36TVsuVdwEKhnJRMSudt6uklImdILunj2P8w8Tzy-DNP5-TID-JO7J7G4RBXvP6X8AHnFd04/9g2TWwpZaEGmvOKxi9dGollRhxBfsX1DdIEsi4TGQkU),€118.50,Restauration,
6/11/2020,Cergy,Cavallina,80452297700011,Restauration traditionnelle ,5 couverts,Capture d’écran 2023-11-10 à 00.47.23.png (https://v5.airtableusercontent.com/v3/u/58/58/1791108000000/I8zzNbYLxy0baUU7s4U-Uw/oR7wo1taT7MKa6bNVK550Z-g51N5lAQcYdgpsFyDCUkrjKAili16cHxE_qc7J2PItFw9w99R3YBIuL_wOyjPtflARkPdIjDTrdPrQa28k8seMQEK3_eC0swhyBpEPFT71Ox0wvrepUuX_ajq_wCSWToLOQvRA7pIMu9RJHhSe8c/xnlQJwihc_tPf1PPStPBENrphtOHcAkDu-aWfV7yf_Y),€135.40,Restauration,
7/2/2020,Cergy,Au fil des saisons,80194298800024,Restauration traditionnelle ,5 repas,Capture d’écran 2023-11-10 à 00.50.56.png (https://v5.airtableusercontent.com/v3/u/58/58/1791108000000/3j0u-dxK6dJc83WKSpQUkQ/mWImx4hjf4X-9IYGUCSs3fciTwuas78YhTG0-DM6bi-ysTh8z_8XCNJ0n3jFFagUNOLXKLhX2qoMIcp1Jq9O_fhp_EpdvaClAYzVWPfaHsHRwhbgf2E31RCqcrmmityK9kdXp2_0Z_ij7Pj_zHZGpcq59YN8VLOg9ztNgMDJSjE/IdlwjOcy2n9wnWoVG3CqHOoqIKCJgXJDmOEBsaNfBr4),€186.00,Restauration,
6/25/2020,Cergy,L'agora,,Restauration traditionnelle ,7 couverts déjeuner,Capture d’écran 2023-11-10 à 00.52.42.png (https://v5.airtableusercontent.com/v3/u/58/58/1791108000000/yjvKuMEbSTA19VDRSwSLwQ/cklnOvCDPsmPeVqdpR_GDc6Hr-mhB4dXU8_Q0k2R9QbC8inBtrywd8htkv7QZ9jhZuBWE8UWTIo2Ui67gsMzJNXDanAj6I9x_4Qbq5tcrPDrGWWK5nQ60u7KnEODENhWb7owJVmQm0AQhWMM8cCULmkjE_TsMP2EkxQqUp7az-4/SdMKfCzteiMdBS8iv5FPxlRlgjleMzN3sllE_W9Ieic),€219.50,Restauration,
6/26/2020,Cergy,L'agora,,Restauration traditionnelle ,Déjeuner 7 couverts,Capture d’écran 2023-11-10 à 00.53.20.png (https://v5.airtableusercontent.com/v3/u/58/58/1791108000000/BZ78WDLIXAhjZokC_Mutjg/qxtflUPKcvEER-Mgw76pUpzGf_pEbN5lO36G15ezU8GDCx_U3HJKaZ3KzgxUp--B9-iFPBmuoS_Foqej9E6_nRIydlNfckiAF6IcT8VYxmYjEp-kf_RHS2ZegGu2oLEiwUAGJU7m3ru9jYuK30yGTeGrwIoWmwUdUw32Vn-xfYM/_fCCXfVEbiIBQYKWdIW_a_kLmBgO7wbslqm8d8FjwPQ),€148.00,Restauration,
6/16/2020,Cergy,Cavallina,80452297700011,Restauration traditionnelle ,5 couverts,Capture d’écran 2023-11-10 à 00.56.08.png (https://v5.airtableusercontent.com/v3/u/58/58/1791108000000/5Mv6zUK5BVfGSY2WIr5ljw/ZXDS_n4IyQhcFw9TCWf5zhySsdbJTpQFQxS1EP5vb91CTjTQLECh3f1cb2kJB5JF7GZngSbQDy3e-OMtP4Z0ZhRD-IZdXUqN_vAEmW4kFF7t2xggNlOOq9UF8E_vS9ymi5IaIGNUl8JRzL7MMMWG06O8h2wPP6EI5TzUc4bwcMg/Usa88y50ORYkgT1r1iqtO9Do5i2wyXqQtyZFCpZqbfo),€136.40,Restauration,
3/12/2020,Cergy,L'agora,,Restauration traditionnelle ,5 couverts,Capture d’écran 2023-11-10 à 00.57.20.png (https://v5.airtableusercontent.com/v3/u/58/58/1791108000000/qlOfPogLByrzZSEnyujPmg/hf49RD4Po9ab1fmRFKyemNFaSC7XbcK-vF8WaeSj3vm-AEAkuTaSkoJD4bqyv7GOCR7EJJC26eoh7D-O5dyGSROK_W3hjgXbnyyETMt3M_omdPx8EfkAgWoJoJPHb4eBi6IhjQbY7PKGK70javPf2v6X6IJgc0J3GMjXsGWQtq0/ed-RFzdvz8qqFPM998epd9Y0dZ8eVykUIMVFgGhykhE),€152.20,Restauration,
6/2/2020,Cergy,L'avant première,75051511600036,Restauration traditionnelle ,8 couverts,Capture d’écran 2023-11-10 à 00.58.37.png (https://v5.airtableusercontent.com/v3/u/58/58/1791108000000/tAALpRsmqADu3nslbbY7Xg/eJoYhkQmeAO1y3YLlu3h6vkJAMRsxwuO90t_xGbco8MJWiMrCXXqNO9n7BpJU6fJcThv70Vdnd7LW9eqz_e9T4vQz0RwmPGB_WiEqPj21xdIU0p7R2Jw9qnUsgeNJKl_XZOTWByAZh9LE7V6juaTfhiwPZ4izlf_BYVRbQGLcCc/qiq0JpJhH-JButzsdnHbqxB1iFGfshoZbb6wkJ0YUuo),€200.00,Restauration,
6/19/2020,Cergy,Cavallina,80452297700011,Restauration traditionnelle ,5 couverts,Capture d’écran 2023-11-10 à 00.59.21.png (https://v5.airtableusercontent.com/v3/u/58/58/1791108000000/Yw_qtrltVF7GsnQOThXQ7g/QncbAn4sA3cuaegGwAUskCoQn-nC5-LDUDGC7yBN_OpoaVtCtGf0i0tox7i-dJ1oNr1WGxqp7CavBA_cKgsGDSwJVxcsKt50-p3lr-_ZyDXS0kcFWCGzvqJK3-06KlEdvT5Enjl2JFvKZNRLv9188zYO3ONprGGgmfXBLnIQnY8/Ft4kaqWSLIaDZT4DPZPXIJGyqqE6dk5OX-bm-RPnCU4),€136.40,Restauration,
6/22/2020,Cergy,Cavallina,80452297700011,Restauration traditionnelle ,8 couverts,Capture d’écran 2023-11-10 à 01.02.02.png (https://v5.airtableusercontent.com/v3/u/58/58/1791108000000/tHzeXhgf7TZ-07XRIVBTxA/kEGs_0yvdI9EFLpUbBUoaD1Gt5Adspqs0imAXzJIvMasyf2odlAQBTbYf7Jg_LspRvBvNQU5NmTpjpNeTlLZ_UPLmu28RLmUksB0KPqU-5IjZU1q5jKpCXZsSpwFrVOHntGwHtmYhnC9vCSe9jKGju4roaYl0SOyVZtLC6gZZJg/gSJUgoB3-TZaq0G5UL9MXTwMWMtAhz47KAXaziUjp4Q),€234.40,Restauration,
3/4/2020,Cergy,Cavallina,80452297700011,Restauration traditionnelle ,2 couverts,Capture d’écran 2023-11-10 à 01.02.40.png (https://v5.airtableusercontent.com/v3/u/58/58/1791108000000/xaZ0ai9EIrBU6Q61TdM_wA/R3rHbr3eJdZVdnoEarWs_Dl9eGI1_NP8dCS1jpHc03wT92Bn4qprA3RTFy213990vnKIghctbk0G0IzsVRFvi5Ty-REK5z_DvyqcloyWsbsLc5Ssm4yBZRS3ClHI9rkf0YWXfM3bFPe1XkbdDrpZjXxdHo0HcAABLhI-varGK4U/_APLflRHjWe8OhIVqAxJKdIW-wiBFf_Rc3QX66s2n9M),€52.00,Restauration,
2/26/2020,Cergy,Paradox café,83914230400014,Restauration traditionnelle ,4 repas,Capture d’écran 2023-11-10 à 01.05.12.png (https://v5.airtableusercontent.com/v3/u/58/58/1791108000000/GnHWT0jCtzce6oUW1XBBZA/SBHGP_9oTL8NYytA5cbKghcQ9tbNVFaOv8mf1KD92BHx_IOgYRzciiYccY844_beuj3k4PuM5Dl4yGP3CxVbXnjTIwx76XOmS8E4MCnDrs-1r423iIIpHTryVDFvbmtCsRkEDG0X4yywjZQjdb1z_3hkOT6A2x9JiySba2awQ3o/exXf4zW_aOa2aPcxFRfLBdy78Np-NKNxlvpA-Gsdtno),€94.50,Restauration,
2/21/2020,Cergy,Cavallina,80452297700011,Restauration,6 couverts,Capture d’écran 2023-11-10 à 01.06.45.png (https://v5.airtableusercontent.com/v3/u/58/58/1791108000000/fQPCvwb3ORDpjEISxzUqKA/oxMZxE3TdPBIXE8iKy9g46K7bSzitZ_GCcXKBrkqrsoZnxraY7gSrua6dRPNrLCRIHuJTDJbc8J7wuip5LCRJnZ1Z4rKhYUZ_lNLw3Fa3ZrBX-F-c9gWq_BYhoaa1vS2JC_fYqIWg6RDNLCAV7vvfPoIMYWfcpy611dcbIkwgNg/MDAhzeHWErUlMu-cguXifyeCwWthtIVkxA_-Css2P5E),€126.60,Restauration,
2/17/2020,Cergy,L'avant première,75051511600036,Restauration traditionnelle ,4 couverts,Capture d’écran 2023-11-10 à 01.07.18.png (https://v5.airtableusercontent.com/v3/u/58/58/1791108000000/OcT-hn-EM0lNCiw-tkR3iQ/40ghDjqZ-Bpcoie9HEoFHbZ6ed8QI0UW0QVmOp98GlDjALPFCJXMj88ZnJJGTIF256xJPwkuq2hrAjAblYgBFz1GNpUuIEJfekimCBt0VTwR65BSt1jIOuJst5NRPNaudF38K-omQi995Y7auj1K3tx0GxsaaNa2NwHeabMCwYU/0Wtzy10-77AhCkeiuJDd9us6OOTPIBZ_TX8oq0QDZOE),€68.16,Restauration,
1/7/2020,Cergy,Cavallina,80452297700011,Restauration traditionnelle ,7 couverts,Capture d’écran 2023-11-10 à 01.11.27.png (https://v5.airtableusercontent.com/v3/u/58/58/1791108000000/_QGzFkgbOknV7lj_u-Y79Q/RGUALIyDW0-Jdw0P7DKW9Npde6Zvsvagcaxv_Uaer99WWJJcUrFFVEjDQH9Ipi6N-px6IvjNLSPeo_ZmP6n14F83E0kREKRIRbQdxrsXJd9LUnpli-ktp6b4U3_XQgOJvEE-ZV_SMgbUcXJo6b8P341S6njrwvqgsYnZJ52wNiE/CWnNw8DYZ7WZiEC2SwWGm-2YLhC1I5V1xCwKB46Dw5E),€135.40,Restauration,
2/14/2020,Cergy,L'avant première ,75051511600036,Restauration traditionnelle ,7 repas,Capture d’écran 2023-11-10 à 01.14.14.png (https://v5.airtableusercontent.com/v3/u/58/58/1791108000000/Owv89BKX0ctSUt0i4Oddjg/mlL0st2TpPB7TgCcL_1TnNGWphFx-O0m0a_1s_P1bAKyHacIA2JL5XssxgY9GUUxDwmCjPtJ7q5TYuJYKlTnBJ0YLv846VY06w7DYQhwnDURhy6z68clE4BR6xdubxw8EUZmuxxKtonflVfKOTv5GtptpNyD9-kpld7-mhGyR6g/ru78T1EyxlrYge8UbokDA8cFNtNKd4CQ6UkyD4VfL14),€221.00,Restauration,
2/27/2020,Cergy,L'agora,,Restauration traditionnelle ,2 repas,Capture d’écran 2023-11-10 à 01.16.09.png (https://v5.airtableusercontent.com/v3/u/58/58/1791108000000/KL3SqoGhU3J-YAn1yYCPWg/p2C7Hx1PBXpa6IUKemu1-P3tA_BvaYKCtz5e_xOz5PIH9ZyRUKpCAASXzNFfutuUTjShgA6deA0E9xmQ_anylO7vY0IidCA9y6tGuQQxom60w9yVXt4_UKDR1gYhVsszms1bOmSJ_n3EoReBmGXsm7EpsKyRiId63yHDBuCvPfw/P9pwgSwF1aNi_zT9P3VIqlcMr6Zo-OfgfCRhlW-bOzY),€49.90,Restauration,
2/28/2020,Cergy,L'avant première,75051511600036,Restauration traditionnelle ,7 couverts,Capture d’écran 2023-11-10 à 01.17.32.png (https://v5.airtableusercontent.com/v3/u/58/58/1791108000000/MPaE1eYBMOzqq_CWrtsPOw/Ade3LDOB0mEVeKQhZgBKbyC1qNnXBahBAgEM7CFqN-dbQnTVSKRGgbHkUGuuhcVTpAdzU2BSIxxGVTKWTW9LwmDvhE4gwTgojmxrYjt4tUsNSCcosdz7xC31Y4W1ip9ZBb_0MDqME2fAvLYNXzashaqYTh5o8WnEsQ7HcW9gHjI/SmHlXZOcGW2xTlUb8YLrgoVkwyCJKBev7OTxJHrc10I),€131.60,Restauration,
12/6/2019,Cergy,Cavallina,80452297700011,Restauration traditionnelle ,3 couverts,Capture d’écran 2023-11-10 à 01.18.39.png (https://v5.airtableusercontent.com/v3/u/58/58/1791108000000/hZkepF4zNPbzOsOukR-OHA/VIx68VwQYRmRjP7XfgljcD18DFMgxs-u5P5WuOKsM-989-TDUFIoNYi0_g7HZb6-8bPwsAcK7Fk_gjjy_B7VENBPKYtbXsVKvzezVmIQbx_Os8NeN0g05hNmTJ88LVV1KgQffTIa8uiW0xeoh7lOZq-0Tl8OoQR-fX_VXbEwbg8/SDQxl6aJWvEFNhgRmrRgZjLgXWJEf8cDSmcMW4VqBDM),€97.10,Restauration,
1/8/2020,Cergy,L'Agora,,Restauration traditionnelle ,5 couverts,Capture d’écran 2023-11-10 à 01.20.03.png (https://v5.airtableusercontent.com/v3/u/58/58/1791108000000/qeC7WdF9nuGV2uRhb4vJFg/zS2u_FkLd6Z8rr38RqQjW-3zv3BtcaHIYA_judsM87p9l36I7HbMhK99Q_Mpkg3kX2XpFaypAFvcJRZQQ8xS3cpD5OtG5FZO4FQh0yfoxXlZb-fk_wziXRqzGupW6FAGY461hISGkoaGmJ4YLpExnqO-AgVNxJl0tXKanFcP32c/2SYDVr7rRoEZcaqZ-hinuAwc1vdviohgcO7UPPgOls8),€100.00,Restauration,
1/8/2020,Cergy,L'avant première,75051511600036,Restauration traditionnelle ,2 couverts,Capture d’écran 2023-11-10 à 01.20.03.png (https://v5.airtableusercontent.com/v3/u/58/58/1791108000000/JpZlfMrwNnzsCF2VHYT79A/ZD2_BgsWxqzhkjdO1KaOelD89m_Q-qsV4T8qZGCXl-ZxdmJoJ8A786yrb2VNdqtbum_KLAz__j_Uj-8ptaok2JCQr3Oo76E0uEyb1SFf1r2oMHLCevg0t86xZOxGYgfsq7xBfMgtuc31Y2s5Bwd52Bjt-TyToCowSGF9wG34hRY/Ilxhe-m0cuowXvW1ze4nwZRPojbN14_7fggP2PLyCFc),€37.00,Restauration,
1/24/2020,Cergy,Cavallina,80452297700011,Restauration traditionnelle ,5 couverts,Capture d’écran 2023-11-10 à 01.23.04.png (https://v5.airtableusercontent.com/v3/u/58/58/1791108000000/wGTxGPLGpipdQa2LysZOxg/l8mS7NZD2wNvQvKQh3nJTbSai9gCn0jcrtCKHjLgrKD6wiTIhdmF8pnqtstzn0YMopC60TzPBGHd-vqLFNowoz0MID-vntg5nGngcUAyGpDAWSrIWfNGzJVbtMF1VmotT9gon4um3XttkwoWOwkSPDpJo_WbeTPYdFhSjrbZc3w/pxeKutYSeZU45iwHerKE3GpVNVdGQHdBg5KYYSOvHcM),€161.00,Restauration,
1/30/2020,Cergy,Cavallina,80452297700011,Restauration traditionnelle ,3 couverts,Capture d’écran 2023-11-10 à 01.24.09.png (https://v5.airtableusercontent.com/v3/u/58/58/1791108000000/cFsQ4xv_Rw7B5jxknMMiAw/14C1IbN2impJxZjsHLyf9YqnYXJhmqf5xpjljKQTHUxv820Yu_mNng_VWSAbu0ZZ3paip9M3ufXdwFVIP8mj8ueaNEd-DXSBW-LUXM--hiPxpmeXb1O0Zt8FFAR1mfy8QgyAtmHee9dNfJOTZ74EsK2lIuUgKNt_JxuUrSa0SDI/2Hq82FdjgB0zAY_oK3cyP1o_jHv8gspCJfzjErnHuwA),€90.90,Restauration,
9/26/2022,Chantonnay,SNCF,55204944776279,Transport ferroviaire interurbain de voyageurs,Train A/R déplacement à Paris,"Screenshot of madada.fr on 2023-11-01 at 16.38.12.png (https://v5.airtableusercontent.com/v3/u/58/58/1791108000000/FdxazJtFfEhx9GU1g3cBAw/plRWRouNSGf0Y_P7CsxD5g8FmIoct0VU05CRu-1XtbMagQtoxfW86_uSrt41UMEcM0rJi698zaTRSwqX8QfV5ZZmfAwRw9ZlrVAK5z1_Jf1Z7nRIwolbi1nkdStgSQtwuvEp4RlbAfpZrkKggiGSKTWCG6D2e-vAgrfWj-jdOSFgmyB6aOHhl9erHe1EMoZL/hV-dnhSkL3aNa8ii1DuNRkE6RQ1BgzZvfWWvYgkNuY8),Screenshot of madada.fr on 2023-11-01 at 16.38.28.png (https://v5.airtableusercontent.com/v3/u/58/58/1791108000000/owGx7J0imgGXIrJRrHpp7Q/Y6m00-6K0RsOkUEvA60RBPcKF-anJ_e2PjQmSH7-a9Fl6FX7TNQIo8sZFwW70a5kf-qzlT-x0rP-7J-14Br2QfQdLeuEk9gVIKHOAjzmDsDhaS7bI-oF0sXMcJ-NP7sqos3dULOlHfp0CeRx49AsaC57u4ZMz8D5Ur74H8ananpZveVdtdovBi8PrO8P2iGz/pqX0OjIk6EaCQnnI9lUGAuGUg-Db-B2woC7DYDqWqD8)",€92.00,Transport,
9/26/2022,Chantonnay,INCONNU,,Transport,"Taxi (déplacement à Paris)
","Screenshot of madada.fr on 2023-11-01 at 16.39.47.png (https://v5.airtableusercontent.com/v3/u/58/58/1791108000000/xGWxx9Kh21BEOhxtSV4HlA/Xk4nd_by4i8vqCw92vu6muPYVL89kXlyhCte8g-evIY8sv1DggGdDvtW2K97FsoyCMuE1JrujYyEyeQtAfPvnhDpoSNvC7SQxNwRtDAvn81PPj80znOmOQH_vXQDI4Gl0LfIaeUIS87CpD_HBTnLdR1jEgQMyO6gfm28WcAev8Z2XemLzDgJ13sHGZbti7X4/SG4v4yCnW_xSgc6c7ik9a5HFEGpQpvgdYamNUKy_Npw),Screenshot of madada.fr on 2023-11-01 at 16.39.52.png (https://v5.airtableusercontent.com/v3/u/58/58/1791108000000/4KvP0bGZyljW_6vyVCP-Vg/gLS0dywGn2Iy7_qL12f-C-QzdbjfEaYMtKNrBTFH7ClCa8wuCt50nFEn5ur6pgFYcEyvwDlBl4-tqMP0gMntgi9FF9QIspOvCj6rf634SnFfvbd2RQg7R1psXsMdvY0w1LKIRokijBX3yX_qf4-jJNfLXWpv-f4UdGiCKOHYgXPp-Rrpd71niZsWQtEwgjWO/4YTYJWUklwW7vOhdVe1aW_4QuUXgKrQbwgYPziztqns)",€31.34,Transport,
,Chartres,uniquement délibation sur le forfait de 2000e mensuel en frais de représentation,,,,,€0.00,,
,Clermont-Ferrand,AUCUNE NOTE DE FRAIS,,,,"image.png (https://v5.airtableusercontent.com/v3/u/58/58/1791108000000/HwkzTAK7TDPoRoZrQFXDuQ/x01BWmE_SmvrZilvi1Pcj1ojR4eRV16HRdC9HK_dBVjxxM1-FcXnxMQRC62m3k_QzQWY6MVmdZQze4EL29tkF38WfLS2AhiXDHkXjMCU_jLEoCiXBXMRyCHZ1EPZSicES2-r9iGk2k8a7oqMriTTEg/DB4uwbLdsq8fftWaf-LIpqybror66Zpp_KVuA4M8dO8),image.png (https://v5.airtableusercontent.com/v3/u/58/58/1791108000000/Pz3wUHMoRfk9QJc8f3p_8w/BpWi-lQ1AWS1a4WhnTm3c1jjk827NHPh6i6951ekl5skMPQc0tlHrlzpnT8YAhVBIG34G0ZN-7W3xixO2jpDOe43y5mZ1pHoa96bMFnyok_5Nc1nIzLyteSibRlj1pweXVw-MX0HHtO4v2UGunu-6A/jVOqShHUUFpI7tqbyRe37GnCmekpUwyNmQHl9D9gB_E)",€0.00,,
9/1/2020,Colmar,Inconnu,,Hôtel,"Frais d'hébergement
",,€110.00,Hôtel,
9/1/2020,Colmar,Inconnu,,Restauration,Frais de restauration,,€35.00,Restauration,
9/1/2020,Colmar,Inconnu,,Transport,Frais de transport,,€189.90,Transport,
1/1/2021,Colmar,Inconnu,,Transport,Frais de transport,,€192.90,Transport,
4/1/2021,Colmar,Inconnu,,Transport,Frais de transport,,€176.00,Transport,
8/1/2021,Colmar,Inconnu,,Hôtel,Frais d hébergement - Elu,,€110.00,Hôtel,
4/1/2021,Colmar,Inconnu,,Restauration,Frais de restauration,,€17.50,Restauration,
10/1/2021,Colmar,Inconnu,,Hôtel,Frais d hébergement - Elu,,€330.00,Hôtel,
8/1/2021,Colmar,Inconnu,,Restauration,Frais de restauration - Elu,,€52.50,Restauration,
8/1/2021,Colmar,Inconnu,,Transport,Frais de transport - Elu,,€422.26,Transport,
10/1/2021,Colmar,Inconnu,,Transport,Frais de transport - Elu,,€318.60,Transport,
11/1/2021,Colmar,Inconnu,,Hôtel,Frais d hébergement - Elu,,€330.00,Hôtel,
11/1/2021,Colmar,Inconnu,,Restauration,Frais de restauration - Elu,,€17.50,Restauration,
11/1/2021,Colmar,Inconnu,,Transport,Frais de transport - Elu,,€299.90,Transport,
12/1/2021,Colmar,Inconnu,,Restauration,Frais de restauration - Elu,,€17.50,Restauration,
12/1/2021,Colmar,Inconnu,,Transport,Frais de transport - Elu,,€178.30,Transport,
1/1/2022,Colmar,Inconnu,,Transport,Frais d hébergement - Elu,,€110.00,Transport,
1/1/2022,Colmar,Inconnu,,Restauration,Frais de restauration - Elu,,€17.50,Restauration,
1/1/2022,Colmar,Inconnu,,Transport,Frais de transport - Elu,,€476.30,Transport,
4/1/2022,Colmar,Inconnu,,Transport,Frais de transport - Elu,,€165.80,Transport,
8/1/2022,Colmar,Inconnu,,Hôtel,Frais d hébergement - Elu,,€70.00,Hôtel,
8/1/2022,Colmar,Inconnu,,aucune information,Frais divers - Elu,,€221.20,Inconnu,
9/1/2022,Colmar,Inconnu,,aucune information,Frais divers - Elu,,€13.91,Inconnu,
10/1/2022,Colmar,Inconnu,,Restauration,Frais de restauration - Elu,,€17.50,Restauration,
12/1/2022,Colmar,Inconnu,,Hôtel,Frais d hébergement - Elu,,€90.00,Hôtel,
10/1/2022,Colmar,Inconnu,,Restauration,Frais de transport - Elu,,€162.90,Restauration,
12/1/2022,Colmar,Inconnu,,Transport,Frais de transport - Elu,,€335.60,Transport,
9/18/2020,Cosne-Cours-sur-Loire,Inconnu,,Transport,Trajet voiture,Screenshot of madada.fr on 2023-11-08 at 22.12.00.png (https://v5.airtableusercontent.com/v3/u/58/58/1791108000000/zCJPci_PogdOY87VvOKtsA/sMMe-4P9uql2qahPPwPho121jXDtPCmSLtp3CscLfNqkPSH7qYAfGaS9KiZUsWj0P9X0LlL4XggfINPmW7fKGf3AkY36ry7btIOlnWqrYfFYqyo6gA3RpEDu0KrkubKWt4MUA3GK4x6sPBrwQQl2pKRyNmRTcp3yy50mkemODmLGPfLEXt4q-uksqfr05aod/yqwq6gjIqp-LV7UXVepS1W_3TpRjRU8gwceg_MZeFU0),€51.80,Transport,
9/4/2021,Cosne-Cours-sur-Loire,Inconnu,,Transport,Frais de transport,Screenshot of madada.fr on 2023-11-08 at 22.12.46.png (https://v5.airtableusercontent.com/v3/u/58/58/1791108000000/V5DxdFNuyqQyRlJYE38xqg/IWfRmpwgPAKC3AvSMi64dKi07maWi5wViMDqi0y5U8_gLedACa1fZlf0IcpGbxYIdqH9U0h5rK8dHaAtpZg-4Xee7f0AbMFMDSXwRDSVdFi61rURQuWnGAte-7cFLvri6JhJkrwZMCNT8Cd4MI3Hpq1wrFll-3oljsF6zvMp4fY9trqJgkTHzVe1EzT4XRaM/-o_dF4XmCK2d5dx38qcnrzWH7VXV0gNR2pl_LpaiOmA),€59.86,Transport,
4/6/2022,Cosne-Cours-sur-Loire,Inconnu,,Transport,Frais de transport,Screenshot of madada.fr on 2023-11-08 at 22.13.33.png (https://v5.airtableusercontent.com/v3/u/58/58/1791108000000/VMsN4uCnm3onmSsEXG1f9A/eebA-xDZzCemm22iQvbOHzD4ns7W8VnlYvn8wx08Qva6pRahhEO7As3tVMbnrz8VcgpalzbDkaRDE1HzjYQ6g4cASzvK-f3hNCJgB0XRwpaAdDHU3B4wMb7jOiZjaK27eM6PC3l4zgrLKpY148sdLSOjAIgroiDmVUBWF1L3cAI7Ocjg2kgJnxD8Aq1GaMiw/gvITnF6myJdCJ0aXKj_AyRaLy7SzJjcROEdP7gHqjEo),€180.90,Transport,
6/21/2022,Cosne-Cours-sur-Loire,,,Transport,Frais de transport,Screenshot of madada.fr on 2023-11-08 at 22.14.10.png (https://v5.airtableusercontent.com/v3/u/58/58/1791108000000/touSLMfOpo5oiGEona9gsw/BMgB8XHCkXzVoKeQUCPzo6iReXQwbb0G9CG7fyyTgfIf3aETb51TNq0toChfBaYIt5Cn_RTyVIP2UokdFXOw8SPea-a5T-h05s6UjOGeoapdRuFCeBSUoAXus1SMAmFptVPqSdfyNBl-Ad5M90XoUxcMDkHXwxX-Q9yzS9Xw6iFm7g3fMtbaSec72Px_Lf-q/fgYyQ-fcV0Uvmw_jyKVc8fD2DMvEMQv81UQSJdeIvi0),€44.28,Transport,
2/17/2023,Cosne-Cours-sur-Loire,,,Transport,Frais de transport,Screenshot of madada.fr on 2023-11-08 at 22.15.11.png (https://v5.airtableusercontent.com/v3/u/58/58/1791108000000/_hEfkPN1gosfgSII6FfroQ/yVgL8McUE08EC9_a3w1i9BO-Uor_EtSxNYQfHAsSzl8-TQL0DUMDowoj3WdsWz6fZnBqqKBqAKl5w5TXNRynlhd7LzWSmdvKYg4s9DHbq1_3S7d7t64r6HieuoHyHPIhvP9zrNf_Xw8kdNbSUlA6Uzhl9gi9yPoostvxNvho0OCx43LSgi69mEtCNwQdRw6b/M1MI8VLEkjdW3pk2ycp68WMsi0j-uL_EyeS10phD1ZQ),€161.10,Transport,
2/17/2023,Cosne-Cours-sur-Loire,APRR (SAPRR),01625002900309,Services auxiliaires des transports terrestres,Péage,"Screenshot of madada.fr on 2023-11-08 at 22.16.09.png (https://v5.airtableusercontent.com/v3/u/58/58/1791108000000/go17E7NwSUvM9eKLNFo5Nw/eIMFIWTr_QW0o3gbs4x4l-w7u4T9rYgtTXWPHGEbz6HK2ZNp6R2ujvyStbz1P5FLZ7t8J-bcao5BE4q-OT-g6JNvt2a6oalyIfXM_5uQd71eUiOnyH6qfAZ-lF758LUjDkU-d88-ondkEPODDHMo70cPi36tY-jtn_9CD6OZfRDaqlnvguvGK0fO9XnlCexi/FJ5LKvwJPkCdR1-BdFlRNpaAiWJu9CVOfvp7eCR5qos),Screenshot of madada.fr on 2023-11-08 at 22.16.16.png (https://v5.airtableusercontent.com/v3/u/58/58/1791108000000/R6HF4nRbBk660mETRINdPQ/mPmwUwR0osaP1lqAOjE1BzJghzdOZ33HzOgc5kTRyn9ln3ZY3BNxmObwUoqaIma8489OdHR82dtFUCTY1INm8sXiJjTvlJOLDP9Fj0wJwpJwHsTrj_nUStQegjd6zZdJ2M8OMPvCZPhS5_M3gFQ6jgmpDbrd2eQwWq_c6uKSzK5Ak8Vr90p1Z1ddEHsFj82E/Bx6omp_jnzmvM8LP3uCojc0XGUB2v2g8bVSk2WhVp38)",€27.20,Transport,
1/1/2022,Cosnes-et-Romain,IBIS Hotel Longwy ,,Restauration,4 couverts pour déjeuner de travail,Screenshot of madada.fr on 2023-11-03 at 15.02.57.png (https://v5.airtableusercontent.com/v3/u/58/58/1791108000000/8bA97cEFGB2tqZtfrGLCnA/2ZHNG_XUbR3LQVeaieRFfcwP2dIS_amXq1tx3RxmLrMePBaBHcdZxHQW7fSDnVSob5c1XgtHjUvykAUaX1YTlsi5U_SogTxiCzke2afwkN7DPDATLiKTZIehyq1koXhXLNmCwMVsZt6_NqsK6JyWsECWOsDvGuhcEwGDu5cuNKcqYqJd_EEB7buQRvejFA3g/F0esDzMb6iwjHXA_6gxqJ4b9T8scIlX_9ySEIdZdK1U),€83.50,Restauration,
8/24/2021,Dax,Selectour Duverger Voyages,33260267100015,Activités des agences de voyage,"Billets de train (1e classe): 
Dax St- Paris Montparnasse aller/retour
hotel: villa des ambassadeurs ",Screenshot of madada.fr on 2023-11-06 at 21.11.22.png (https://v5.airtableusercontent.com/v3/u/58/58/1791108000000/tk1TrPjYgVx-8h35KlChdw/Phy-lo2w4YP1xkMtTAY2r2uOVDOIghHVjxpHZGz2-znoYOEAS8Oto9HIHJOB_SbcJyH1ZtLn5XzS73sSs0WK2AyT0a9P3ZJHjjSkxdG0CJj39AniuEqoY1JNBG_36pIWiKEI8kD0P_5X5RQ4ZztiQVlevgNIXlknG2s8154zGMT4A0kTLkaBjkLGoiBdtg2i/CpDvReoZM7yJBpslHoD4WzcoK6CYU5Obh5ExZsZL8V4),€430.80,Transport,
10/11/2021,Dax,Selectour Duverger Voyages,33260267100015,Activités des agences de voyage,2 chambres Hôtel Vichy Celestins + petits déjeuner,"Screenshot of madada.fr on 2023-11-06 at 21.17.21.png (https://v5.airtableusercontent.com/v3/u/58/58/1791108000000/yqT8v5-qtnx0tzJ3R5cUBQ/JnFeTmaDc9TFaQKq87xBWV8P0gabBOZpBGBP4De1HG7Mt5Rf3e9KDAYyFEmBHEs7QVR63HZ2tM0QNdx0Ru0aLYEXn6Yn47qmoXfbb0h7WdTBep_8EzlWH5tI5CcunPXFb3lTfBbXqDn_FjQEnFhqmo5_RQy6DCl0W3lOL5Gg056Jk5Fw2oQbsLB3ntsbnezN/_WbroSygH8GwSF8nZGkZH3W87I7RYVJOKWbi8wjVz7g),Capture d’écran 2023-11-06 à 21.20.04.png (https://v5.airtableusercontent.com/v3/u/58/58/1791108000000/JtytJrqK-2R-aRmBDQS56g/t_6E846deOI-xBId-aDOKth5dzfGG-2hDul9MAs9Ul9TDTYaOj7xEYN-XHg54A8TsEYizU4OxfJFU0N8jYKQ8NwPWesliEUJJMvYxqUY2jiX4jlD1bB6cnksExpJl2glytprzpsKRCAAkhiGAqMW2FuZneL6EqVOrvfvsoqCT9U/DskuRT2dLnC-6BBD3fcjLwi6Ne6RtbspoB9pD7n4qZU),Capture d’écran 2023-11-06 à 21.20.15.png (https://v5.airtableusercontent.com/v3/u/58/58/1791108000000/7LwfPzVE_uIvRaUzBGLvuw/esT630gC-r1VfSm7G58tV6GFzYYxIU02RE5J5CoQkCTZWn9gGxZUuYmJefyTOb6z39h15GMzIoDAZoPVD6QkQeLpyBfGtucpxROlHNbw2awAW3xVojXJuZa_lFmwSeefo_1I6qD_jDWPu21K7N3Xo77OUp1qT5wQDX6ON15nBpw/dOhaG_pg1g0tyTqAQ_ylSsrIZP8ONJdQM64jbmYolVY)",€1309.00,Hôtel,
11/17/2021,Dax,Vacances Bleues,39112787500089,Hôtels et hébergement similaire,Chambre hotel + petit déjeuner,Screenshot of madada.fr on 2023-11-06 at 21.26.27.png (https://v5.airtableusercontent.com/v3/u/58/58/1791108000000/wnmLC0g0OGSvpkYnlS0iJw/bhcM_N8Wgaol9xKPLSd_ujupb1aTq1Urj-j-PKpWvtz9uKACEg-NT39cuWUu0abk3wGvsIMiBlaAO-wn4_pmbS2wlAJrlQCb0i_DSbScq3tmBuyx_-W11wn5K_P3mGGjVXmi4RzMtvbIkoVJkYFzbARjxDcoS-OgYvogmyfJn6Dm023_N9h5x8mxER08D8m2/B4m6VD8bfY1eOqzRcphCw6bIavx5OOUR6LYvVz7GD2k),€1738.00,Hôtel,
7/18/2022,Dax,Uber,53945494200043,Autres activités de soutien aux entreprises n.c.a,trajet aéroport à 77 rue de bercy 75012 Paris ,"Screenshot of madada.fr on 2023-11-06 at 21.33.30.png (https://v5.airtableusercontent.com/v3/u/58/58/1791108000000/6QxulFeky4h0bnbdKa2tNg/LqvPzXiYM31ECBsXlXCZaW5NK6VoydMjt0N4Civc95ptWVqYeweAj0rfyCJn6XztONXK3jhIHgh1aPuhQEJOecXZ23HMKDO7jCVAMF_WfR6ytd7C3p1or7G0nK76T10Gqg02wL4vTybgQcpbBW_hC9rH3oJsmNL4iSIQdsx2qroWhIa2WkpGdc9GbdLWkvGh/hWj62hG4W7bAs6Ia1bMv3VZimvSvtlTogBX9i_eKwUI),Screenshot of madada.fr on 2023-11-06 at 21.33.44.png (https://v5.airtableusercontent.com/v3/u/58/58/1791108000000/GZXaPfq50tpEKsuQ4P4uSQ/boeE8mLciNqXTib88FaLMILYL38jpytXz52SGcAOxq5duWs1ekX1E4we9NutV_MF4n_mDog_ghYfzWECnPzRhLund3iG8L0otv7hmg2lY0IQslXCqJHzVaRvG1OjW8lXne7u9WFnAUbBDQ39rJ_THR_L8URG4yPCR6aTMsl8B4eEhnuDha0M58Dgzydm4oyS/_9bEwJ7weM9N3CWKTpXSVkOlTYGxXrXWc6xpGY_p8wI)",€41.28,Transport,
7/19/2022,Dax,Uber,53945494200043,Autres activités de soutien aux entreprises n.c.a,trajet de 77 rue de Bercy 75012 Paris à aéroport Orly. ,"Screenshot of madada.fr on 2023-11-06 at 21.36.54.png (https://v5.airtableusercontent.com/v3/u/58/58/1791108000000/9h6RzDLbbEUyQDBclR0NtQ/xr-LyCPdrcItKtFj-Isg3BAuZfL8QBIc_aobCNyQ9DeG4TiJMe5Ns4IarzU-wZEJs9qh9f0RnNzMXfN75Nz1VYy4UN2hJbqHixsIFBlh4lrfsKZNg4z3xsYikaORGoYPEQF9nA1So2_TkYrKe2EZAPGHw1TdxdEUPJvposv6VvFp2WDVL0y63A2XES4ba8Hl/BRIe8gYtzQ6I0UHoocCz6Q22pHLa5ojWGSKi2ddyvxI),Screenshot of madada.fr on 2023-11-06 at 21.37.03.png (https://v5.airtableusercontent.com/v3/u/58/58/1791108000000/ksJIQ9dGFJet5Zw7O_Unfg/7ElhgM4K7i_tFBxqt6eiFZ1GB48bAOhFV83u82qtA4go7ExEJTNxvQikIC7bAAAKuMtC5LGjxSsrR5zdF6DYJNdW6aZXAKmTHt7w9g_5sKl9kmrdTzfc043j1ak8vr5WqMfK8ymG23AkMGF9z-Ka92fkmVn4iaRtX4TLe74CXtbs_EWwJF6lb1_vzaC5eygB/foNwQuY6ySPgs6m9R_PGTCoVAusxY9UOOhcmRdkTmNw)",€27.06,Transport,
5/26/2022,Dax,Inconnu,,Restauration, invitation au assises du thermalisme de nouvelle-Aquitaine 4repas,"Screenshot of madada.fr on 2023-11-06 at 21.41.25.png (https://v5.airtableusercontent.com/v3/u/58/58/1791108000000/a97IjE0ArE_I67K94Q8ZFQ/Hhlk1oP9pHuBuqntv_w50PKcZmJ8XPUhVZJzaOkNYgpPmEo094aXGh2ocKlI96mFIjns2HODOfJqiFP4cJf92RHbMRN0u60_NMOC4pcMywzu-n3opdtOMKE_GqPVOdUT90kKpBbfnXeaGitqkNZFmH0gPQxopU3yKDa3ilBOSq8c6rAEFy2MccVaF4JrzvkA/KFS87AbaFnkytxxODly9uq3xO87OyXs3Ta98PS2PW3I),Screenshot of madada.fr on 2023-11-06 at 21.41.36.png (https://v5.airtableusercontent.com/v3/u/58/58/1791108000000/leVUmznHEwas9FsKOjPoVw/5kzaEt2ysOzNFnJZX5hmfuTCwmhnl3zoDgz8PthNap-Zaf3Vwt5rSR4T5uwYpZGJW4gGSZ-OpKdnHPRUo2fs76ffIK6JgkabcHj89gRfp_EYQUWK3-2shN-i7D3WyWfI7aM89oV0qy1RAtpfBlFaa-vyiQAmcS3zrMeBzcViQ6jAoJVRjShNu0RiLI_aqtgf/X9M2nW4eVrbV1wHfiCG_9ZTvrDZx9ZmW-VpZCHPWA9Q),Screenshot of madada.fr on 2023-11-06 at 21.41.44.png (https://v5.airtableusercontent.com/v3/u/58/58/1791108000000/CvlgaLirqE3p_OMI8jDCfQ/VKOFVHeSk68mk1GFCmaj-dHy6hfpdHYWf36UcMsUpAddN_SlxG9r_5OT5-Q6BHc3kdAYvCFNU975EhLUKaL0Dcrp0TBBFFqNYwzZB6Lv2l0I_m_BW3qRi1HAe4azPUkCzIs9z5esM4Ud74WIMtS9O7W8XUeixE_O-atTYe6bmWROWlrqlX0lCfisLXJGHaVK/UMLQdj41SBgqBQIXs87If-8z7IfbFQ6WVcK_n9L7A3g),Screenshot of madada.fr on 2023-11-06 at 21.41.51.png (https://v5.airtableusercontent.com/v3/u/58/58/1791108000000/U9zUtWxddEPjZFiEKwtNDQ/-qlbS-Y8m9hx34d-Ly5-V-xoMG33sEqg-eiWkgtlLlFt6Y7_ud-K19sdhTeYxOf-jN6sfP19eRr4gPOI7lgcnB201jakyNmuST70SJEmUTL869nNzj7n5e-UV35BX3GL6ij9swVhqR0FLCAv4UG05EEfHoENvUpxXs7KH4IBPSrHquT5N9xbTo3awaPEwME1/ZKizt6UXQ29o3H_m6Nnz9m1CP2omp8mdmryGs2yZx08),Screenshot of madada.fr on 2023-11-06 at 21.41.58.png (https://v5.airtableusercontent.com/v3/u/58/58/1791108000000/TaEbJXa5BOqLFIJDPB6j-w/IONiUu9WAqxEmj3PahaI1u25M1LSu_73zrlwfnW-a4MgDR-VDJwXhgdh8_I-hkSJdSZBCR2SzGTKBbCzVS49b7svdA5_KXAF1MQLgS34x24TvxuaUNbB015x0rGHbD7w2lIqrv03yy454Td4keJ1pGReeZgaJbvvXU9jDsR2WvWggem1tZbz8ACwcDmZ_6Bq/MCqfpJEgSMyGxPs-vlRd2Pacapa2MfNuylOlK6OMfJM)",€70.00,Restauration,
4/19/2022,Dax,Inconnu,,Transport,Péage,"Screenshot of madada.fr on 2023-11-06 at 21.46.06.png (https://v5.airtableusercontent.com/v3/u/58/58/1791108000000/GScYvq1hv1gt4zlqA0pwqQ/C59DuDA8JLaLDJCH0xFq0Yyvn4al2qNG_6U3ViLF-g5bpgAdRmw2zhlDcYMLFpfHNCyq6NPz2D0SODTzW1A3c7ZCfyFmVU-RJ1srRghgbW-zvvCWceyzHNJEHY3rZDFdEiQHxNbT6H2V3oWbSNRID-tcwMRuEK2jfQOT-LfSx01bpNLeV81J4HnZDvB_RoMD/NelIQ19IEOX_U2jueRo4dm4qxR3gL8dLj2h8KQzlBM4),Screenshot of madada.fr on 2023-11-06 at 21.46.18.png (https://v5.airtableusercontent.com/v3/u/58/58/1791108000000/F6ccgSI7YExIcn7-K86TsQ/Fr5suqu4nAnF2pBaRkZE63ae411VPdw7ZcN_VrZjUHC67HSlDGPvzZYuC47LbQ9IUIwY8PAUl3v0rhJezOLJ2geIxea0HvL9TrVCWpDDVPhDOHiB1mkBbT9GgJ3Js6ybKJPSPy3KO2WI-EpIFBvf0bDyqGk9pGJCf1kD-UWO5qHGb0nXpcgEw-9KvZe_8H37/E1vgTExfxhmF4nxkjQvZ6oZqP0BYPKycw-RyjPEQAtM),Screenshot of madada.fr on 2023-11-06 at 21.46.26.png (https://v5.airtableusercontent.com/v3/u/58/58/1791108000000/wfZ_8FHJuttgwY9ukmtnLw/cj88J1K8PW3lNa6sJcwjxY8LzhCET81E9oYjr63WeyHT2_fH0hm91ziqskU0Ikyfq9VjdfOlqxEyNu-823POzrVRWADBGViY0Ukt8gBoMELb1-PH1gRhSEiK4EH-bgZZ4FbubbwHGEzR2XTLFO3n1PLiCP9x6QRWcDJZZ1XOHWrH59xgaQ79hnlD9dUZQykZ/2crAUWEbmQ3jgC2chu4WABpivzzqlAS9t_FRnRH1j5I),Screenshot of madada.fr on 2023-11-06 at 21.47.19.png (https://v5.airtableusercontent.com/v3/u/58/58/1791108000000/aEjVNjkfNlamAgZa9PwqRQ/N1n2YtDZ9QoJdJ9TpcKZJfNWznRfPFHh5Jhv3_zIFqEiX6-7HkrfCqnK5ktNk61_p6mgUqHIlEvMCQHmkiijea9F5LjK9gC_tMO51iOYk9HXNMhS9lv_lsva4Qssow6tCG1PovWApcfTI2BS_EG0kC6BPcndOQ3oIp1WGrTihtPac4nfKW9gHAVXQAy6_RSU/SaedAsnN4iFNA3FLFXm0YJav8mBh3EKpyeDeM5GkfAE),Screenshot of madada.fr on 2023-11-06 at 21.47.32.png (https://v5.airtableusercontent.com/v3/u/58/58/1791108000000/rcr1-WwrMCigx2RrTw9t3g/wdXyMHh-upNCKZH2UoNFcrB8uvRNfOXTs3Y2XkKveHs1oNpuvQAdr7pqe1MKIhW9gKr91905FhXjnfZyCF_F8nHKZCxYflr-W0X6yZ-vvtJ2IIIykzxdBRSMZHj4csc-WsMcBHx9oh4dmT5gc9BVv5En5fqbi5QLV7k2LNegkKUaroSpsgjnB9E8s-L0veMa/XalFDzrliaPGUQ_ag7WWOMx0KufgA5_bvm5ktmiWnsk)",€10.30,Transport,
11/18/2021,Dax,Inconnu,,Restauration,3 repas ,"Screenshot of madada.fr on 2023-11-06 at 21.50.21.png (https://v5.airtableusercontent.com/v3/u/58/58/1791108000000/1GCobUexRpof6Hr_IRrI8g/xJ3DMbP30V7sUe5bUCYZpLylmm7aLtxNae18fuQz-xxn6YM-0oR7f6NX4EUwMeiVx-tzsLLVZPLI8mmFn2kiTIFZfoQx7LcCW0GNDUmrYhFjASAPwC-B9da0pKmEzlwY_P7eQkGnDAOHNZtw6c-u0N0SjOsQQ1zVp0goJhC41mm1kzN-Ovc1mosQCpP0PLEI/sbrDE3wylXpAQCuM5cuNtEAoh4KE3brc1NdXTaEMTJI),Screenshot of madada.fr on 2023-11-06 at 21.50.36.png (https://v5.airtableusercontent.com/v3/u/58/58/1791108000000/lW2mGlF12pIAuBDT1cjN6w/v7pslUMalBVk0gb5CAuY5u6oTFm6zL6_y4FQu05ElV-wGaLyjFbqtAIeTeMcx-E4t721YDuiiH0M3fslM5vKILsH0pmVYGz2GSr3c9mHi9k9fVkjHmATwRauRejyNWbPKf75Q6j-53CraXAwUeuZaGgikgoR5c0uIpK5uEpAoahcs-yBGjahHseQjzDFxiQM/9fEp3MtPi2MQ6VFWMQb6RZbUTSHBjKQkKpgya_RZlso)",€52.50,Restauration,
11/17/2021,Dax,Inconnu,,Transport,transport ,"Screenshot of madada.fr on 2023-11-06 at 21.52.00.png (https://v5.airtableusercontent.com/v3/u/58/58/1791108000000/TpFSzHmE_0w2Y3mWBgxfsg/fagsj-aZTIh0beI6xEr2cLVpne43JWaXoQ8RxdSxnNuLEU10Xp9Pk-vOdCPL2hRyjTKV8ZPpli8vDOGsHxPs-zJB_ymWeNgR-7rTMs3YhKeJrjLjoZ6xCZlKul_p48P5EjWGz_4JgUA_8EArU6cylt3hl9D1ZZPelDjJ1QK-9Tu5W3ebjqAbwoyit1hUNLrL/hp13E-EXvZf25v8H1RvUL6AsYyMzcENFI4j5ebNcLp4),Screenshot of madada.fr on 2023-11-06 at 21.53.02.png (https://v5.airtableusercontent.com/v3/u/58/58/1791108000000/mhe3lVc65bMAfWl595DWIQ/89tfMGaB2p-ALe8I0363aP4VhyU0fhJFZJCSN3lr5sGmf3X9fJJ77NiKrRg68T7Qknm5gfVw6N17bSTNuIjOmxYkpBZWS3g8DOaokbxwKd-aUe4odBneKyZXx7RxbJIWSg1T5c3bgdvJgxsS1ktSfBk7Fag48UsJJMdjCAyWhdNz6zfqyhVW4FDXQUqA61kQ/kna2HCF76NCkLLacCLdJCVD1MnYXhdLysZSrgwoNX2Y),Screenshot of madada.fr on 2023-11-06 at 21.53.19.png (https://v5.airtableusercontent.com/v3/u/58/58/1791108000000/39AZcLEtCUYL1TX7RmNw1A/YQkCyjNzWGKKOUpyi6UrjYb8Fi82JOnxBUVMvjk6It5cbn8f7-yqnXOogM904wp-i_k38OH-BDWkcXz43U2M9A0fmReyPIAlTZVANr4V-qfC7yOOlj0gnxUyLbimR28Sr1WThkZ2WIRf8Gdj3nB_gqK4LAOsArNsocO-_RfnFXpdsMzFNL15kOgrsemhOFIp/PkFOOG4jUJyKxSXIVbQpE9L2BXg1c2LCHCkAZ1xgEUc)",€22.40,Transport,
11/2/2021,Dax,Inconnu,,Restauration,Rencontres européennes du thermalisme ,"Screenshot of madada.fr on 2023-11-09 at 11.50.40.png (https://v5.airtableusercontent.com/v3/u/58/58/1791108000000/QVhDWt7OyVG003POkAk6LA/5Iu8KBkmGtljr8xwleUj4-jyUQ3p0QFcAI3ERqQrfdctvuLSON2bye6d_bgFAxuFK7-fG-KJYLZX3lrSVq9i3Irlphd9go87Y6mESoHlf_2IUt5zoT7SBf5u1jNanPJNg2dt-m_qkjl2Im_SxJtbeiO10J3T0QdtS8e_KT2w3iJGdy4PpiAyBw49xPvX-zrA/sG8JyOcr43pJdhCtORhyu-lfEkpDxlIQ5zO6x8e6CfM),Screenshot of madada.fr on 2023-11-09 at 11.50.46.png (https://v5.airtableusercontent.com/v3/u/58/58/1791108000000/P06ojD5QXcFYlUs5u7ppNQ/4G5lf_UGZ5pywQnYhb40g01hLg3Vd9k_i3KZRjEej1s_AtRp15ZFQMxw9SHuSVg1IHXfdWGhUSMXsUpOH_xU1VlhU5upE_Q-lb3YaeSn0X5ftYrTczg-Y0-tu4fCCgR6EWlBRQtU7a0E9pL3jl6Ph3J14TPIQc6EBoS-TaM45BCf2hf2Z0sCbq13jmq6nDoY/DN5HUK9wAUwT083GJaxMJYNJFtGc812RFc9kIzYnnmA),Screenshot of madada.fr on 2023-11-09 at 11.50.52.png (https://v5.airtableusercontent.com/v3/u/58/58/1791108000000/iI714Ou3ueeeTkIeB8YiCQ/iVwhBNwfFymRSMBPLjOzNJf_i_xWCSMrPclV2bYEHhZJPUjW1tHOTRCE2yvTCuw4sFL-F23Rw7oUD9yPtEuzGyYKg7gioGh3nkpEOq0lJl04RejUHzfiiU4wmH9-69-8UzdNsMINT-U0J653mbqBaHeWD-9MHUerxviN07TljSILZ4FfTa9BJ6qWlEuqWpQg/Dn8Hbm-JdzfBx9q2w23kLwd0a4wMSqgY1XukcFM-M9E),Screenshot of madada.fr on 2023-11-09 at 11.51.06.png (https://v5.airtableusercontent.com/v3/u/58/58/1791108000000/yP3j9vg_mA_vpuxU76qCTQ/zs8ZqVkxWLX8a8jV2rNIuW5TaCj4ElsIMA3PEgukf9hSbr-9TnBySwqiCSz-wOtZr7_vaVjfMUAQTl0kNK-0i7Bz3YsN9MaP2df1ah2qK2fUbexorloRRyy6rIOJsfOZnDHKkU-71dIPKNntVb_V46uhpV6JFh0Oeq2UPDXUVQvaIOlKWhcp0KP7JA9CEgB9/G5jABrLrHqCyG6zuH77tq24YfXwMIJ5i3HGT9oGNkwo)",€50.00,Restauration,
1/18/2023,Dax,Mercure Hotel,30254259200936,Hôtel,séjour du 18 janvier 2023 au 20 janvier 2023,Screenshot of madada.fr on 2023-11-09 at 11.54.24.png (https://v5.airtableusercontent.com/v3/u/58/58/1791108000000/JzKynrQxV22TQdXWuUTipw/C_ERdXi7jEVIGFbQPZghWIVPOm3jQ_btw-QRlZnyK7byU4UuxSAli9MB-6YECfBsrdu5iwAJJlVjfPO94ky4f-t91YSCUWPtnHTjfcJYksOW7retHJ02TVEKREV8gk0HaHmtqEdAU9oyCoY8H6wSwcrr-B1DvspFjRyVVAP_RqCr8W0frMeGRTDfqy-XJAaw/pdzNKFLKSuYa-ewVidQu6w7NYlS8Ua9roJPKof3NfPE),€244.06,Hôtel,
1/19/2023,Dax,Uber,53945494200043,Autres activités de soutien aux entreprises n.c.a,Course ,"Screenshot of madada.fr on 2023-11-09 at 11.57.24.png (https://v5.airtableusercontent.com/v3/u/58/58/1791108000000/7OdF0wO1KyGiyVsnbBWbnw/uVlTNMDIDxYjVsnVed4qEuz95JXPvddnuVD1MrWt2cIWhx1Xz_xMG4AC-Rlct9k_CEtxDlR_zb_UcHGGxTDT0PbAEZO-zsAstcXjUZc5hddqhnLKk_zGunSlK_4yd7sPzqBC08y_eglfbZSvSnUvEqCQK-5nQfOn6beqUIOKoSDixac9S5PeMO3CZuGMCMFh/RUjmtr7bJnOs1O7RBYNfu6kZD9OPx48ARLWobULWZ1A),Screenshot of madada.fr on 2023-11-09 at 11.57.31.png (https://v5.airtableusercontent.com/v3/u/58/58/1791108000000/HOSKV4Dz_pAzF_ZhwKcPCQ/uaEMeH4Y-iCIjqONq4ocY07rglaJLCQk8w6urIHH9jSZ5QI18OenQNK7l1NW8Dc_qODdF0Kzf3NvM7ywIqK6LSwp5rtxZBJeg7LsGIBwZKKy79dYwSA-vVnZNxk4MnKvRdbuj2ap8N3hk0TDtN4jHE1qnBJ4zxizRywxa1md6P1bG93HFXsZ7pZ5byI7lhJI/v-0_zTIBuhCKKLEzmIqZCzEfNq2LidZOhXY6PP_mRK0)",€10.62,Transport,
1/19/2021,Dax,Uber,53945494200043,Autres activités de soutien aux entreprises n.c.a,Course ,Screenshot of madada.fr on 2023-11-09 at 11.58.23.png (https://v5.airtableusercontent.com/v3/u/58/58/1791108000000/_XbdZUuE_N9v4IXKHRHwSw/xeMhTQRT2RuS29ZSuKOCkDCVGafTcXC-q7d8zSAnA0pfvoxgkXOu0gGDjDEh0wu8z4eiE1rVHofrgKB0_q_6J1TocSYx-W8R4SW5RuR3dH2zjQvNlPMPZE9HBMqTSOeBeXCMY-Ql0Quv-gQQ74QQIWad3Pz4kPGPgr2NSmPxljMdnf5pIAfyLXRJc_ioU1ow/Du8SAGvvYjy5KdvmyNh-BvpQxVOQ8hRxFcNreic6x0A),€11.66,Transport,
1/20/2023,Dax,Uber,53945494200043,Autres activités de soutien aux entreprises n.c.a,Course ,"Screenshot of madada.fr on 2023-11-09 at 11.59.16.png (https://v5.airtableusercontent.com/v3/u/58/58/1791108000000/DymfCJOVMa2Tm8wc6u-wFQ/FRLYWw8fE7brCgZT0uF8iLYmMacC65G6JR79urXhtrPKMuOdC5xesSZpdQJMCAmXGNLZYFgmuM7OKPdL6U3Xw7shvWIRDL5sASrDFM-oHuRnu7QoV1GZ9cV6ZJEE12-R4GdfDSK3DVonLygSmbfLSYCvIFPDPmrH1Uj52aM6LxIPhop5Q-K0PLlg6_kqCG9A/qoTr-6yXTTWiWa88co21vjfgqsGjVEau0it58Dr8RFA),Screenshot of madada.fr on 2023-11-09 at 11.59.23.png (https://v5.airtableusercontent.com/v3/u/58/58/1791108000000/WNzLe9cIhZ-PCLWbEeHz2A/bnQJh7C36CWP6roVMlRs-eZtbXtx9AP8e8mJgBACMRe2kkywjhHa3iWVzOzjshT6JiZI_JYBBblbx6vlRxKjJezr_cXLK4_h9_mSN6pVd_AqwAOrAkSYnSqx382kICthuGhiAKbK3qNaYgFLjrmeAe1BNSiRYlX6QK2awKB4AjIi-XTEpwipe709QSTXwyoS/fu6LQWHlnevpL-xlIV4yxPqSSamjfRNmcOY-jreJGQs)",€18.83,Transport,
1/20/2023,Dax,Uber,53945494200043,Autres activités de soutien aux entreprises n.c.a,Course ,Screenshot of madada.fr on 2023-11-09 at 12.00.01.png (https://v5.airtableusercontent.com/v3/u/58/58/1791108000000/hqxrevHKrjcfV1_Mf6UCcA/-iNPZkPSOEqUrEn-vxq4d0vQE7wbLzgmUEoq0gaoDd7bElVMPpTyBXk3aMgbe6ttISmqy7WIapv9oD96wYxoQko0YLnTz4xX1ZeHBH9_CeNyvflq2B2r2pbAcBJZ6WOpGPd_r_RFkMMXV4krj1SnqJl7LcXkGN63pithvH9aFBkTDsck_mkZmIBDrPFM0Nw4/gY_vzpWaSeKOahoEWAhjEgB1ZNH-JzTofixDpLeFdR8),€17.29,Transport,
1/20/2023,Dax,Uber,53945494200043,Autres activités de soutien aux entreprises n.c.a,Course,Screenshot of madada.fr on 2023-11-09 at 12.00.41.png (https://v5.airtableusercontent.com/v3/u/58/58/1791108000000/5eBfIhakn_nQQfrQV3u41g/aG3X_f41GonhMT-_bLyqoqsqmgjV0naCIO430sdt-pe88wbp4aet8ZFtTDBJ8AfK3Z0Cc3eoTP52xMa31lJ1VGZoJ2LmM26gr22ay9648PBOGgjqpuTQWmt8bGwmiyXWz17Fe-Gs4OjpBPm6y4KKSdatxqi0VohJLAFZ9SNZBdErJjTVqVgX0D4_Zuz6IxC7/zM9z37jAUqk-J--UPiamOt6u2DdJq5VCp69jR8M3VIg),€24.29,Transport,
1/19/2023,Dax,Taxi Parisien,,Transport,Course ,Screenshot of madada.fr on 2023-11-09 at 12.01.31.png (https://v5.airtableusercontent.com/v3/u/58/58/1791108000000/WpO66b0yVL6V33wXe6FUWA/qH5NYT_fGLDsFxu42CNQ0apRGkFITzif9sTN_d_AYOvUeavTkJtiIeZIhKO9LNUunwwuGuJqWSpV3lTE6mLO0gLJuwxPuoOYg3nFJ47Ja-PFvSB79zXa_j2hDjaFMe-N8FnYHhyNnckkw9Bd6a3izK7n91XUPAThQSVuQxpr5Qu0orY9AFJexRCa9QtvxwAt/c2gBxWlMc5yTYfxodBtLSrUSgp0OmhE9-BZ7EqBrQ0A),€23.40,Transport,
1/19/2023,Dax,Taxis Parisiens,,Transport,course ,Screenshot of madada.fr on 2023-11-09 at 12.02.38.png (https://v5.airtableusercontent.com/v3/u/58/58/1791108000000/Vigr50pj97KXwxgpm1WHkA/RKtMn59uvbC1aMbt1voUliYMKZPpwj1g1rEqSCxsnYbVwAr_79o8MYAVCRSP9d3CgKQmlVBOmEsEV58WnpW7q1SyQc0zVvn7FynldmY4T39k0N35O3r4Dg-Nd9qjEqka0uzpH6NHrHyqe1yVAc9WSVTLC-kdWsUQDkpCZ5o2vMgd_tRsaek9rN4gO3q5Au-D/8lxq68rTxoxDH5aT2NrUutt7HHYQ574NATy0ldD6UKI),€10.80,Transport,
1/18/2023,Dax,Stationnement Copagau,,Parking,Stationnement,Screenshot of madada.fr on 2023-11-09 at 12.03.36.png (https://v5.airtableusercontent.com/v3/u/58/58/1791108000000/-hzM_Nw9dwPGFAP0BBmCpA/ymHgTI8n0ctmO5jXPxG72s-HPyV7QmYVlS5JuJj4rV3_sIw-jfA5Axmu64IPT2yQbbNUrdUD7WoendPtmdVuEwGEtue7L46XBsyRGuFG9dlPhHLeZaWAOvL3CuVPgB7Kbv4edkTmnkar7sRjJl5ajfl1k66PBN0-4fvkYDzsMsllmuomugYx44ARiQ9vHvXW/fG9183EwHaaOhpCycyXOJBMxQR95ioVW2Fix5L74osA),€34.00,Transport,
11/2/2021,Dax,Inconnu,,Restauration,Rencontres européennes du thermalisme ,"Screenshot of madada.fr on 2023-11-09 at 11.50.40.png (https://v5.airtableusercontent.com/v3/u/58/58/1791108000000/QVhDWt7OyVG003POkAk6LA/5Iu8KBkmGtljr8xwleUj4-jyUQ3p0QFcAI3ERqQrfdctvuLSON2bye6d_bgFAxuFK7-fG-KJYLZX3lrSVq9i3Irlphd9go87Y6mESoHlf_2IUt5zoT7SBf5u1jNanPJNg2dt-m_qkjl2Im_SxJtbeiO10J3T0QdtS8e_KT2w3iJGdy4PpiAyBw49xPvX-zrA/sG8JyOcr43pJdhCtORhyu-lfEkpDxlIQ5zO6x8e6CfM),Screenshot of madada.fr on 2023-11-09 at 11.50.46.png (https://v5.airtableusercontent.com/v3/u/58/58/1791108000000/P06ojD5QXcFYlUs5u7ppNQ/4G5lf_UGZ5pywQnYhb40g01hLg3Vd9k_i3KZRjEej1s_AtRp15ZFQMxw9SHuSVg1IHXfdWGhUSMXsUpOH_xU1VlhU5upE_Q-lb3YaeSn0X5ftYrTczg-Y0-tu4fCCgR6EWlBRQtU7a0E9pL3jl6Ph3J14TPIQc6EBoS-TaM45BCf2hf2Z0sCbq13jmq6nDoY/DN5HUK9wAUwT083GJaxMJYNJFtGc812RFc9kIzYnnmA),Screenshot of madada.fr on 2023-11-09 at 11.50.52.png (https://v5.airtableusercontent.com/v3/u/58/58/1791108000000/iI714Ou3ueeeTkIeB8YiCQ/iVwhBNwfFymRSMBPLjOzNJf_i_xWCSMrPclV2bYEHhZJPUjW1tHOTRCE2yvTCuw4sFL-F23Rw7oUD9yPtEuzGyYKg7gioGh3nkpEOq0lJl04RejUHzfiiU4wmH9-69-8UzdNsMINT-U0J653mbqBaHeWD-9MHUerxviN07TljSILZ4FfTa9BJ6qWlEuqWpQg/Dn8Hbm-JdzfBx9q2w23kLwd0a4wMSqgY1XukcFM-M9E),Screenshot of madada.fr on 2023-11-09 at 11.51.06.png (https://v5.airtableusercontent.com/v3/u/58/58/1791108000000/yP3j9vg_mA_vpuxU76qCTQ/zs8ZqVkxWLX8a8jV2rNIuW5TaCj4ElsIMA3PEgukf9hSbr-9TnBySwqiCSz-wOtZr7_vaVjfMUAQTl0kNK-0i7Bz3YsN9MaP2df1ah2qK2fUbexorloRRyy6rIOJsfOZnDHKkU-71dIPKNntVb_V46uhpV6JFh0Oeq2UPDXUVQvaIOlKWhcp0KP7JA9CEgB9/G5jABrLrHqCyG6zuH77tq24YfXwMIJ5i3HGT9oGNkwo)",€60.00,Restauration,
11/2/2021,Dax,Inconnu,,Restauration,Rencontres européennes du thermalisme ,"Screenshot of madada.fr on 2023-11-09 at 11.50.40.png (https://v5.airtableusercontent.com/v3/u/58/58/1791108000000/QVhDWt7OyVG003POkAk6LA/5Iu8KBkmGtljr8xwleUj4-jyUQ3p0QFcAI3ERqQrfdctvuLSON2bye6d_bgFAxuFK7-fG-KJYLZX3lrSVq9i3Irlphd9go87Y6mESoHlf_2IUt5zoT7SBf5u1jNanPJNg2dt-m_qkjl2Im_SxJtbeiO10J3T0QdtS8e_KT2w3iJGdy4PpiAyBw49xPvX-zrA/sG8JyOcr43pJdhCtORhyu-lfEkpDxlIQ5zO6x8e6CfM),Screenshot of madada.fr on 2023-11-09 at 11.50.46.png (https://v5.airtableusercontent.com/v3/u/58/58/1791108000000/P06ojD5QXcFYlUs5u7ppNQ/4G5lf_UGZ5pywQnYhb40g01hLg3Vd9k_i3KZRjEej1s_AtRp15ZFQMxw9SHuSVg1IHXfdWGhUSMXsUpOH_xU1VlhU5upE_Q-lb3YaeSn0X5ftYrTczg-Y0-tu4fCCgR6EWlBRQtU7a0E9pL3jl6Ph3J14TPIQc6EBoS-TaM45BCf2hf2Z0sCbq13jmq6nDoY/DN5HUK9wAUwT083GJaxMJYNJFtGc812RFc9kIzYnnmA),Screenshot of madada.fr on 2023-11-09 at 11.50.52.png (https://v5.airtableusercontent.com/v3/u/58/58/1791108000000/iI714Ou3ueeeTkIeB8YiCQ/iVwhBNwfFymRSMBPLjOzNJf_i_xWCSMrPclV2bYEHhZJPUjW1tHOTRCE2yvTCuw4sFL-F23Rw7oUD9yPtEuzGyYKg7gioGh3nkpEOq0lJl04RejUHzfiiU4wmH9-69-8UzdNsMINT-U0J653mbqBaHeWD-9MHUerxviN07TljSILZ4FfTa9BJ6qWlEuqWpQg/Dn8Hbm-JdzfBx9q2w23kLwd0a4wMSqgY1XukcFM-M9E),Screenshot of madada.fr on 2023-11-09 at 11.51.06.png (https://v5.airtableusercontent.com/v3/u/58/58/1791108000000/yP3j9vg_mA_vpuxU76qCTQ/zs8ZqVkxWLX8a8jV2rNIuW5TaCj4ElsIMA3PEgukf9hSbr-9TnBySwqiCSz-wOtZr7_vaVjfMUAQTl0kNK-0i7Bz3YsN9MaP2df1ah2qK2fUbexorloRRyy6rIOJsfOZnDHKkU-71dIPKNntVb_V46uhpV6JFh0Oeq2UPDXUVQvaIOlKWhcp0KP7JA9CEgB9/G5jABrLrHqCyG6zuH77tq24YfXwMIJ5i3HGT9oGNkwo)",€110.00,Restauration,
11/2/2021,Dax,Inconnu,,Restauration,Rencontres européennes du thermalisme ,"Screenshot of madada.fr on 2023-11-09 at 11.50.40.png (https://v5.airtableusercontent.com/v3/u/58/58/1791108000000/QVhDWt7OyVG003POkAk6LA/5Iu8KBkmGtljr8xwleUj4-jyUQ3p0QFcAI3ERqQrfdctvuLSON2bye6d_bgFAxuFK7-fG-KJYLZX3lrSVq9i3Irlphd9go87Y6mESoHlf_2IUt5zoT7SBf5u1jNanPJNg2dt-m_qkjl2Im_SxJtbeiO10J3T0QdtS8e_KT2w3iJGdy4PpiAyBw49xPvX-zrA/sG8JyOcr43pJdhCtORhyu-lfEkpDxlIQ5zO6x8e6CfM),Screenshot of madada.fr on 2023-11-09 at 11.50.46.png (https://v5.airtableusercontent.com/v3/u/58/58/1791108000000/P06ojD5QXcFYlUs5u7ppNQ/4G5lf_UGZ5pywQnYhb40g01hLg3Vd9k_i3KZRjEej1s_AtRp15ZFQMxw9SHuSVg1IHXfdWGhUSMXsUpOH_xU1VlhU5upE_Q-lb3YaeSn0X5ftYrTczg-Y0-tu4fCCgR6EWlBRQtU7a0E9pL3jl6Ph3J14TPIQc6EBoS-TaM45BCf2hf2Z0sCbq13jmq6nDoY/DN5HUK9wAUwT083GJaxMJYNJFtGc812RFc9kIzYnnmA),Screenshot of madada.fr on 2023-11-09 at 11.50.52.png (https://v5.airtableusercontent.com/v3/u/58/58/1791108000000/iI714Ou3ueeeTkIeB8YiCQ/iVwhBNwfFymRSMBPLjOzNJf_i_xWCSMrPclV2bYEHhZJPUjW1tHOTRCE2yvTCuw4sFL-F23Rw7oUD9yPtEuzGyYKg7gioGh3nkpEOq0lJl04RejUHzfiiU4wmH9-69-8UzdNsMINT-U0J653mbqBaHeWD-9MHUerxviN07TljSILZ4FfTa9BJ6qWlEuqWpQg/Dn8Hbm-JdzfBx9q2w23kLwd0a4wMSqgY1XukcFM-M9E),Screenshot of madada.fr on 2023-11-09 at 11.51.06.png (https://v5.airtableusercontent.com/v3/u/58/58/1791108000000/yP3j9vg_mA_vpuxU76qCTQ/zs8ZqVkxWLX8a8jV2rNIuW5TaCj4ElsIMA3PEgukf9hSbr-9TnBySwqiCSz-wOtZr7_vaVjfMUAQTl0kNK-0i7Bz3YsN9MaP2df1ah2qK2fUbexorloRRyy6rIOJsfOZnDHKkU-71dIPKNntVb_V46uhpV6JFh0Oeq2UPDXUVQvaIOlKWhcp0KP7JA9CEgB9/G5jABrLrHqCyG6zuH77tq24YfXwMIJ5i3HGT9oGNkwo)",€50.00,Restauration,
11/2/2021,Dax,Inconnu,,Restauration,Rencontres européennes du thermalisme ,"Screenshot of madada.fr on 2023-11-09 at 11.50.40.png (https://v5.airtableusercontent.com/v3/u/58/58/1791108000000/QVhDWt7OyVG003POkAk6LA/5Iu8KBkmGtljr8xwleUj4-jyUQ3p0QFcAI3ERqQrfdctvuLSON2bye6d_bgFAxuFK7-fG-KJYLZX3lrSVq9i3Irlphd9go87Y6mESoHlf_2IUt5zoT7SBf5u1jNanPJNg2dt-m_qkjl2Im_SxJtbeiO10J3T0QdtS8e_KT2w3iJGdy4PpiAyBw49xPvX-zrA/sG8JyOcr43pJdhCtORhyu-lfEkpDxlIQ5zO6x8e6CfM),Screenshot of madada.fr on 2023-11-09 at 11.50.46.png (https://v5.airtableusercontent.com/v3/u/58/58/1791108000000/P06ojD5QXcFYlUs5u7ppNQ/4G5lf_UGZ5pywQnYhb40g01hLg3Vd9k_i3KZRjEej1s_AtRp15ZFQMxw9SHuSVg1IHXfdWGhUSMXsUpOH_xU1VlhU5upE_Q-lb3YaeSn0X5ftYrTczg-Y0-tu4fCCgR6EWlBRQtU7a0E9pL3jl6Ph3J14TPIQc6EBoS-TaM45BCf2hf2Z0sCbq13jmq6nDoY/DN5HUK9wAUwT083GJaxMJYNJFtGc812RFc9kIzYnnmA),Screenshot of madada.fr on 2023-11-09 at 11.50.52.png (https://v5.airtableusercontent.com/v3/u/58/58/1791108000000/iI714Ou3ueeeTkIeB8YiCQ/iVwhBNwfFymRSMBPLjOzNJf_i_xWCSMrPclV2bYEHhZJPUjW1tHOTRCE2yvTCuw4sFL-F23Rw7oUD9yPtEuzGyYKg7gioGh3nkpEOq0lJl04RejUHzfiiU4wmH9-69-8UzdNsMINT-U0J653mbqBaHeWD-9MHUerxviN07TljSILZ4FfTa9BJ6qWlEuqWpQg/Dn8Hbm-JdzfBx9q2w23kLwd0a4wMSqgY1XukcFM-M9E),Screenshot of madada.fr on 2023-11-09 at 11.51.06.png (https://v5.airtableusercontent.com/v3/u/58/58/1791108000000/yP3j9vg_mA_vpuxU76qCTQ/zs8ZqVkxWLX8a8jV2rNIuW5TaCj4ElsIMA3PEgukf9hSbr-9TnBySwqiCSz-wOtZr7_vaVjfMUAQTl0kNK-0i7Bz3YsN9MaP2df1ah2qK2fUbexorloRRyy6rIOJsfOZnDHKkU-71dIPKNntVb_V46uhpV6JFh0Oeq2UPDXUVQvaIOlKWhcp0KP7JA9CEgB9/G5jABrLrHqCyG6zuH77tq24YfXwMIJ5i3HGT9oGNkwo)",€50.00,Restauration,
4/19/2022,Dax,Inconnu,,Transport,Carburant,"Screenshot of madada.fr on 2023-11-06 at 21.46.06.png (https://v5.airtableusercontent.com/v3/u/58/58/1791108000000/GScYvq1hv1gt4zlqA0pwqQ/C59DuDA8JLaLDJCH0xFq0Yyvn4al2qNG_6U3ViLF-g5bpgAdRmw2zhlDcYMLFpfHNCyq6NPz2D0SODTzW1A3c7ZCfyFmVU-RJ1srRghgbW-zvvCWceyzHNJEHY3rZDFdEiQHxNbT6H2V3oWbSNRID-tcwMRuEK2jfQOT-LfSx01bpNLeV81J4HnZDvB_RoMD/NelIQ19IEOX_U2jueRo4dm4qxR3gL8dLj2h8KQzlBM4),Screenshot of madada.fr on 2023-11-06 at 21.46.18.png (https://v5.airtableusercontent.com/v3/u/58/58/1791108000000/F6ccgSI7YExIcn7-K86TsQ/Fr5suqu4nAnF2pBaRkZE63ae411VPdw7ZcN_VrZjUHC67HSlDGPvzZYuC47LbQ9IUIwY8PAUl3v0rhJezOLJ2geIxea0HvL9TrVCWpDDVPhDOHiB1mkBbT9GgJ3Js6ybKJPSPy3KO2WI-EpIFBvf0bDyqGk9pGJCf1kD-UWO5qHGb0nXpcgEw-9KvZe_8H37/E1vgTExfxhmF4nxkjQvZ6oZqP0BYPKycw-RyjPEQAtM),Screenshot of madada.fr on 2023-11-06 at 21.46.26.png (https://v5.airtableusercontent.com/v3/u/58/58/1791108000000/wfZ_8FHJuttgwY9ukmtnLw/cj88J1K8PW3lNa6sJcwjxY8LzhCET81E9oYjr63WeyHT2_fH0hm91ziqskU0Ikyfq9VjdfOlqxEyNu-823POzrVRWADBGViY0Ukt8gBoMELb1-PH1gRhSEiK4EH-bgZZ4FbubbwHGEzR2XTLFO3n1PLiCP9x6QRWcDJZZ1XOHWrH59xgaQ79hnlD9dUZQykZ/2crAUWEbmQ3jgC2chu4WABpivzzqlAS9t_FRnRH1j5I),Screenshot of madada.fr on 2023-11-06 at 21.47.19.png (https://v5.airtableusercontent.com/v3/u/58/58/1791108000000/aEjVNjkfNlamAgZa9PwqRQ/N1n2YtDZ9QoJdJ9TpcKZJfNWznRfPFHh5Jhv3_zIFqEiX6-7HkrfCqnK5ktNk61_p6mgUqHIlEvMCQHmkiijea9F5LjK9gC_tMO51iOYk9HXNMhS9lv_lsva4Qssow6tCG1PovWApcfTI2BS_EG0kC6BPcndOQ3oIp1WGrTihtPac4nfKW9gHAVXQAy6_RSU/SaedAsnN4iFNA3FLFXm0YJav8mBh3EKpyeDeM5GkfAE),Screenshot of madada.fr on 2023-11-06 at 21.47.32.png (https://v5.airtableusercontent.com/v3/u/58/58/1791108000000/rcr1-WwrMCigx2RrTw9t3g/wdXyMHh-upNCKZH2UoNFcrB8uvRNfOXTs3Y2XkKveHs1oNpuvQAdr7pqe1MKIhW9gKr91905FhXjnfZyCF_F8nHKZCxYflr-W0X6yZ-vvtJ2IIIykzxdBRSMZHj4csc-WsMcBHx9oh4dmT5gc9BVv5En5fqbi5QLV7k2LNegkKUaroSpsgjnB9E8s-L0veMa/XalFDzrliaPGUQ_ag7WWOMx0KufgA5_bvm5ktmiWnsk)",€62.82,Transport,
10/12/2021,Dinan,Bistrot la Goulue ,82087980700023,Restauration traditionnelle ,2 repas complets ,Capture d’écran 2023-10-22 à 17.06.36.png (https://v5.airtableusercontent.com/v3/u/58/58/1791108000000/sbZGZpZEq14PmxPu37cfhQ/k7yDVtRNaE9jTpicsnL_vuRQcR8CYS5oQCuNU_gIHMBaHYtRoyQip6-wwOura9ijVOe0pfKDcW-Conw1UwrGdBFMCsI3uHLIANZ95hjL0glumSrtI65Oa6-KhlkaDM2HdFcMHLII0L_AQpAq5czgqTron1gvPqLA8-jvSfUU_V4/Y8w_cvDDw1GPDvN5VqdZdBx_Ll0Shaj2lqnQOCgsl4A),€37.90,Restauration,
9/28/2021,Dinan,Le 1 de la place ,80246518700010,Restauration traditionnelle ,12 repas ,Capture d’écran 2023-10-22 à 17.09.27.png (https://v5.airtableusercontent.com/v3/u/58/58/1791108000000/TsbYFdJOpXuM9wT1o_gfNQ/GLQTQ6l0hvnCGVaaRoZpI4-ad_t4JGBnLUrVSGicN3I-4DisPlN5Y0bA8VHKFfJ3QKHfiWg8zpZLnMInpObGW5xv5HCfrIsPfHZ0qdOBbSfm2nqFa6R82Mwf_Iknrwu2LYy_2O5R6Wh7h6Kp5QmtoQTF0Xx3rcgFPEOLWxf97SY/1fvSGkaZo7ORfvfWR77qGFaVQx6DQE3NmDalKHuSzYA),€291.00,Restauration,
11/9/2021,Dinan,Le 1 de la place ,80246518700010,Restauration traditionnelle ,3 repas ,Capture d’écran 2023-10-22 à 17.12.40.png (https://v5.airtableusercontent.com/v3/u/58/58/1791108000000/6TSWRhNQkwvntqdgTxsxsw/Iqin_l1gtIiCNMjD1Q1canuJoewyWUIIjvPOVw6xkPwsL2RIayokqBRauInmhR5iEO6jPZMu7eR2yjzt_GsTAVB0zT4W3rHGw0RMck_KZrTIXoWTSwbcURTxTL4-EfIMIjx0u7m0W1i4UvTPOzPjAK69uW53TZOC5WvVuZgk7Q0/YufRQkGBDj1D-qWNUgZVmk3km6pIs37JU6A7--bKXEA),€68.00,Restauration,
11/4/2021,Dinan,SVM morvan affaires ,49753135000013,Activités des agences de voyage,voyage en train jusqu'à Paris Montparnasse aller et retour jusqu'au dol de bretagne (1e classe). ,Capture d’écran 2023-10-22 à 17.18.27.png (https://v5.airtableusercontent.com/v3/u/58/58/1791108000000/WF5ucR2AdLmkxb099rHBtg/b1k5isq3xEWD4mn4mwXBHBNWnHFX12RjHVNI0wSxfx7OJnEKROlRwSs8_V8-7QseIfAZhTsjxh65m3uyz4XhK2h4fmzn4gAZIPK5BaYoUIFhVDWbRbr-aIMIBUIYAWu2TDdcYhcCbybwOBo_fj7hFjhzJzYnN7FNs1pIPdI1lqk/-LKdVFiHca_so616rhSQVUUrWgaNBXJZBALXYJWqOHM),€144.40,Transport,
12/3/2021,Dinan,Association des maires de France et des présidents d'intercommunalité ,78471845400027,Activités des organisations patronales et consulaires,participation au 103e congrès ,Capture d’écran 2023-10-22 à 17.19.03.png (https://v5.airtableusercontent.com/v3/u/58/58/1791108000000/dgEhCjbVNd3XynUs8cVVSA/xXbKQ3RVzZ71KV8PI4fA4dRxAxum2j5JWyWudP8UD2611wYVK8hZIrVbeJPVZHzhSwjXz4TZODrwkZMoXn_ByuLRDwfa10DUrzwCMc5VICM5w7v0nPTEKht5uAKNnKydmfRRt4xvcYlvZiztgAC_WVaCf3hb5eM477QI2iDkPgg/jjzMwRx2FI-01eXenfIGyR-vrJg3ZFqm7XaBOS9pwYQ),€190.00,Participation à un congrès,
12/8/2022,Dinan,Association des maires de France et des présidents d'intercommunalité ,78471845400027,Activités des organisations patronales et consulaires,participation au 104e congrès ,Capture d’écran 2023-10-22 à 17.22.16.png (https://v5.airtableusercontent.com/v3/u/58/58/1791108000000/L1rkMKItKXA1Nh1O3iWcBg/9Cu-lv2AZsIHjaG9_mfQ5-3QdJK99tEqmAXl1ExPakD21GjcTvfWNYmRQw4vDYACxPq0cMHqRwmt8SHtBqUVCfDop-OoVJ2EpjPsBICR2OmmGU7Cpq0SbEFVqmGx8Bzf0tvELoF1fJGSnroleWbea4hUixKfNA96_yCW47OugY0/5a0IQXjmx9kGtpOZiBaBFenxbJwQnhuzNYUADshG9aQ),€95.00,Participation à un congrès,
5/6/2022,Dinan,SITES ET CITES REMARQUABLES DE FRANCE,43980717300034,Autres organisations fonctionnant par adhésion volontaire,Congrès national des sites & cites remarquables de France (30 juin et 1er juillet 2022) ,Capture d’écran 2023-10-22 à 17.23.51.png (https://v5.airtableusercontent.com/v3/u/58/58/1791108000000/7ftQngVr3HkmAvRFTHDaWA/ccqhyhOUHe_MmfOCT2Wc5YpqTxdsp90RAwfMYLvikqR6WUylvxKjqac-Ovmvmw0yKjM2GlL8V7T1Z8DiLM24e2O2iiAQepAh_Y6Ee2fRAPPLP83QkPh1abDuxfteFc0KmHunaTPj4WjNS0xsRuhZP2pCLmNUEqZ74gfD2gzBs-4/KYs2Z45VSaXWW9Q1DybgnUiLlve-Tu8yjuITxWmBHP0),€100.00,Participation à un congrès,
5/17/2022,Dinan,Grand Dax Tourisme & Thermalisme ,82431313400010,Autres services de réservation et activités connexes,séjour du mercredi 29 juin 2022 au dimanche 3 juillet 2022 ,"Capture d’écran 2023-10-22 à 17.28.48.png (https://v5.airtableusercontent.com/v3/u/58/58/1791108000000/qdnyx7UZxaVAtd3vAs7D-w/j3s9hu4NMhOjBiGjlc_cHF5ZRtYrB35MhNcuse5CK0qnDH-RV3WEO-F4BqDqaMWE7sXOfBsJ641HN8YdKYbF4GXWCSM-ry1SeqwsTgB-K0QIE9QAf_8CCFKzeOUhtqne99EXfOhx45Ovsyxd7BnKp2wOVTV3HbZvKmdJUVc-hks/WrFbSsYWKwehUReL0ZYWmg_XgaxotcN_WreU6geA1jw),Capture d’écran 2023-10-22 à 17.29.00.png (https://v5.airtableusercontent.com/v3/u/58/58/1791108000000/ajSV_kK3qnu2SMOMbRBFzQ/AAbEevRayxjAKZlR0-MePF2t5Xldg2rOUJX03E9z4EwcUk_O2Wo_NvpqC3w-1zMuK4c0mRRwwC137ojnEYjM3mB0GHDF9X1V8KJmkPEcCbpNDOsroyS9Qt11W44QzvNJxIyqAAgoslkD5up79NPdKgooOAfF2RPWZwtWOLnpeTM/CbX0TX4QJwLex4We-fJMpDcc5oN9Q4GnPk_4CSpAZ7Q)",€313.28,Hôtel,
6/17/2022,Dinan,SVM morvan affaires ,49753135000013,Activités des agences de voyage,Billet  de train DAX ST /Paris Montparnasse (1e classe),Capture d’écran 2023-10-22 à 17.32.07.png (https://v5.airtableusercontent.com/v3/u/58/58/1791108000000/1qafMLWGlkiXWMDrAHbDWg/qrnorbrdHfd3OHi5Dtbn9ri87D7xo6zCKIS_mRVef4hynJoJGeyZwrx_sYDpLwh_rZxEQDQhQdW9HbAoMB0abVNdz8Pu0DVZP5_CGPLcxVG7fS8FWlnvJZ0YbNZnkxA7Nzm7Q-mQxj6PBE7NwVbKHil7cA5T5IEKLtCRuvzpE4g/2d_8t2bk0P-7HKp1cdpog-Ti6leDqkgegox4-ZR5MQg),€160.00,Transport,
6/27/2022,Dinan,SVM morvan affaires,49753135000013,Activités des agences de voyage,Billets de train Dol de Bretagne- Paris Montparnasse aller/retour (1e classe) ,Capture d’écran 2023-10-23 à 12.50.15.png (https://v5.airtableusercontent.com/v3/u/58/58/1791108000000/WKdGG6VRvIVuVnq_x2vsag/6hoF_uCSu9pXvz6GI-x1-0VWBvZ1w1Khra1prQXyx4SoaA7QJEn9jVRZ2fXtJUWZSgP46fFD_Xl_WlXvHip1YlRl0hebsDnvcKEuK1AQmzKzt6xqkkRpWldi_Qa2mTgPQsEBhcqZLxrr8qGT1IjUJuST8SWpTUN8gnRudRUY-cs/exgcnyFKxB-nDSQdhpElSipz5CUDyQ6EKb9o3zp9ARs),€208.50,Transport,
5/10/2022,Dinan,SVM morvan affaires,49753135000013,Activités des agences de voyage,"Billets de train Dax St -Bordeau St jean , Bordeau St Jean -Paris Montparnasse , Paris Montparnasse-Dax St, Paris Est-Stuttgart HBF. (1e classe). ","Capture d’écran 2023-10-23 à 12.55.38.png (https://v5.airtableusercontent.com/v3/u/58/58/1791108000000/yBJz8u_OtOcwWjpg43Mk8w/bWQniLpeC_K1RmxbvsM1ORvIHuAn5v_CI4hijpnRia1P-0Znfe0EC926lZVIeeNZgEL3KZgajcZ_xqku57VXSHWyGra6LTgFo_9MfxpcVLRpu5apzifL53UFOL95MnoQbuh205V8a7QEB_davmgQUxsqcsRnCVFMRMpMDb-J2HM/MpHjJinKYtDTNonsU040yom4gu_vKCs5eg-caTDfoOE),Capture d’écran 2023-10-23 à 12.56.15.png (https://v5.airtableusercontent.com/v3/u/58/58/1791108000000/SbU5mfnNUYUYFWbu8zSIdg/ZhIe7xVcwk7f7TGqXokGf2nZXL4vGmDuIRF3sLIRME4AcWbRilLJafY5W9kQxZcoLngixPNp81JSAqI9iXdw56lBF7NNkEwUUY6GwqK1mlOfsOIuFKi1B3nPHUj6xQMjoJp7JqdDQcu4C-18pXYDQwxRTbwKd4hzY-JYiwpD0fU/iHOiTVyqRpCKFB8Tzy-PQ8Ug1LQ9Vk89JnkJKetj8wA)",€307.30,Transport,
6/24/2022,Dinan,SVM morvan affaires,49753135000013,Activités des agences de voyage,Billet train Stuttgart HBF- Paris Est (1e classe),Capture d’écran 2023-10-23 à 12.58.34.png (https://v5.airtableusercontent.com/v3/u/58/58/1791108000000/yVi0EWDEPYeQroX8FXq9Ew/VFYgW7EXZf1CIT_tXPmlq7HlLqkC3CaFhvTXLdYRaW0bvyn8e1q4yGzih2eJxRRJ-Z_jX-rQC3I1e4ePtn5a_EGlspbPQF86EYTC3aq1S0CpfCMSruO2Yhxy-6yU8WkuUjddcoTlrn3QrpULLbdNsD0LcoZGngQt1sF3VuUelk4/8G1JNjFQqXc-tslAL0IG27JbsifWmNFxBQjDNqoNEuY),€139.00,Transport,
9/20/2022,Dinan,L'Abondance ,89150135500012,Restauration traditionnelle ,3 couverts ,Capture d’écran 2023-10-23 à 13.01.09.png (https://v5.airtableusercontent.com/v3/u/58/58/1791108000000/tU0GZv9xaB9bO0znlQ5jqg/V49GDZ70qrVz3GicvO4CXWHNoOygKbyhfVcJdW2Dn7Lz3GcQgbY6DL2oA3xWUjOBuX7dMJOyZIEOgkMz5P46vUQ5F8OvfR12oV6KxwcsDvkpHW8IywzK5dfW9y3wbbusTttQWrQTXBAmdxoBqT_46FWVbxZkpDC3jvGIEGHaUM0/jyM-FVnT86Br3ehuml-CrpMHz9hwXuF0hHyHgClJULs),€75.50,Restauration,
11/14/2022,Dinan,SVM morvan affaires,49753135000013,Activités des agences de voyage,Billets de train SNCF Dol de bretagne - Paris Montparnasse aller/retour (1e classe),Screenshot of madada.fr on 2023-10-25 at 12.20.05.png (https://v5.airtableusercontent.com/v3/u/58/58/1791108000000/FXEdQm5B699yY14_a6r-wA/VQrqLFtgPOk-7aIYIkWqLRjwzeOiLjGFgNM7tBQzisMNvXnA52taiM2wIybAvKIK4eNgMNltEgX17lbKs0Xf2n7c_DVm81hGSsWeiEXjbQ1d_Z7MlmZwDRC3NOGmc8RPgFLOvKRVoGkitXzsUfaARDSyCTRrp-sFsAxpbMlbGLMBnSHCClGiM_RjnFByArnc/nXWzGgcanf3-uqqoeT9jqwzM8WvYYn_N2DuuLfcAKhg),€168.80,Transport,
11/9/2022,Dinan,SVM morvan affaires,49753135000013,Activités des agences de voyage,Billets train SNCF Rennes-Paris Montparnasse aller/retour (1e classe),Screenshot of madada.fr on 2023-10-25 at 12.22.47.png (https://v5.airtableusercontent.com/v3/u/58/58/1791108000000/MNE0OUeKJKK4YwGFRP5zRQ/X6XOK1ys6mEYCvJp4O946v6RN5u6yg63ymGwsJQKg8dcjAMNKEaI_eFWOjp5OHVR0u082VOyDbEaSvvqngcwtslcCpOKm6M1JfY3dviZFGUb4rfJYO4ayYGf2Ls4GkP-wXUWA7u51IZiqoG931wU6D-uDeW8PdqXYsjn4vk8X9ic7pw25dLKlICPOuj4bN6s/mRyIipmDXi-y1YH6KPh6WCtO9_0QbiS2i1AUZzBBk8c),€161.00,Transport,
12/8/2022,Dinan,Association des maires de France et des présidents d'intercommunauté,7847184500027,Activités des organisations patronales et consulaires,Participation au 104e congrès. ,Screenshot of madada.fr on 2023-10-25 at 12.25.01.png (https://v5.airtableusercontent.com/v3/u/58/58/1791108000000/-rMfUGDtgufdQdS0u5Uetw/5ALq_jwAFSWnZ3cqT45genOQiggcv38WjhlNYbhawp2ZQO6SUmhZvdDG9cvJSzWl1RlpofPSSS6VvJgnmpsWeaj3zUBjnlvHuA-cGzsWfhz2GBs1S7AENXYHNyiSEIFHYiOyZUEqBPV6UXlaKcvqNVxOTtykY4xGzfw_cTX7oKVg5_k0mTIDAavpp7UPba69/YOe1DyYD-1QWdLgSqJ-TeFSsizpHf-PkqTy1h_w2A8s),€95.00,Participation à un congrès,
3/23/2023,Dinan,Le 1 de la place ,80246518700010,Restauration traditionnelle ,Repas du jeudi 23 mars 2023,Screenshot of madada.fr on 2023-10-25 at 12.26.16.png (https://v5.airtableusercontent.com/v3/u/58/58/1791108000000/n4HTr5tguurWYEhUN6Vu7Q/5MWcCiG1rJgkbzuAPsAk-TbqEDBhURYse7D5US3cNjscvSeunEC1KJCnKsOwhNDah7U8hSUhN7568za2Nf36ygtipsKa9El--Hh7RuYEvVEhfmkKChdljQonqGvUGInlwcX7o3drRq9z7iTfgJQcgtF-EWbIpg2RmGn2Z88brw7E4daw2A8z2X8fVCWJlss6/RI2E2m08GAqRn7_NockQK69R8Va0N1zpeH5aWD7qwac),€62.40,Restauration,
4/27/2023,Dinan,Le 1 de la place ,80246518700010,Restauration traditionnelle ,Repas du 27 avril 2023,Screenshot of madada.fr on 2023-10-25 at 12.27.28.png (https://v5.airtableusercontent.com/v3/u/58/58/1791108000000/xbuwvfcqGtMdbbtg4l_RCQ/hUf9meM4FOuaPmTtjII4SP_v5WGdQpXwbYIf4nufy-w-FbIwdO8tmhj_W2W5Lv00rUXN9kiwCz_hby9x5gVfAWgR3X8TzOYEZvGg5WvVmy-BWCIqBr_RgRdZPEu5XuEK3zZfiTx5372-YnTx6vCjwPzvojq9sp06UWEWxJSXV8KbBbsCR50O3ZLgOXj-sSwC/MZP4qdhxBY_hd0cMUmZT17zoyH9KexXRTbPjbpPCgr4),€66.60,Restauration,
5/17/2022,Dinan,Grand Dax Tourisme & Thermalisme ,82431313400010,Autres services de réservation et activités connexes,cocktail dînatoire,Capture d’écran 2023-10-22 à 17.29.00.png (https://v5.airtableusercontent.com/v3/u/58/58/1791108000000/ajSV_kK3qnu2SMOMbRBFzQ/AAbEevRayxjAKZlR0-MePF2t5Xldg2rOUJX03E9z4EwcUk_O2Wo_NvpqC3w-1zMuK4c0mRRwwC137ojnEYjM3mB0GHDF9X1V8KJmkPEcCbpNDOsroyS9Qt11W44QzvNJxIyqAAgoslkD5up79NPdKgooOAfF2RPWZwtWOLnpeTM/CbX0TX4QJwLex4We-fJMpDcc5oN9Q4GnPk_4CSpAZ7Q),€30.00,Restauration,
,Divion,AUCUNE NOTE DE FRAIS,,,,,€0.00,,
,Doussard,AUCUNE NOTE DE FRAIS,,,,,€0.00,,
10/20/2020,Évian-les-Bains,Mr Msambi E,,Transport,Taxi,Screenshot of madada.fr on 2023-11-08 at 22.35.28.png (https://v5.airtableusercontent.com/v3/u/58/58/1791108000000/sUG6HVM5nErVftIyhxHZ0g/TDglMMZYH25uAN9TIFgjIZhmvmXQQS2pg09sJK0UXyCCToBGqd_kHWZF6BVEZ59aZGAXCIH95mAsnFpfmcuzTe7n2fCUtE3Fl44ObyARoH_gi4y4g63_yD2Jt4eHl8W-GfxzGgKJZhh_ZKcOZ6tQyLNHaIMM0fihO9ilJ_-IcUnv4MUgYJ9vXmvlElD0Cg0O/CfCrZYcL4PMlDKge4Q-gr0WFFZFvZqPhHQfxt--PK6s),€21.20,Transport,
10/20/2020,Évian-les-Bains,Ouclona Leon,,Transport,Taxi,Screenshot of madada.fr on 2023-11-08 at 22.36.33.png (https://v5.airtableusercontent.com/v3/u/58/58/1791108000000/1G7qqg-feK33Wo1nB00MYA/nGqYgQmIU651e_GntBUxNYCbrejjIRKRzQuHXg8R3b-K1RTvX8WtvLmdtJwuyYxwuPPsC4TilPPis2Ykvj-RxBu3HN1gatttiUkI2jyEErgNaE0sbhVL-_-CbrTfj-FsaVu8PM4IHz_GlccSgkfICrDKr3IsBGYszSlwKEl-oxBxmX_1AveNJD_qa6__qNuF/DyCF5X3I75h44SJGgDgksAd72ye0N0W5oD9m5lo-Snk),€21.60,Transport,
10/19/2020,Évian-les-Bains,SARL TAXIS PARIS DORIAN,,Transport,Taxi,Screenshot of madada.fr on 2023-11-08 at 22.37.04.png (https://v5.airtableusercontent.com/v3/u/58/58/1791108000000/MLUJRXGPK5BTHp2gXbYDoA/uuSo2RuAu1Hp5kfVO6JYeuLnufH3vC1U7wjoany4Z6LjYonaqLWFRuXJiPv9HBSav7wh8Xkq6ewnOq54M4APAxsQiK5iy1V5IiS3dALXf5h3yZufG2Soe1JsTOjOqUV_s6VtC-KZk6K-q0hV1ytGlzatnrCPglnE6Vdmm7iwZVbZg-UZbyToqbLm6qdoefkq/j38cJJcx_DIaSBWDpiOqAtcI1k8M7JwbGON1ety6PnE),€21.20,Transport,
10/19/2020,Évian-les-Bains,SNCF,55204944776279,Transport ferroviaire interurbain de voyageurs,Inconnu,Screenshot of madada.fr on 2023-11-08 at 22.37.39.png (https://v5.airtableusercontent.com/v3/u/58/58/1791108000000/xw2KpNn3Ryx28iaSD88zZw/JGyo3F8zPbH9Zq4zY9TrDaSXAvvQ-k1umz7FYXk-eHPE87MpyrF_W1vvP9FXqMW23u9St882EU5U9oc15cBaVVBWJ6vQCSLLo-GDKrLaRSZVYVhd_CnArcW2rDo1T73F3SEG9yqdZT4dZOUMXScUYBz_X8oeegY8wkgQziEEP9k1ghXGv7E5ojzpRRWS307Y/X0dMADsjbvCEskR8m6xwOo2AYfifFJX1Tkrhsu7PLxQ),€57.20,Transport,
6/28/2021,Évian-les-Bains,BRASSERIE L EUROPEEN (LE GRAND BISTROT),62203245600023,Restauration traditionnelle ,Restauration,Screenshot of madada.fr on 2023-11-08 at 22.38.09.png (https://v5.airtableusercontent.com/v3/u/58/58/1791108000000/X3r5xIt9xI0T3whStR_9vA/PK918OgowLqmS-ealu2x0QDpbLVet-zLRruXKExST4pxw-yfKf8qX5ZgMY2Af1BBBmuel9wf32eNUiND6IYkyhqGN1xMolapI0iBwkQDAvtc8EtmN1G-jf0WnpXTb_efFzkVVDloqqiK__E1YD7doHD3KUZJkeak-CBMAVT5KrVqrKe-nJ-NmL8VXl0DawJh/9IUQTpcoW6CkF_gKh4VPc1EkW3Ilb4lDQgzGkG3ZWz8),€78.40,Restauration,
12/3/2021,Évian-les-Bains,ISAAC TAXI,,Transport,Taxi,Screenshot of madada.fr on 2023-11-08 at 22.39.37.png (https://v5.airtableusercontent.com/v3/u/58/58/1791108000000/mUXGbPD72TXM9kF-DBD5Ow/iZoUfb3LOwJsMcZkOSBitPG6VeyY3GZQoWnChZvHRBcI_wwTOnyWGPKoUcFXb-l2FcVPEtk1Ns2AB7nTzTybOet1B_bmjvrl1ruyNk922m5VHNhpshqn0lBzJr1NECHNlu8R3EHjatj2TCDF5Ep4UqDdsQoVxeiV1CESKMN8iLIkwaSI4bMowfjZNEuKytHD/5Ksmy0ZJiTy08txErxJStFGiPWv6PEENvfaWs0S3bkQ),€18.60,Transport,
12/3/2021,Évian-les-Bains,T.P.S MR Bettout Atmane,,Transport,Taxi,Screenshot of madada.fr on 2023-11-08 at 22.40.08.png (https://v5.airtableusercontent.com/v3/u/58/58/1791108000000/2PeCe0cNi6palWGwafBl4w/O2jhANAOvwlNA_WpxkNT-Z7o4JYufb_Zln5IUHrkzubikS6Oh0HLuEUgTKRPRKDpFMZ_ggHP0j50AD5Tj0BfWQ1Dnouh6CeV-Lfl9vO4eOuqje6wQUoYphTsWjWL17MbTYBAsX7eOYDsBpoCbeYrUsXdqHyORY7DaPuBYXjiHbMGVukzLztb3IOoiEQtl4Qp/tV-E4oATz05xVGidzYJbQyM9HTRhl0MyNRVXr7bTMjM),€26.10,Transport,
12/8/2021,Évian-les-Bains,BRASSERIE L EUROPEEN (LE GRAND BISTROT),62203245600023,Restauration traditionnelle ,Restauration,Screenshot of madada.fr on 2023-11-08 at 22.41.01.png (https://v5.airtableusercontent.com/v3/u/58/58/1791108000000/TXLy7AiQJHDRJMMoJ0n4eg/wE7LZpHqASQMa0VvGjSJtCkrCVCRBAwVMiQb0tY_Pu1_0hjsBIcPbZ1klqE7MRpPVjgn3qdGYo7oH2jcnjDd7BUNA_ohG3hV3uXF08jaBBl-l1KizQq7jimcLSiDarIhNT3wjHvswm4V8ErsjvXI9Xa0-kXkJM7U0a53X_42SqMUFcfeI-TRnLIrUpFqgttM/Jhugc9NKpVX8jSj6pFpNt7SVMfmCO-GBtWCPYXpuAqg),€36.00,Restauration,
12/8/2021,Évian-les-Bains,Ngom Bebay,,Transport,Taxi,Screenshot of madada.fr on 2023-11-08 at 22.41.37.png (https://v5.airtableusercontent.com/v3/u/58/58/1791108000000/CRiyZTUNgjmrDO0R3L37uA/WcUOzh644NuOdtB8K8hDt5kUI0grv3deUBJnBEjLeMJ3ohr7sJUdqnwf0D7PrB-kV4AKHBlRYvvNp8SUrbmwFpvF5ErlwHHTxKss7hKHjY5fJrQr_rPf6TcrZ8GKCKB_-axRyLkyr_AnpFgNsHjmn65ZDaFTpAKVcGFyr7dvaNASeIOrmSsInf889x-Ppw7a/0UeIS1HOKZ_g8ViFVwUCabfeFm9fqY0qg1khN54h12I),€32.00,Transport,
12/8/2021,Évian-les-Bains,Oote Taxi,,Transport,Taxi,Screenshot of madada.fr on 2023-11-08 at 22.42.16.png (https://v5.airtableusercontent.com/v3/u/58/58/1791108000000/L7w6JL20CelcDGmVYFVWJw/jjnjrR05k7Ox5J8ALVRGss6SWetVQFtecHR51sDuSvylODKBVJbhLwXFDDuqvWCsYvx3v3aldsozCHLw42OGxjTBptk_ryme6vrbtdo_ZHC1B9xzhmTfYN4uis5bTvKXqIPzyuX1WbvxmcXU_ZgLPY9kpOufOb2tAQ5G2SKLtGLitraRoBCjuGLxAUrAg4qp/um_iWmqXZbnU-8pGi4jQnOmk-NlyTvA_pVtgotIYdf4),€20.50,Transport,
12/8/2021,Évian-les-Bains,Clervil Joseph,,Transport,Taxi,Screenshot of madada.fr on 2023-11-08 at 22.42.58.png (https://v5.airtableusercontent.com/v3/u/58/58/1791108000000/o6Q3opO0rUT3caqcXTWXCA/6OxcuDjeAjc7zksLO-JpyZf9PkMS43rJG5KGdrhP5wjRZi09cQTgFxrHlsdArAkG7C1mVQM1qpPNGFzKUodfCjh6yyRLvCW5W3Jblt_IXB8c2DH51mXww9pxMh9sDWx91mpAuxlYcYBiaCJMVhprLDk76q2NKX3bHuqLKZZvntnoIZ5UBvYama2QlmUepyhC/cukNihTvbgAwxdQv3oIL30jA2ZdzKMPmQQxov5vFa4s),€39.60,Transport,
4/4/2022,Évian-les-Bains,Bar Serpent,,Restauration,Restauration,Screenshot of madada.fr on 2023-11-08 at 22.43.40.png (https://v5.airtableusercontent.com/v3/u/58/58/1791108000000/hIe5lrRbV7AkLBlBitQqiQ/T_SkUkONrHYjLNLg_ogrHJBMk9OWy-WBTOB8O2xR7Ns4Y1ZYMbnrvijl-rViyjvjJMftBtDhiVrxsYqAtQJbYYeSdpwLZJOVWF9GdYXsOJ66cmEKa9TGcOXvfmj5KF6627hcefKiB8poBwslcgN0vD8XNhNqYxb4JpwM_Tmp6qOUdC29XfRO8h0hmPjWACaC/aS418jsOkvXVq-f_fIXhYigTSncfY39u2DpEXbGo0oU),€24.38,Restauration,
4/5/2022,Évian-les-Bains,Inconnu,,Parking,Parking déplacement ONU,Screenshot of madada.fr on 2023-11-08 at 22.45.52.png (https://v5.airtableusercontent.com/v3/u/58/58/1791108000000/stXJBgMwCTReoBPdHWAtCQ/oYmwd107-nHg5-qHebVIGQypaATqZh8jF02IppcdAvTzzUWD3cIf3JCBy51hQTSvufEkJBhLFyofIgNA6-iofBhW8UOwOualQAjQ8EZd-k8QqV8KpVEg3R6A8-RJl6CXT3jDscgPKzAhFE-h63L9BHCrBLKBKQLUtySzQ-i_gv59IoYBK-7snssYWqpNtTS5/ZXYS7Uv4KcbXh3h__CbCuy-I9xjMDEdPQp2LOgcFEj4),€29.11,Transport,
4/4/2022,Évian-les-Bains,Inconnu,,Parking,Parking déplacement ONU,Screenshot of madada.fr on 2023-11-08 at 22.46.27.png (https://v5.airtableusercontent.com/v3/u/58/58/1791108000000/2Cg7ZsnvzyZZyDAW7RT4rg/00Seie4Wdcphk22yrAGXlUoUd3P5vRp9Xz2j2uxbUJxvsJZ72BRS3hRk8zGMxHGeapam7P3K4MsM2RHD2kYGl2_tkVxS0mquL3n9ZXOf1pJmLDuiEufT2geLcRs_JQf-O3cb7JN0MiG9EjtwcKE9xeV1Oiu5hqCWcoAJjNY-W0fGkZaAR8I6j5ELWVp5pJDe/JK_Pg5PhJ02xgBPL1-uUX2tT1i4LFp-TxpYAeB4wlJU),€32.00,Transport,
11/24/2022,Évian-les-Bains,Hôtel Terminus Lyon,35360080200014,Restauration,2 petits-déjeuner buffet,Screenshot of madada.fr on 2023-11-08 at 22.47.09.png (https://v5.airtableusercontent.com/v3/u/58/58/1791108000000/dxfVs6utDj6_Mpj5EoSiIA/o8DSCpNPJn4_K1djdu1QRYeAUW-5c3lTkMfBHw_o3cqhl5_visV6hoa5RG4SAs57t1qsq_U6-_7U0wKV6vRiGqcpZZOMamOxKPjHmscC3zTdzl3j4ksAuZhmXsylDYrMfyIqgnf0mJlARhRKF2bg5INhKFCRcYeevQhVO-WJPpNgb2PmZzuYZfJsbPj13bjf/-xjjpqVxaR7UTOFrNY3mxOu6YqKKIRMkw3ZkG2qGQOs),€52.00,Restauration,
11/23/2022,Évian-les-Bains,Taxitel,,Transport,Taxi,Screenshot of madada.fr on 2023-11-08 at 22.49.06.png (https://v5.airtableusercontent.com/v3/u/58/58/1791108000000/tPIg7fjO2BbigOTdKo5EpQ/8GAxNSoh4rnvi70IJ_NjgY_cJPn9aLNX9DPYufTU8_DbBMSrMM6slzoGOr9zhw2PKaCsZohVAu8W6EW4ZeiBymNAskow33H1cFwaTlNzinGF8ggRzAC8chzCvqt3m7dyxNFxjPjx74-iyBsrB8swjIY2w0h0h5r8P57Yv344LB_xsccvrBwjyYoTDZwZ-mnT/UKgyw67r1MLSZWS0EgDZw1yu_xMYy4jFmDjU-wLHrSQ),€30.00,Transport,
4/22/2023,Évian-les-Bains,Taxis parisiens,,Transport,Taxi,Screenshot of madada.fr on 2023-11-08 at 22.49.40.png (https://v5.airtableusercontent.com/v3/u/58/58/1791108000000/_lBAyHpW7aJUMDOJiJESMQ/O_wCBnEx-TjDxrDbBURUhgTAJv9sfQGMW31hiZmUqgLSdny3hobFyTSnPVZpMcfMHTyNih32ya9Q958894w6peC6vyjoaiqkPXvpHn3Zzo4M0e3E3o_nS2ycShVFBlO8BmcUJja66nu42Tpy8enEMW3pHcX6jcPL27DtwjU7VzhyG_8DICsupLWkD5WEdgg4/5JlHrGMt3krig1XaGiLC3PfSOf14kaq0xdBl73tWdqc),€30.00,Transport,
4/21/2023,Évian-les-Bains,Gartaxi,,Transport,Frais de taxi,Screenshot of madada.fr on 2023-11-08 at 22.50.05.png (https://v5.airtableusercontent.com/v3/u/58/58/1791108000000/zNlrC_XlbF2D0AEf_2ACoA/_mtPKYhFUxOBgVVo1ipqewNQOrdtQnT9aVyDz1_O37XGEtJ2SWjV-YTnIjSAg1Jtdg7PDaHwEzn8uBJcf5axjUVpLRobi8HqyljZq5oux83-dzfBLroK-iYV6BiJxg9Ip_-03W_uU7IRjmsn4B_D2ALDwlmajSFQcf1ukstM9yesB5RyQ5_iNVHua2xi7i4w/w3GoqFFrN2duZPpvMN8QoDixkXTLVMNmsVm7clHW9jY),€29.40,Transport,
4/20/2023,Évian-les-Bains,Novotel Paris Gare de Lyon,40206971000323,Hôtels et hébergement similaire,1 menu buffet,Screenshot of madada.fr on 2023-11-08 at 22.50.37.png (https://v5.airtableusercontent.com/v3/u/58/58/1791108000000/8HRAV1fmQm2jDt1VIqo7lQ/fE6GeyWpVbp3L5247tbe8pKDeIySe0QYFls5IjZ4SNK_fBNCaOT5k7lxsAhoG_jr-3oncvJhv7wSO5-y9bc3UayUF22-nrdV4jCzsKVPt_Fyy04QtWbvT-AiZf-vKdRUjaXWpYgR5YY3KU1dz25WbVP0TTM1wiySUeMPy2WdONHaeylzu30xKveOT8Fqygrd/WJLJQb_QKvbkkaCM_la7RE63N5-ZOVfMz6KgMZuHaZ8),€32.00,Hôtel,
4/21/2023,Évian-les-Bains,DOLMEN,,Restauration,Restauration,Screenshot of madada.fr on 2023-11-08 at 22.51.58.png (https://v5.airtableusercontent.com/v3/u/58/58/1791108000000/40wILrGKgQxEMw-2s1DR8w/h6-S2qV50Ad5jgXzxAxqnAMHxRisgzVI5QTnqkLoYu32jhzGXkUlf733wMZupejqwKOksYqcovHZ24GVD7_U3dKeUGwToKFT6stbq7odG-yIB5IbSKm3XLbGKOJXEGFncsUBd6Vr2NW-FFNkQ6VFYw0m-uJm0eQyGb6tghKetlmRQSYFvWF7rlN6IzbCD6vv/713i-ZrCYNF28xgqunfWp1e9TZ_YU_CxEMUwL-nIYQw),€28.90,Restauration,
4/22/2023,Évian-les-Bains,Newrest,41257562300019,Restauration collective sous contrat,Restauration,Screenshot of madada.fr on 2023-11-08 at 22.52.55.png (https://v5.airtableusercontent.com/v3/u/58/58/1791108000000/tIGxlTVSBAwl-1mr_GM0vw/IX6TGUxylHzXbcuxUa0J0SyxgPchltMVi4wlMxsw5ScOYaWiLafIksrttNcFDFqCk5oe0XRBAo_JUrj8VakhdUbLdL1zNSH5G_d0nCsizf8VNx_nJDksDGD98PIZMZoMfLABkwjPp_l10iPE9kPYqGsUseGTIpQ9MRWwJlmFiQ3FaJSyA8mmQnwQCoAOh0yq/SozJAGrTP6Yeb2sfdGGZCyb8IkEkWq1v_wyv6vBbRGA),€7.70,Restauration,
9/30/2020,Fontenay-le-Comte,,,Transport,remboursement des kilomètres pour utilisation de voiture personnelle ,Screenshot of madada.fr on 2023-11-01 at 10.22.48.png (https://v5.airtableusercontent.com/v3/u/58/58/1791108000000/zox4iIHgRAT7hlyVdN23jA/4zJMOjnW4mXTackFVa1ytBYssGu74MyjG96Wg_vFsKcPS_RjC5Axz8wc0QK5RGU4VHPfFhFaetjRJne838aYKLn8fu7ZZZg1W5exXvKhsxC_OT0KbJAJE6Bxzn40bVMCPki7fws8wm8C5rspQMFeT79zlgxKkM5Fcf2-T8gZGfIfz7Kd-v2SNqrwZo2H_gSP/KfT87vrqK_iwXYALj8l0zL63bVc6wFCG7Umv4TpOOu8),€82.88,Transport,
9/30/2020,Fontenay-le-Comte,MR MANY,,Transport,trajet taxi (réunion de travail à Paris),Screenshot of madada.fr on 2023-11-01 at 10.23.32.png (https://v5.airtableusercontent.com/v3/u/58/58/1791108000000/zRag8AHmnj6NE952shr4qw/nBxLqzVog3dnq4VHDi96_p01qsk9Tjm6cR0r-0G9keOaP9wa6LhOHnC_guAxr7tsjKL54DUbEwiZlJnyszt38moTZWwgtW3J40usQ1SPZggvW94yvTVIErBFXQJ5E0_TkGTj1vHLpAyprcxn501N-XWI0pmRNptqqskxMUlc8wE3hIDVy4INAUOk9QeoZWEX/zSue66hnTjORrFv-mPysylOsi_2YuSwP3yWvcKWpnkE),€20.30,Transport,
9/30/2020,Fontenay-le-Comte,EFFIA STATIONNEMENT,43527259601970,Services auxiliaires des transports terrestres,Parking,Screenshot of madada.fr on 2023-11-01 at 10.25.37.png (https://v5.airtableusercontent.com/v3/u/58/58/1791108000000/yklgvHf0lkh0-KaqBFxD4w/Mf5ecE-O5gfngN3380QAs0VatUmrKrpI4vd6inS41qXH_7ByIZrW5laGx0B4WB6qSLa7r22B8VQnvr1Ds-5SLlwuDz-tDJy3x0FBmy_GC94_U7fdK3iStZW01ywkGoEK1STyB1z6NQDGNi7Ue8sPH1PjmgOMsUKJm0qEFO6ACVkRkvHqE4_iCH9WzjUv2TkY/gBMqkQ795YqNvVkpOT1wGRzmo5jNBwHnWsOWYycDbwo),€1.45,Transport,
9/30/2020,Fontenay-le-Comte,Taxis News Deb,75389037500011,Transports de voyageurs par taxis,Trajet de taxi (réunion de travail à Paris),Screenshot of madada.fr on 2023-11-01 at 10.26.06.png (https://v5.airtableusercontent.com/v3/u/58/58/1791108000000/ZowtEUVljsOs3OipCQVVKA/3I3sl2ltnV9Y-K5csvS7vOaCXBop8SjTCE00Ys00uOCP24481yWvYI-CjFNqGyVAwkYxxw-91WYq0FYwAx4S5meZndAUELqtM6g61a8E4bC1qyY3pwZP7c41sojNtHaYFsAn1dYRi3GKiLI2S7W8VbN_9PwbLMLEapPkApfr4IoJuvfPK38Ipt7UOVyeNHuo/2frqH8VUQNpt60Ta1eznbVWN2P9-m9C7ovGNZbFIxVs),€22.00,Transport,
9/29/2021,Fontenay-le-Comte,,,Transport,remboursement utilisation véhicule perso (réunion hôpitaux de Vendée),Screenshot of madada.fr on 2023-11-01 at 10.28.02.png (https://v5.airtableusercontent.com/v3/u/58/58/1791108000000/WHNOz8MiyZcc-8bWS4m6Bw/qrBEUqKW-W7MAgCurQyyGKLVtdgzV3w-N5oAEFhypcjn4jrAwORHM-MigtepA0JS4MbnqDRDCwypc6WWzSqRAOOREFwQaYWaS9Qf00mx7B8NX9ZDgiiJnC0rNNxlok8rATWt27JpcP28CTSvq6qzFAFHYrf8czryGWaYqnQDQx6pF6M8DSNIevXmEmxwXrTF/5pp96I1dMnFHFyqqpYOE5Tv7SYQmjE1TrrknRuLsqoQ),€43.66,Transport,
9/29/2021,Fontenay-le-Comte,ASF,,Transport,Echangeurs,Screenshot of madada.fr on 2023-11-01 at 10.28.33.png (https://v5.airtableusercontent.com/v3/u/58/58/1791108000000/7SaBy6BkOAWQfm3lTi9WwQ/3xLE293riBYT-GuCx6BW5r_Sttn6BISSCz-oyP__Ej1T8uSTbFUSjAPnY0eitrKKSzRLOSAJ_pilgNIKut45S1GwoPOknJ-_rtnpZ3auW7xYkoDAMdpoQFHTxrXkihxfoCtgc_1TI7vyaD2PCexnGQAbBexkVo5HEV3IwWncmOcSbE5Jfaxmjm-FX-8xNgRj/CYEkuhBzdnvys3XqhDGZobd_9vOibxrW0fxUwlR8_no),€5.20,Transport,
11/16/2021,Fontenay-le-Comte,EFFIA STATIONNEMENT,43527259601970,Services auxiliaires des transports terrestres,Parking (congrès des maires),Screenshot of madada.fr on 2023-11-01 at 10.29.46.png (https://v5.airtableusercontent.com/v3/u/58/58/1791108000000/MM1yKITxadwwL-X_kShaHg/uydrEOVRPBfegl8irwiiWRzLMGi2NR2bAu4jM08DCGrC5tZjJTMwrLkENqxdfdAADz_ZOxnM3bn15YwEjxB5we527UOXFWdbU2ZZkTBxzvWDNZwTBBkFJPAKSBaU39PYFrCqfBr0PARp_qwLrIRCqMKq2WQDyB3Q85-uSLzoCtg9QTnXQvgNnZlzt512yXaW/5RpvrfXPXii8opdOYPHcl2VA3aaJ80lXm15JwwXqJEU),€27.60,Transport,
2/24/2022,Fontenay-le-Comte,ATEAPICK,38868991100039,Restauration traditionnelle ,Déjeuner de travail,Screenshot of madada.fr on 2023-11-01 at 10.31.09.png (https://v5.airtableusercontent.com/v3/u/58/58/1791108000000/ISBhMvsScYmJyqRAuATKQw/whSapj0qIpdanODcGcfeaPVeNtQpVvgtntMOshCqJUB08fj6cyMXFdbLsR19Ci1shposFm2lahGDHkOgtvPluV4EdDY9zvxWgsvd565kM8jIem6LSAv4tsX3Vxs8yKfCYk7HOE1hQ01U-mUSMjNMsbIkkpV7pDPgy8PVlOYHNrYggkbGg7a3qcYDnQFSenhA/JhE47_NjjOSU9HW4_Ml_4lm26qsgtlpW1DUoC-tJn0w),€80.10,Restauration,
3/23/2022,Fontenay-le-Comte,,,Transport,indemnités kilométriques,Screenshot of madada.fr on 2023-11-01 at 10.32.13.png (https://v5.airtableusercontent.com/v3/u/58/58/1791108000000/HqBu53cu8kO5aFunlWbdQg/PKRLBIi7EQ86KTn12XkBakdGcKX_7kMsQkHuBaHfqnyw08b6oFQOc7sLcx7Bb3iXFsZolLZJDO9mwAvTC24CDVuwYcQslP-dyx_Kp5U_zARLtH1r7lk7uMxW42JKcE8RVQmykAJE1lKScPfuzshrjxZ_BzGXe0zS7Wo86XboEM5S2LNoVsvAbMrnZ_hduIXU/GI7MW-jgdzaznyDBPlHl9HN8DkmJqN_AX7jClsgvSjY),€91.02,Transport,
3/23/2022,Fontenay-le-Comte,INCONNU,,Transport,frais d'autoroutes (plateau France 3 et réunion),Screenshot of madada.fr on 2023-11-01 at 10.33.06.png (https://v5.airtableusercontent.com/v3/u/58/58/1791108000000/CHTP8iaPAZhnQweqEC3N3w/bpegqcLVXRloDuic4eaTumLEbHAacPrz8vzm-BOhboHki4uC-0WVnuDsNWmm57d-ZN2wdRDSbMOg4_2Rd5V4Ney1OlymC3RPPcQ_kQfybC7wiJyQehWpHytF3YObDA5Q6wX1QVYZtmMOhqcKblJCBhVlRnwqCUwy3nUJFepwYh6QtnDrKsJ6DEr5VUUHY3cz/--6iiFQLkfnONDqvWugf704hriZ75cRaMbd2I-ICnP8),€18.80,Transport,
3/23/2022,Fontenay-le-Comte,Nantes métropole,24440040400129,Administration publique générale,Parking (plateau France 3 et réunion),Screenshot of madada.fr on 2023-11-01 at 10.33.53.png (https://v5.airtableusercontent.com/v3/u/58/58/1791108000000/ajBBomrDb8S0gy_giO2ucQ/T3AMldnrNN8Aov3Hvtl_mIeaolKI1WBzKQBHJDxrJPMPjItKEG7AuwD_DJSCSptp6Yk4sr8m9FeabjbTwY9gRLCeXTIytZG7zXNqYlsIYyZXxtxlXESbdxqUsA03ylInDdZj9AYLiafHBaybOxWe-_H6fMTHCNXFHhOf13WFBOSUgjQKHGkrpHLSBMLpDETc/zvG5x7KxM9nKZBezhffq4WwtyYyzGCwBwyDGWVCkgwE),€6.30,Transport,
5/2/2022,Fontenay-le-Comte,,,Transport,indemnités kilométriques (réunion aménagement RD938 Ter),Screenshot of madada.fr on 2023-11-01 at 10.36.51.png (https://v5.airtableusercontent.com/v3/u/58/58/1791108000000/PSFHf0zsP15AXmqyaf4YXQ/tLNb4oL769Ne0E8JijD5Z8p03YARvQwGv3BOvz8z_2utVbH2BVSdiceWuL3aYTpMcwEfkHZH1a01XI2rxeqTUAwQVsHBFH7WErlNpQViUtslp60hLeUQSsE21wOpJJ3UGARcsHkBnuAwiBe_9YpB0gBmxc_YIkp9nG-oa5OU0i6BWyDBs3L1UMMSD0KR3_qA/26BFD_NYftvDt0bhp0fBa0E0Jsj435md1jUNuzy_L2w),€48.38,Transport,
5/2/2022,Fontenay-le-Comte,ASF,,Transport,Frais d'autoroute (réunion aménagement RD938 Ter),Screenshot of madada.fr on 2023-11-01 at 10.37.22.png (https://v5.airtableusercontent.com/v3/u/58/58/1791108000000/cBxXrh1ZvNa_cVZRC4PNHA/0do-Z5jPF3msH4o_JrQn9hd6Kvue9Mnxxpj-rVCO43f7hMNDXCrQ5iuBaki-luoQgGCJz1ya3jFetDd4aC6Gkuu1Ddu15jyXjkOQFsCZgmGTXfLWEX4T49FvduPb1kH_4XsMlMb0A5oTRWiY2LdLwdzGoFn4hQjI6PsIAjaey8lT7YEHzVt1ccUt7o5GqqtI/bmuHvx_YKpc36Zl0tqFKo4OOQPpvcjcLdJ7_KEQre9Y),€5.60,Transport,
6/20/2022,Fontenay-le-Comte,,,Transport,indemnités kilométriques,Screenshot of madada.fr on 2023-11-01 at 10.39.05.png (https://v5.airtableusercontent.com/v3/u/58/58/1791108000000/cYXmEv3N9eNNJjMPJZP17Q/arZkD7aAcT6MGkgE67D08dYdjZlbQ2_JOcrwoOO_Kjh7Ik2CSPHVDA4MLC7Up7X9Vu7l5iGNDEVfV0r2wkDn4I0OhAlPP5QGy3BzfRXa0I8pBncYeTNTROrX0kzDcDXBxRaoLznMyvUC6YJKQidxVhJiQTMuQfJktNxiS05cqn0Y6v5AKB8IpUy2i0Rdn17N/psAoWKPoUmyAbYwnbkyMogS2Dsp6k4IAcH6tFWzjheI),€91.02,Transport,
6/20/2022,Fontenay-le-Comte,Inconnu,,Transport,frais d'autoroutes,Screenshot of madada.fr on 2023-11-01 at 10.39.52.png (https://v5.airtableusercontent.com/v3/u/58/58/1791108000000/Xt5ynBIRDv7L7TXiQlpF5Q/hsBnx_e-io37MN9sxHViBvIOx86QeI95hrIHL7HSWJ7oDRuKoddxcy3WU70bxeTa23w_x7TGAPeKZVV8QcpMVkZLCDrJYzC0l4XS40d3OujZEtSh1VqxD1QCilaxsOiVBRZnuUuhKN-AN67wQqADiNyTR8qmM8NKD4cdVCnE7MbqM8NX4E-ZvVLR-iZGpQJj/P4AcElXgSGAA_kMllqu8PTKLs0bLTfltP5lPor8rLgg),€16.50,Transport,
9/30/2022,Fontenay-le-Comte,RYANAIR DESIGNATED ACTIVITY COMPANY,48093198900010,Transports aériens de passagers,Avion (déplacement officiel ville jumelle Crevillent en Espagne),"Screenshot of madada.fr on 2023-11-01 at 10.41.32.png (https://v5.airtableusercontent.com/v3/u/58/58/1791108000000/PkFHILLctyg6csuyc7WbEA/zG3kplPQdA8yOScr6oKFW6zzGXxKid75gA0L-1RCaGZ4VWlHyOZc_0oIGXOodkvG50zTZCNM4IUibZUVxjQ0dqQ0b0rr2NaL_wWrDwkL5quxZFdxy8Q18rqM-aFcQUiTsl634tvOV34BvVFPk1bua2oHk0th78MpCm8pV4t7FZ2hPL_TtyU5dksp_I5N_pCw/4L7xHowm_VlsfLrGpwqmTUD8Y2N-0eDwVStMluDjoCw),Screenshot of madada.fr on 2023-11-01 at 10.43.09.png (https://v5.airtableusercontent.com/v3/u/58/58/1791108000000/oF1FfcN-6hje10XneAafYw/XbkAqEhcf_-dZvTFaJO8YflSVVMh6WiONbtOr9PfJ8jnOEcP669UYtiyvM8Mi6X1MA4_HTfB0gc-a88NpepX5M4b1jRPEuYoG2SQGYdowEu3c_Jj6VshWJ5Wh3y6kEjkdcvCaXqBHoYq0zh9XYe4NxADuv20BebfKfbhNKAZEHd3PQTGHXTsLLZ7YpXz6Ln4/r4ZucwHYxWsIATArKOFqNaZuxzKOLzaVzTdWbIkS8kE)",€129.96,Transport,
7/28/2022,Fontenay-le-Comte,HMS Host,,Restauration,petit déjeuner - déplacement jumelage Krotoszyn,Screenshot of madada.fr on 2023-11-01 at 10.44.25.png (https://v5.airtableusercontent.com/v3/u/58/58/1791108000000/nLQxqE8V4ZRwO0QLIHmmBA/Oj1DuRT3CzrzOch6MLHCcQ0NcP1h4Gny2R7KshsAMhlnH6yPRSQNE9GnpFtJAv5yOo7pyXt6WCTxSfPUhUpogtN8fiQyjA8Id5wJhGEyYHs4YDIyqWnKGWgBW19Y_zv-OJxzLqsp1h8HgQO65lF8RFpp_mqqiRWN--iwdl6tfFPI-u8AZm06enQUS9BSxM0Z/SbSlt_gd2hGrBq0FY5jsDRsn5sDCU4hPjkQJXE3j7I0),€11.25,Restauration,
11/28/2022,Fontenay-le-Comte,,,Transport,indemnité kilométriques ,Screenshot of madada.fr on 2023-11-01 at 10.45.38.png (https://v5.airtableusercontent.com/v3/u/58/58/1791108000000/NRJMQ7X-sTWXcUY_oNDmpw/HdtSgewbo5_cdnVajyt0p-U1g_uv1VEcnYBucAXRRTfMJLG5On7lfN3I0JojI20fCheWOCMvpmTuNOt9nDau6r42iP4w0TQm2Wx2F9QzXNPgFOaqKnO5yHP6Oq50X1AxO129faagq5uhJWnAgNaikJtRojP3BBu13SbfdhGDuxXLmA41HS9Zi2iBIGXpZpj6/7Jx6eqINvoHXWHxREddt67G1rQVJWBFUky-1n2GkQyQ),€22.20,Transport,
11/28/2022,Fontenay-le-Comte,ASF,,Transport,Frais d'autoroute,Screenshot of madada.fr on 2023-11-01 at 10.46.22.png (https://v5.airtableusercontent.com/v3/u/58/58/1791108000000/htEH24TXjksJZTSA2LoU6Q/yZkeDlMuXBIaqIemj8uXlqNcbClbhzu-mXD6Wt5SbP-eMTAGBd7U8ajeEFxJLIVCMy0x5YiFIBSATtkYSkR6zzy2SiTJq6t59Y7qtdw77-Wb3Acfz5gCpHZ47shfZddAtaqd_UFINOXK1JSRBWwAr1ldLDv_6Lil-IYZ3ZIk3bA2sHs2ucr0DJQ09ZRkIBCX/JoenxWzJBEaRq6IR_fcStO7g6GahDDySHV_-GSSzgVc),€5.20,Transport,
11/30/2022,Fontenay-le-Comte,,,Transport,indemnités kilométriques (réunion CD85/Projet EHPAD),Screenshot of madada.fr on 2023-11-01 at 10.47.21.png (https://v5.airtableusercontent.com/v3/u/58/58/1791108000000/sKbhA26yXs2BfQTkL7ZbZA/HEaVR9lvPHfSxVLzwEsiuZQUvXgPOPTZ4R41CBU4p-7Z9RGN5lQZtA3oe4N2JnmK-ZtNiCIaNNurzbBppIqC1rKagh7fUd165KmZJ_alsv9dbmeyQoBO4NanqSe_iAVIhgtz3wRvg-K5yFFhRGYouzuxyTzim0B52GJ3uOgiBd8Qn54xI3IDKSn_pxuWsPN7/jAq37FLLeiYq1n_OtjBjqI1KQ6pCwnKVnMw9Gkq1mTw),€22.20,Transport,
11/30/2022,Fontenay-le-Comte,ASF,,Transport,Frais d'autoroute (réunion CD84/projet EHPAD,Screenshot of madada.fr on 2023-11-01 at 10.47.38.png (https://v5.airtableusercontent.com/v3/u/58/58/1791108000000/9kbFql7OYr9R0cJT4yUKdQ/8pZFAgyAlLK-9WneuWB3J_RQk-cQ7azyBj7XE3D9MhqDOS5D9kSqQ1uFtCyvGKyzS_gw00DlwwVHveCbY3Pg4SqYbvBoNUK8E136SbaZFWPHmGmZRxBjF5S1M9aTHe83DSXVE9zwLs6vxUafUdj7fouD1N4Ww54p1thwhnQAOETWD-tYgnL-1J-Nf31EdcSP/eJqnbixWLmQRCyKEGu9ver6hvdOdgtN0yvLR6mfmx4g),€5.20,Transport,
3/8/2023,Fontenay-le-Comte,,,Transport,Indemnités kilométriques (conférence de presse la route vendéenne),Screenshot of madada.fr on 2023-11-01 at 10.48.14.png (https://v5.airtableusercontent.com/v3/u/58/58/1791108000000/L8U0pg1s4d46hEqyzCZedA/FnkCAXAcy88PWZgCvJ5JYDvEdWOPE8bWaBUnLOv7qh-ztHn84Etc8vagx8xJEpellfXk1YaOnSPk0nO1YwskDrM1jd3cXHaPBX2-0ncIan2Q_jmI77L1vLhsMZawRi2DDXQVA3-aZSeX8DPQ6usp58yPUQ6XZ9beHOFGuorzHvdV3xnSekJF2oIPDI-AjuaF/6CLsGBaRR_khK7Xx-EBU1A_WItVDLFybxf-KdHscTuM),€46.62,Transport,
3/8/2023,Fontenay-le-Comte,JINOVA,79481848400014,Restauration traditionnelle ,1 couvert (conférence de presse la route vendéenne),Screenshot of madada.fr on 2023-11-01 at 10.48.57.png (https://v5.airtableusercontent.com/v3/u/58/58/1791108000000/Ux9Pq6NOe-UutBwPRyrFwA/mgSrcaiZULkAE5Aq-g_lsgxfp2LwOZpFKRgOpmBejDfGmfztlFd1CsHDqrYIN6eqo3BFVRXI3JaCI9Va50iLigh-R-K2aa72KVZyfipv9YiaBU5bYd-WZa2uVQ5y-9mEXUpT_Ay-ag4XcWSpRHNf9JZ4qEH-ZFFRDTUGpv44d3aqDW3GzRjlX45zbm__8xEe/srPEFr6Uj5ITcjXOCCHHR5ClBomuNV-Yq_O4914Ptdg),€30.40,Restauration,
3/8/2023,Fontenay-le-Comte,ASF,,Transport,frais d'autoroute (conférence de presse la route vendéenne),"Screenshot of madada.fr on 2023-11-01 at 10.50.11.png (https://v5.airtableusercontent.com/v3/u/58/58/1791108000000/KfMgQVGxw6ecmaSZru5AYg/nHg-KfeR8dcFbV1xKQ5czG-2iY5_JAUEUagHccsWKY6cBYk_6oTZWimGLNQKPypWcsivoo_AIt-Z8SVW7MmFdphfdQr5klk2syOXLkGpysJlZ9tKtXUz0E_cjDZLoBylaY5sfBK-Fy2SSI2H9TmFxI2sgldNQB5FbsGNzd4XwKZv7HC29CP_Y1uRRK1zjLyD/Az7G9mUL_8v2c0fqyxT8dFqavZsoVK3QDahPbsfJP8o),Screenshot of madada.fr on 2023-11-01 at 10.50.16.png (https://v5.airtableusercontent.com/v3/u/58/58/1791108000000/5XbG07CoWtcVLfDxQlzz4Q/BQY6OnG7-Mz4F909Q530W-nlVIhxaAylz0TmYX1ZfbnGfZwaUutBxamuX-cuFUz9aeWAAHkfHoGnvRUJHtWIGKwr_Yhe8-Cos-wv9_K9mrJY3A_iEWM-KBwyJjmH7qPJ1spf1EZX9e0LWHzM6jVL4zYU_n1T1LRWXJ8-IEhaQXXLK3nEfa3ygHh-FO_gErA_/wvOn4HeyvIsb5Q4m6ejw0XLChrCLmUs2W7HcJ7S3csc)",€5.40,Transport,
7/5/2020,Grenoble,Taxis parisiens,63202143200075,Transports de voyageurs par taxis,Trajet de taxi,Screenshot of cloud.grenoblealpesmetropole.fr on 2023-10-18 at 15.13.12.png (https://v5.airtableusercontent.com/v3/u/58/58/1791108000000/NXfiB33dufBs-grk_J6x1Q/TMbEh7Ax4T3-KRoY4ty8MyWRb5-DLlZoPtWo0aamU6v_jRqp3Sq8ltJsBo-VXYmrRH_g2CXos84QfsvJ3tguF_gTNq2dGWSOvfdsRO-h8uqkK0yv-upjQZPZJ84OntxiHRCGnMKqyByzHSQ67KWE0FZJ7m_3BxbwyzCeDrQC9VTNzm31-LSsjwlgAkGqHai-wLwyUN9nK5jzUyvxVOePgXOsyGoHnLp2_T4q4bZp3nk/k04_-5e-hy_1T_w2CdOZGwjMTkz0rdcmZ3VT2ZmCVco),€22.20,Transport,
7/5/2020,Grenoble,LA TOUR DE LYON,79881921500020,Restauration traditionnelle ,Repas,Screenshot of cloud.grenoblealpesmetropole.fr on 2023-10-18 at 15.14.05.png (https://v5.airtableusercontent.com/v3/u/58/58/1791108000000/cq9ooPRuUuvE9OoC2VklLw/Ss9F17IqsmqWgIu6QtyJzxLVNjhcand4WfSAXCjifAhevH3TS083VK5SgP4em3HNP9I_jVFX20pt5MC4GS52BjCSr781ksMMUs9-Dj5XNwg247oJwI2uTVScDRWab_LYWNiaOLnP-HFX_RJj1Q9w-U11CTsZnno6rkxFPZNJ7PCEBoWwFwY6EjHOrRCDKYKTadui-TCCkAafihtKfx0PvkMMqDMa1sKJe_oiaiqk2sY/RYlcTjt8mDt6hZ9xe3szyjb_V9EpB2IMj0SvAu4mzO0),€26.00,Restauration,
7/7/2020,Grenoble,Mon Coco,81253843700011,Restauration traditionnelle ,"1 33cl badoit rouge
1 citron pressé
1 thé 
3 verres de petit chablis",Screenshot of cloud.grenoblealpesmetropole.fr on 2023-10-18 at 15.32.24.png (https://v5.airtableusercontent.com/v3/u/58/58/1791108000000/rS8pUt6SrWiWV6ac23v1QA/zybUraeZoElsCyh8zwDmwRDBNT3_uK-xdca1EQHaLSJncSO7G2WaGo1FJSq0DS9Wf2zPElroJ08aCPYVCLFj-8UflE3MWHYBdBAEnwI1jHYl1Gitt3xr_PTC9CuuXLBsoWXiIhPXtVJRsliA1VLdldOBe143jA2lb2HcJkTlyyC2uzpuzzsP5SmGMwCBhUTWMQsG8LKTJV0qlzDf1MNIG9IBat5rlVjyuhd-c5ynoHk/_Ya2SMOgIp9xfJ6BP4D5rwWz4kKRK2b3KDQVnJhstPY),€38.30,Restauration,
7/10/2020,Grenoble,Inconnu,,Transport,Trajet en taxi à Paris,Screenshot of cloud.grenoblealpesmetropole.fr on 2023-10-18 at 15.36.59.png (https://v5.airtableusercontent.com/v3/u/58/58/1791108000000/eHE4Tp7Snzu6Id6VAbBvTw/rIRFjIU-bDsabvzjxtffEtL7SUGu8w0kCsKJaf_awp24XjDpOftVe8f5goS-tEj3vr8H4WN1nFcxUFYy7aFbx2sQWc9bVTEX78S5OdE3-DaBHT4_yqRX2NNQ8Ju3hDzPvfxsO4ClMm38sWFZvwlaoEbIpi8W9O26UfMHdAtVmwu4vAVWsRw2nUQqeypQVY7NapQ8FdJ3LXNzFxdHKDrn-O3zyOi55cBqAAkMFQFOGps/X31ijgT2gvwambPVI8hRllndMIwDK2eAe83LBbpA5zs),€10.30,Transport,
7/21/2020,Grenoble,Boutalbi Youcef,50387133700039,Transports de voyageurs par taxis,Trajet de taxi ,Screenshot of cloud.grenoblealpesmetropole.fr on 2023-10-18 at 15.41.38.png (https://v5.airtableusercontent.com/v3/u/58/58/1791108000000/2TLSaKMrtcLTs-Jv6lPBOA/IaBzlQwFEXVdKCvbmLQMCpVgI-ubFgx8HL0MsBM7kFDNQ64jpimNrPvFqlOO0kJ10npKbagwIzaHa-PDKQPvB1H7rx6ihzb_ZZ2pImsUHmvnTa9PmlifIJdHbN5kijrzqK2jxNELpZbQxbo3piT0gCbMJIHmIKMWl2BMjyo9z24bHaIyjO9Itwkgbpl21ltDpqBaDJDGg8rviNi7tElBmqh5l0fLw5oZVqCsY2GpN5c/tbovdiXrKMLX4gefnifunnowGiMK2oYK4oQUTzGcbLI),€21.80,Transport,
7/22/2020,Grenoble,Inconnu,,Transports de voyageurs par taxis,Trajet de taxi,Screenshot of cloud.grenoblealpesmetropole.fr on 2023-10-18 at 15.42.07.png (https://v5.airtableusercontent.com/v3/u/58/58/1791108000000/u5TadZZcK21b0X51HbO5Hg/eDiive1WdkigeZb2mFCMrg6in9hKbPyFRdAxtmvQcH4jXkuIVmApGdeKRcOgBCQSjnETkKtYVxrZdIRkGBH85TZtisGdKuyHr47ZxLJt-u5Ck1Do7YWAIPmNq1oRCCTBZLy0ZRYg5RJLOGTifcG0B-eI95QnisGbBmQ46FSGM2LoEYprYX0BLBfQS8V6-BP4Ur1QNi2t24RxGwh_RUu7nkxqpAsAsXSk3hc9D5UfIsQ/NO_RtlJcCnuMu7LHbUUEAPsGd6oqndPbl8ZVvJhsXt8),€7.70,Transport,
7/22/2020,Grenoble,Rahbi Farid,81847304300011,Transports de voyageurs par taxis,Trajet de taxi,Screenshot of cloud.grenoblealpesmetropole.fr on 2023-10-18 at 15.45.13.png (https://v5.airtableusercontent.com/v3/u/58/58/1791108000000/CALUX8UA_mwvx3ml3CjT6Q/lL5byeazxyJc8JcQYr9Zhd2fJ5LXObc9zDGSQecnDG6YdopIk5ddsw0CgKC_4HMoSGOmKRgJOxXAkmiUk0sysjZAKZg0vSh2-LN2AZ9vnUaB6evCtSL3lV3MPo7yPKv6emYDwULutm07t2YYY4vHBRR8o8hgFNg75xMlFpLxhZfEl5gIqUdunn-bsnmtg8W0n0LpOTceJyifXIXwJF_p2YbCjFLzrlaFX7WXCDVuA6A/VHEwUG405Ex0kOLk0xT4zJlKR0mqTTkpUSwqN5WmzQM),€12.50,Transport,
10/14/2020,Grenoble,Café des sports,55208572200031,Restauration traditionnelle ,"Limonades
",i.png (https://v5.airtableusercontent.com/v3/u/58/58/1791108000000/16z1Ag5Hd0bSDS1BfTm3vw/eMF73U9o5k5LH9meJbHVp6BtGFI_matYDYIAf5_7xPfLRCl5dpyPlKblAoNzDA1a9JGnbuHWFmeHfmF53HBipNrO-KVtp6Ie-BDVFlJIBs2u4IwvHlejgeanDrTfk450Y0kipci54AZ0JQjME4AYnA/a7QvxFvQgHCk7bWXXrcFPsoL00R-S52azrT0Wva25l0),€9.60,Restauration,
9/24/2020,Grenoble,Via Venezia,75092264300010,Restauration traditionnelle ,"1 café, 1 double expresso, 1 divers",Capture d'écran 2023-10-18 160608.png (https://v5.airtableusercontent.com/v3/u/58/58/1791108000000/1RDQls8xiK6j8GudVAInZw/XzH1qBb4VPlK8Qif_-lZvTew0db3MdJOeXU4VhGNacI7UwMdAEVDQZOupIs5ZtgzhPcUveaDX9BLdMRPtcvLKoC5xS-UWCDqIC8qXyhUXY_vi-m9T85Ikg7P31ASEu79EyT6cuRfF3TmwYZSa8RFnhC2n2O9NYRxo3XHKqJR9HI/q0z1ysbFD_IU8vPRk73Xca_FQMiGWXSFShWbhiTGBh8),€8.60,Restauration,
9/24/2020,Grenoble,NETTUNO,49495378900018,Restauration traditionnelle ,1 couvert,,€18.00,Restauration,
9/23/2020,Grenoble,Au Vieux Châtelet,,Restauration,"2 schweppes
1 citron pressé",Screenshot of cloud.grenoblealpesmetropole.fr on 2023-10-18 at 16.27.13.png (https://v5.airtableusercontent.com/v3/u/58/58/1791108000000/7yVI9naGEG5d4mpDph-i8g/MbEp6oqiyaLinOXX9WklNF6lhBpBt0k4JapQmMoSdCTfxQmSTOHQ7DU6z2An0OfWCg6z5alPEipL5mq2edDyM7N93Imy3M2CQfMkj0SvOJmuwp944ysoRaRF8q_QC2NMXNEZ5H5wRkeMGL9Q8cJAH6_v1uv54KdK3uQUKTq9LwROg9eZt32KReSluUPlH6BRL_EjpDL8r2mumG5ymJB8E5rTocclzyjdGojkzOdmWvo/_WSTlb5gPxDEF6wuljlAQNc3DXtDxLadTu5i4poqwvI),€15.70,Restauration,
9/22/2020,Grenoble,RATP,77566343801906,Transport,"1 passe Easy
2 carnet de ticket ",Screenshot of cloud.grenoblealpesmetropole.fr on 2023-10-18 at 16.29.13.png (https://v5.airtableusercontent.com/v3/u/58/58/1791108000000/XgIlGBtE6l2lPJpkrXlC6g/XJ833NXx_pqDKCa9uQ4tu1F0bLXtsr9YKAJ4A4VBpRkM5-xo8vxQyAevIkXcydmTCQPEl_tlp18m8zc3ttwPmH2a6P5jwHSjPU1crH7LL6VW8XI3QC-HB-GeCKtNAhD8VUk-FFRiI4p1l0gybWTZG0QcuOJcHTDNOtSdxMPvYPf_G88saALvxhd_FHyGe0g1i_XFoXlokNlkcYpHqi2qSFDZnl53IDeRAvd9LV_UUug/OfCTjObaqWI2Tufn2FcgsvK69IAAuqvGbu1BhoZiE9I),€31.80,Transport,
9/25/2020,Grenoble,LE RELAIS DE LA VALLEE,30833560300046,Hôtels et hébergement similaire,Taxe de séjour,Screenshot of cloud.grenoblealpesmetropole.fr on 2023-10-18 at 18.36.59.png (https://v5.airtableusercontent.com/v3/u/58/58/1791108000000/ypmryg8aZ6v1FOUrhBzrEw/djMTdif-TwzkpbbSnooKdL3CsrzCcJewUc-MWvzx5-OsiXj0klSES-ZKcCvox2GASsdJD_ceIZHQBj6IyMMKFrqTe_R2yGryHLC5xpztoxjLTyeTfh7wtaVL7_95voC_NHts7FieYfwafMDmMIzd6LjNp5EJj4SNVX-Pq1aXXWPc2LcEvMvTUvvjy4WkqdrvgyX_XQt7bQWrLq0L6ZL5BcorhEXtUYoSBHEpmvHwlu4/R7JVXAYdX_ce5vuDVnm3b_4XQx46-4x0-R1XfN8EegU),€7.52,Hôtel,
9/25/2020,Grenoble,RADIO TAXI LE HAVRE,42392807600037,Transports de voyageurs par taxis,Trajet de taxi,Screenshot of cloud.grenoblealpesmetropole.fr on 2023-10-18 at 18.46.03.png (https://v5.airtableusercontent.com/v3/u/58/58/1791108000000/bYkY9qiqjMVBI2AGDC58aA/VEpygL_AmhjkTUjH6CbhFremagToCOBwrk3tJSSG7aNJ6J2z0tnBSQN2aYBJUjedK25lhRBsYNvnS__r-35o2jgGa3xwT1ORJeUP8FXH9IofYqxpV_g3HFv9yOmZybQO5rK_2JM3LhsbWVG6g1YKXj1EoBBgb_LbmM5G2ylq_dCfWDVFkfSc-0WK8iFhy_mcmU0zagEtuGjjLTfxz56x3NOT26qrUC3YtRJMTONUWCU/PzalGaBbWDH8vFGmB7pE_gaayKatAot3Mz51pavJgRU),€7.30,Transport,
10/14/2020,Grenoble,Les Arts & Métiers,,Restauration,"2 allongés
1 crème",Screenshot of cloud.grenoblealpesmetropole.fr on 2023-10-18 at 18.57.32.png (https://v5.airtableusercontent.com/v3/u/58/58/1791108000000/Ii_82RjYZ6dwSE7LZyf7nw/e-RNNc0bSPDYs8-iBMV87m9PGgIBAgaT-4Y0UkW8FCb-4p0_CQ9C0ZtoqMw1b3tplESNfbSJadrlCY9S8bRUKtx5COKJTTUcCP6HJfRWEus2TbJP9jNYbWxxWhS39Z57OlN8UeWijc8VLMsvqk_7hLh6YgSsvnr12pi_0fcZ73_XL_QhDGP5wLAxO5Go4zKcWEwHG6UtJ70YZuN7_C0D-KFb942R5b0-An2ryA_v1Xc/9vhr6VUjB_m1hv2HLwHYt8o0YRM1tdZlYv_B5lAvGvg),€10.80,Restauration,
10/20/2020,Grenoble,CONCESSIONS GARES FRANCE (ECG),52495923600158,Restauration de type rapide,"1 café latte
1 bretzel
1 bretzel gratiné",Screenshot of cloud.grenoblealpesmetropole.fr on 2023-10-18 at 19.02.30.png (https://v5.airtableusercontent.com/v3/u/58/58/1791108000000/jqpPnKebS4wP0_q34mpj9w/Y5HbAwOzzpQ0f8Fmc0QT0GDGVNhQ9NGOjMyzjEaTnHWv01UqMMdaUj4Fqa13nZ1Ga3AzB19djspAlffZBqX3HLBCBZCA-UY7_kbTW0acmQnxJb2dhI-6xp5IEB5EdNwkvr4fmCesQ4qEg5Q7A1cxHqBxVbUUsSn06qOGDv4io3n022nvVjm20anKUk4NJ3uhnfljSd4p2o9zoldWiiiAWxzpT0L730O1R2EZGQjOUs8/g3mrNBuHpQEM7x8Q3HsVA0kp7MXUHA_QakCdKD59d64),€8.00,Restauration,
10/19/2020,Grenoble,SDG LES TRIPLETTES,83106961200016,Restauration traditionnelle ,Repas complet,Screenshot of cloud.grenoblealpesmetropole.fr on 2023-10-18 at 19.03.36.png (https://v5.airtableusercontent.com/v3/u/58/58/1791108000000/ZXCDqAcS3EV3eLx1isIjww/6rxTUocVix8iuFjlptG80Z8pIKwzQewLwNJXKNXPLsCl6T26sqP1eKWN5E0VR05Dv6eGMBOtCf2uCeMGZ6dyl3kqccL8CQyM1SmDmAAu9e6DtrcDb6bkYPrNEmkpRmbaXaRH8XlEE_4HN2nhvkHtsKD1XmD-GbW8maGiVhx-a5RSgjSW0XD9KYwJikEhNUzCQ6BS-1NTRsQnUMqMTDmSfWrG5KgsqW-eVQkxEBupHOw/WeQlPOiZz4DjriOQlYuvPRLKukEkvFlgZkZt-a9-kWU),€14.00,Restauration,
1/21/2020,Grenoble,Inconnu,,Transport,Trajet de taxi,Screenshot of cloud.grenoblealpesmetropole.fr on 2023-10-18 at 19.06.26.png (https://v5.airtableusercontent.com/v3/u/58/58/1791108000000/pQ6IPZZCcRhBQmvKVCa3dQ/TvFngH0QMVDoKZFz5AvpvquAPXbA9gmvxYOQgH5Lce_96pQZ9P5UcME6eagnfA7EkU-lPF6ywKeCFwRVtELMS67vKYA450qrmfGZylB431uMxssYnwV5yfP_bYkLxpwNGVo6JYlNcbpcn0NS9dv6oxLol0s_hXlWTknUXnaQbFYQjvmMLo_tCR6RNdlJmGXPzGJ8mdt0WUKq4ZxiUb0oIwJ8XSij2-fUdESmWQiDysI/FegB8G1wVrIncUg08WnnXCA0EqMRfYqKA5SdBaQfP5U),€11.20,Transport,
12/1/2020,Grenoble,Inconnu,,Transport,Trajet de taxi,Screenshot of cloud.grenoblealpesmetropole.fr on 2023-10-18 at 19.16.00.png (https://v5.airtableusercontent.com/v3/u/58/58/1791108000000/d0RCwwBaABsDdaignbWuAg/0Ypb8CDcc5jdKe7AMFROMC898cI4P6rbjnhxv7zLalHPW-gjmHniNyEiDb7EkQDQfavgZzoOnqqOYgVbYezXw8W35dgM_33hRFWRka3Jjhn8_YNHSfqDI_6W0rjnO4BTROgdKv0saDj4qcr00W7dGSBORERMSWJ0T12MmqoOQJDeuTko_7ooyP1Ti2tcCTFO-1Jksn5Y_pKwEaSbinz8xhoA7LbcxdGqd1drVvgpzc0/TdZ3SWnHrxo6NcfLVINQVZqiedbpA5tMljtQnr-gU9A),€17.60,Transport,
12/1/2020,Grenoble,RATP,77566343801906,Transport,Tickets de métro (20),Screenshot of cloud.grenoblealpesmetropole.fr on 2023-10-18 at 19.17.17.png (https://v5.airtableusercontent.com/v3/u/58/58/1791108000000/H29uYeuZyQbixGgka6gy7g/9a4UUn88reD-ERQL-p-pZdEuE6O132Q-E3W0ZqVSX157A1u_TiS8fspIrgXXq9EyT8zVcQWq0B9lEQ2tTuG00E3J0o2NyQHC0M5Ykkx8G7oH-LAddCvP5TLN9MXX7GZI8o3q3HxnATxL1kFvr91sKDpOtJlPguPgyC05oLDsriv6gpg5uchCAkNb8mNucClVlPKBNx5vrFt8GZIvyPrZB0BtBm-JofwlkWOjLIb-aSo/wyMQN4JL6WRgucy-UngLPWguIPyeOb6znNaE_jFhNHs),€29.80,Transport,
10/19/2021,Grenoble,Autogrill Belgie nv,,Restauration,"2 cappucino, 1 expresso",1185.png (https://v5.airtableusercontent.com/v3/u/58/58/1791108000000/H0wVUaBAzS2xWb_LPXo2-Q/1lPHBh3nPy8Jy4SwfXrxIJT4CLp60tWe5Gxi8hWeVuX8hHOTS03msGjPOYu76OMOXRRapU8bYKEDxU9e__evv-pdtsKR0vX-t0YafDpL14a9F6zFtOVvacGG_bCNjHEhOYJ87xCikrY93D_T5HDS-A/vV50YUevX3WteikSyY-fG87ViH_t0F2KIX5-YmMj4Xs),€11.85,Restauration,
10/22/2021,Grenoble,Autogrill Belgie nv,,Restauration,"1 grand café latte, 1 expresso",88.png (https://v5.airtableusercontent.com/v3/u/58/58/1791108000000/oT_sag2u-L0L4uAaC27XKQ/12ivRmSnOxAqn_9LrGpHfknIMuLLW2QQQjaWzfvQsrtIUOQnmMC9nh58jUvAGxTMeIswjTlivYoXOadRWYKkSsXVnjz8uprWqT0fAUQwgNRba2-qRy1dolHnZV_AbqJfFMCBz9CJot2U0F5JxpJF_A/yPWwEgvfOpIC7X-KI0i9KYCelbieYpFIGppuQI6rNhg),€8.85,Restauration,
10/4/2021,Grenoble,"INSTITUT DE SANTE BOURGOGNE AUVERGNE (ISBA)
",31740992800072,Activité des médecins généralistes,"Vaccination pour un déplacement en Côte d'Ivoire (20ème conférence de l'OIDP)
",ISBA.png (https://v5.airtableusercontent.com/v3/u/58/58/1791108000000/9pQ0p_j6eG-XQmlaFg7TvA/b_IXfCZvI72WKZzThmAUURYunAYRTaa8VNeQ658bqLwEpujcCkQkJzeqmcf6m85wYHAUcHwjPSgO44T5hoQQ6_jWstDO9u5xs7HO-i05jxafUfmoRcUsBU0jaHC7az3pdKg2sBP15woqMGcPgVzZqQ/UYfbXI9vXr4pfl6u2RKGq4tm0eXn6F2ff6hhqeroFUk),€187.15,Santé,
11/9/2021,Grenoble,AREAS OPERATIONS DE RESTAURATION,41018882500088,Restauration de type rapide,"1 benoiton olives, 1 café latte",caf.png (https://v5.airtableusercontent.com/v3/u/58/58/1791108000000/YSkb1qXklzgp0cy2v-ujlw/kzHZKJ-iMWeP5f3QkeULiGKIW027mOilb6cUVlA2QGEHIJgVfr2jSIN6Y4-PZSd2YpOhGgWdyKcuv0nev9H_S72xiKiclW72B_3pVq662G5BlHRCzKN61sVCF9heMdM5fg9NRihFJ-iBbIlQpEllGg/GvD7O6qRgHt4Y0VyFu7Js5-CV9AqBHECye-DOiIvIzw),€5.70,Restauration,
11/11/2021,Grenoble,CONCESSIONS GARES FRANCE (ECG),52495923600158,Restauration de type rapide,"2 cafés latte, 1 chausson aux pommes, 1 benoiton olives",CAFFF.png (https://v5.airtableusercontent.com/v3/u/58/58/1791108000000/ZLxpd9vN3Cin7jnCfpWdBw/PdpA4YblEq6kDAxG-9b8HPY3kpvFN6m3ZH4r4fcGdzj1MlaRUtvuAEolaS8LAdRc0-NQxFsH4r4apuI0wBpxZpp4OmNliMu9tLqMAD6J0oBrbWduKrgxJX_rk0ka5yRqDD6QiiXIh7FmB4xu46_eRA/NCQiekXj9qN4Vwlkz9EHmiLdUwfe2S__8dPzqVxJahc),€12.65,Restauration,
11/11/2021,Grenoble,CONCESSIONS GARES FRANCE (ECG),52495923600158,Restauration de type rapide,"1 thé, 1 chocolat chaud, 1 benoiton olives, 1 benoiton fromage
",1090.png (https://v5.airtableusercontent.com/v3/u/58/58/1791108000000/_LsL6L1gnlr4Zuk8R7voEQ/-UOM52T4TPM19ZST1WtZJ7yGdPXLbEbzZakdIkCLHATJvKK6d4MOdiVjG63puLEkrG0Dku5TiPURoe0r1zNREm7ULXTgAYzh19ChXMy0aY1mIYf0iW3ZPeMc6qPEpu9J8FLO8Oa2VRvF94vmv3OMWQ/l5v-axjTPWmCUx5XxhrzxxxP3v5wvaMh2cjokOpHMKI),€10.90,Restauration,
11/11/2021,Grenoble,Taxis parisiens,63202143200075,Transports de voyageurs par taxis,"Trajet de taxi
",TAXI14.png (https://v5.airtableusercontent.com/v3/u/58/58/1791108000000/_vmJAppjaWCs4m7y5lK_qQ/UXw0NPDLh0nR2b1Waep1hYcCC6O3IxHtwCoF2aSN2IXAVoUgl1eH15FFWTxjbNQvemu63O_W9oBlHpb-hDxY_hKIhFP5ZT4eYqiNUu6UUzPECceV6HKePiFuChP32gbm1Orli2b5_lr8_mTTdmqO_A/tR7ynMREASozO0e3WxNr9uITMxDgEiKuu9UBTffi_bA),€14.00,Transport,
11/10/2021,Grenoble,SARL MODERN'S HOTEL,78451123000012,Hôtels et hébergement similaire,"1 chambre simple
",image.png (https://v5.airtableusercontent.com/v3/u/58/58/1791108000000/cSb2AEUozfx9LYRrqTFEtA/bHF0EGbhvjVzclCLROMgEDYxYpSadZUqQV6fVVC8uh0gB9C10dTiBxXxOE3MZQeQe0OaODvCn6LZqHAJwDG7f-dPPcSwQFQwwCRFoy1zNKoy6xwl6-ZOvAEi4l-7rZacIHR1EMyy0fFzvs3Qh7Gb_Q/P4emqqDVhQOUsPvqwPj9OceB8TV8wgZjv6bbfG1Aio8),€80.00,Hôtel,
11/10/2021,Grenoble,Frankie & Benny's,,Boisson,2 bières,image.png (https://v5.airtableusercontent.com/v3/u/58/58/1791108000000/aklvgH-caNA4Vqpp2DV_dQ/-H4P6AUAGfYMC5gDFJWLfylELXs3ucfdAldg4cBw6-6sP0ynVgS5YHoyCU8BGPq1gRWiTft3kZvLdz3zm8Pe5iRTuEL7fdqS7gWD4dZ74yaiZZ3lJwwXVasLBYr9UljWVBf5ZjIsuWeFn9EYrPyd6Q/fXERors7iUJYI0MAQTpYV15rpRIWs_4E6CqK8mANq1I),€5.50,Restauration,
11/10/2021,Grenoble,Inconnu,,Restauration,"1 pizza et une bière
",image.png (https://v5.airtableusercontent.com/v3/u/58/58/1791108000000/Nna8001f7OJq3bGd18H8Cw/eKxQv93Mb3TQYJNgc5GuR63Isd36haLLMn1fjJ3h15q9plyCHqnqo7MBff-DwRRLaeLItYNumnd8tOwZ7aBcRG4h0a1osVdaWlH9vLRcQlxGLlFnujAK5zag6LPIhUV0kecojti64BXyGL4Wac3gSw/Lf0RVj03hVjZ71yqBslyyYNLh-CLROVbjc3vvLfrIwM),€14.33,Restauration,
11/1/2021,Grenoble,Newrest,41257562300019,Restauration collective sous contrat,1 Americano,image.png (https://v5.airtableusercontent.com/v3/u/58/58/1791108000000/tl8-13YuJ1aS0JegzNFtvQ/FWXf4cisCVNXy9RZp9Y0dr-VUBKFF1Jjz8PsobaLum8p_croxZMvEFLvWkYXGod1sqLmf-E-h3LSxfn8yIaYxLHcx7R8M75V8DCBEIpHUsKLTI5OvgQ0u4pzw9l89JsX_30ujGFMgvTIuyYyDDMKRA/ZUN-wAHi_xdnot8Xotb3VIqWw2nFq5qJ-dG4DQXz6kA),€8.70,Restauration,
11/23/2021,Grenoble,L'EDEN,38460828700015,Débits de boissons,1 repas complet,image.png (https://v5.airtableusercontent.com/v3/u/58/58/1791108000000/VMVQG8ddn6CFYg-lwJLI7g/EFoA4_-z30nEl5rIWccIfLyi7GKT0HTYKuFNc3DvVUGLDLHxTg4DE5Z39zauktsbiCBy2U_BWQZ7Ee2p39GHCJk8pPOsXRmGS4IzDpvYsV5WyV44ZemtiARKyqoOBxADetnljMPlRRHPgVT6Qc5cdw/gtc7TkcTy4vh8ZZ_NLiSMr1KL1HtPlrVerFTkTu3F1w),€20.75,Restauration,
11/24/2021,Grenoble,SNCF,55204944776279,Transport ferroviaire interurbain de voyageurs,Billet de train Paris-Grenoble,image.png (https://v5.airtableusercontent.com/v3/u/58/58/1791108000000/AIBDxPnp-TKYpacSItMWFg/uN3KP9mJdl8M_gItMjf-mxUjHKvas8NlvZEr9NZqRT0cB5qwqn43cyZUF2lsD9CMUkc80KMBvi512CLqA9yh5Z_AnDjAPNWZ4YADsbHRMdJgVo6xrOnA26tp1jNLKyo97N0_aRia_yHl_AqWSympXA/IVHFfhEHr-3sxeOSZt1EM0IHzodG8fKGUhGwuFqrwyk),€61.00,Transport,
12/8/2021,Grenoble,AMICALEMENT VOTRE ET COMPAGNIE,80864342300029,Restauration traditionnelle ,"1 citron pressé, 1 café, 1 cappucino, 1 chocolat",image.png (https://v5.airtableusercontent.com/v3/u/58/58/1791108000000/Ob7NLLHYYVjZli1DlirC9g/oA9ustLfr9U5koYoezxMT2apaCTMrdvuelFHs_Yue_kURle7FFxmZrCO_vJDzjzGqyW-VmT4Eiw0Oo1pEQ5Du13tMZffi8djvhFhdst6TSoqEIp7NCzqruqeQp4GU66KtSw_qsSPCYPgUGwmM6_Pxw/EPftGSBvUN3hJrlMKv8IDTkibo-B9OzGc6F-HH_ezqY),€15.80,Restauration,
12/8/2021,Grenoble,CONCESSIONS GARES FRANCE (ECG),52495923600158,Restauration de type rapide,"1 café, 1 benoiton olives, 1 benoiton fromage",image.png (https://v5.airtableusercontent.com/v3/u/58/58/1791108000000/tiXTVWjX-o8dwLtRWrFTdw/6uMr7UZ8g2rujjYWWfswCf9ADn2NqPqr8Jed9A9SU43AvSndGToaybo7ikHc2HiyEv0Nj0Ur0hImTGl-pVEX_6Vw_28lzBAtOSiKSzXNZoSrgGUa0rLh7_KqZuth-n47b5GgXaEoUXrV9fKDH7oqjw/VZ9YA_Imm0qJJvhc7EVzNaRSgZC9sUZWguzXkRNzA1E),€7.10,Restauration,
12/8/2021,Grenoble,Chez Do,45250911000022,Restauration traditionnelle ,,image.png (https://v5.airtableusercontent.com/v3/u/58/58/1791108000000/R_Y0TzjcgvXrg9DyUeIL5A/k-y6jXf3YspRaf3eYgwJI_zAQMfnNGpwiO_d4etFKmSr6FzSurGA9DbwV_Rs8_xFa2_aqzXDzuXobFtT9gyosZ8Cpga9lWwYx9pRsc_EKmgTBS2dFNX1xyidnDBKDfnwq2cUXrc_4NIEqaLAIS4F-Q/kbyWi2Pjim2Bxhgv0J-HnQW138XUTY_tEUiIKaEtFsc),€22.90,Restauration,
12/5/2021,Grenoble,Upper crust,,Boisson,"1 cappucino, 1 chocolat",image.png (https://v5.airtableusercontent.com/v3/u/58/58/1791108000000/7kiPoFJPsnFQBqKgRbKhow/xZmj_U-f6gFWH9R6c_ReAlTY-I4BifQJfLV_vt8ZqYI_QQHkQ_Q23YYU9qG_v9VIVGmpfZWhFBljcZQyVFrH_te0dxAPXCSpYz-G5nyo50uuDiz48f0lHICjBLCbolQoiS2n4iOInqNeC6AupSHx_Q/tWPGlCqFhgSsHDifQsLC7f5tebiV8eitHu5qcuSkV54),€10.00,Restauration,
1/11/2022,Grenoble,Belazouz Slimane,33824450200021,Transports de voyageurs par taxis,Trajet de taxi,image.png (https://v5.airtableusercontent.com/v3/u/58/58/1791108000000/rtHBCLtJgg8ORaDiyhtpZg/KEbNfFCfz2ELtx1yFiYv_z1_KTdWZ75ppLzgHpqiO8geg7KxS4UAeZ6bZfGuYcp_faFkPkzMWiHkoY680h_NWiENqoUKooONHaYOThf3wqdHsMgE_5BzRsP1YJtcQAPCKvLZzxbAsOVg--KFvbL7rA/-GGOf061KN4O6-Iyfh2XylNZOeG56HgV2wq_VHFDegw),€12.10,Transport,
1/11/2022,Grenoble,Inconuu,,Transports de voyageurs par taxis,Trajet de taxi,image.png (https://v5.airtableusercontent.com/v3/u/58/58/1791108000000/BNxwtlha2G9o5rg8em38OQ/F-T5J-hsgCMsgLLZ2qCC_haKWy6efOBT44cWgNZDh8rT2A-NYQQVwZuYPzkIWtJEtCW_Np9_zj3jSsemKy5T4x-HuMZstU3cSC3UtePr-z2XOKQjx6w92gTVtQDs0csIAUYzpYrploWwe1XvQpHeEQ/0mdMr9r6-OXbVbskHGI6erN2mBoKX7zcr9LB7zW1LXY),€24.70,Transport,
1/17/2022,Grenoble,Ville de Lyon,,Service public,Parking,image.png (https://v5.airtableusercontent.com/v3/u/58/58/1791108000000/YPRM8yMQ-hyU1FqZ3Fw3Og/14HyNxkJZB_eiNvd-0nZvlB2cjOp_wz8Jbgr7FbwvQSdlXfXnbdAdoXS0SfPLp85rIEDZOfaH4DhCKd9Mmu1la27A6kuRZQrmXg9IHaHkuOMKVevOK6in5OmaUdrxtclSa3LPB_fCLS6LqiWad7yVw/PPTtky69OeLX8bEEd2ZSFD7JVXKOcI-XGIThdBa2wAE),€23.00,Transport,
1/19/2022,Grenoble,EURL COCO,88775826600019,Traiteur,,image.png (https://v5.airtableusercontent.com/v3/u/58/58/1791108000000/PUv8MXJOL0qtdNziH4fn5Q/G3Flashg0hxeGeirqmkq1JJAupXXJXXOlfiab8xHlCkvAEg1h6UF8pAd-wi-toiHmoWmbFvnciJAXN8MSNF20zUhRLUUaKzaEm04MuR96dG6segE4SsQ_kosl8ie4MzuNOpvNRiDm707qLFmxTKayQ/gYMTjPhF_JC0wOIDHxGQFWoazPDiTWh-D0xO8JgPhYE),€31.80,Restauration,
1/19/2022,Grenoble,Bistrot renaissance,82050632000012,Restauration traditionnelle ,"1 pietra, 1 monaco, 2 mojito, 1 virgin mojito",image.png (https://v5.airtableusercontent.com/v3/u/58/58/1791108000000/dGcrgAD1BUkch58XzXRIkw/ILConFiehqXHS65nh6MfkUJ_ONTtiUhSbQoMSK7AspxDL_awuTKpvkwYKw-K5TR015rf4ZTUcozSPUh7nroKi8xpFTxpEtQ2jHF6iAs92X99isKpse06G0rN3hrcX0MrSWRAYt6oJBHWjQbW09D80Q/cCp5UsImLXAK-XoxLyH7m6-PmSwM93bs2CSkDQSC1CM),€42.50,Restauration,
6/17/2022,Grenoble,O.D.SEA,83229533100017,Restauration traditionnelle ,1 menu,image.png (https://v5.airtableusercontent.com/v3/u/58/58/1791108000000/nBYDq0BULM9_NhRNA75BcQ/Ss7tKCPpN_BhfjC4QzdAAdwWmkuZyjsoZtFor4QqO4ZY5Kb4tSgf0yiXzgC08WP9V5YHZFboHjtbRGzyudZhro9pHiKNIX0Vi8l49wT6NN2YA3r4V9pohxrgbwuSqGVSPwmf0SVIwvz7WcsDOozNJA/Rr94z2S7MD2WvOWMNZQD8uZ9LNPOvwbd5lPYVljFq7I),€29.25,Restauration,
9/14/2022,Grenoble,CHEZ GEORGES RESTAURATEUR,40800054500017,Restauration traditionnelle ,1 couvert,image.png (https://v5.airtableusercontent.com/v3/u/58/58/1791108000000/ZUcCo6-hTzX718fN9rB9ig/8wbncTn_dJyVgC4PWE-MGrUcdhYjeqa7Kh67JOheEcUtJiofDswUdCCCJMO4RwJpZE5OnJBMcqMMpELcdW1AEO3vp3azmMpq5kufpQf5q2rlV6ZrcY_iNtiQmDv8KPCtuS6jl3RlM21Ttg170cFLpQ/civQ4tgC7MR707lABsH7poty-7bhhvOUGzEUTMtRHf0),€20.00,Restauration,
7/9/2022,Grenoble,LES QUATRE DAUPHINS,80436790200025,Restauration traditionnelle ,"2 verres de vin, 2 plats, 2 cafés",image.png (https://v5.airtableusercontent.com/v3/u/58/58/1791108000000/7izy4PxyiRvgLKRVNPNULg/k5vHIwBNFYfspB4lgp0oz4cU1SnLZua7wLj6VhOWtuMDdvVeh9GGv04dmPSmQ5HBi_YIe7bXSi1pDH2mGJf_3xzzbZ2satndu_VgThczWa9uaTRxfuLba_FF3Nhr4JDepz5MXcumzJSRu4Zu_C6w1A/drJA17FFe4CtW68COv2k2AFkrPsQgZe5q3CB2yEQ4nk),€69.20,Restauration,
9/23/2022,Grenoble,Continental Restaurant,31813281800028,Restauration,2 petit-déjeuners continental ,image.png (https://v5.airtableusercontent.com/v3/u/58/58/1791108000000/p8v-niWhmAHJ6jxdzQPXYA/epxJQWsSoIq78klhk6IvrXgUQgCBlAqfgMOkZasDR9xTzO2CObsfmaM3lr0w3-gYRyAjIPy_GNbXX1Zl6PBohtssjfnYAuGfd8tmWMMh5XfBdKn3ulye85PPiKH1FFafKpri50cnrAHzDdEUiJDDXg/K0DKmtbED5z0hN0ZaKJSiY6td1FGhRL5iXrFbWOhnnA),€46.00,Restauration,
9/20/2022,Grenoble,Les armes de Léon,,Restauration,2 repas,image.png (https://v5.airtableusercontent.com/v3/u/58/58/1791108000000/7T-9GpOkkgryLHOyrOFxlA/kYx5dFNE2Dn2nCNM44IzSdojWc9cPucr4RU62rqUEiRMbojuxIlT9LwyNC3DQ1Il7MBGG03O2lCuThZXKIRXd4L_7viAxF_2hePhI7Ip_WpJi2mBMvmw3zeScYjGI_4OXnmjg80r2GLYld7fbaoyXw/wmaU9ANdBJOuwwrlTwuu6Wi6PnK-qwgj_rMGTaCC1RE),€74.66,Restauration,
10/12/2022,Grenoble,CHEZ VALENTINO,85029502300012,Restauration de type rapide,"1 pizza, 1 tagliatelle, 1 chardonnay",image.png (https://v5.airtableusercontent.com/v3/u/58/58/1791108000000/zg3NBkb0jDM9lO7vznezuw/PVN9_deGJbAamp7ukfwwbQT3oFq4kpOi1LLfcX8d-rI24yD5M8u1dbfuYcPjchaf7M7m4RSzbdi6NQ7zM-8MwkP_dKPs-1SWWpScFU7jBh8KrAL3LS3JQJfWBeHBVNEOJ03SVfy1OB55xuPxVpDB9Q/iZWB6nQtkppKFr56RCm007MvcdTwFiz9ELBJx67xjEU),€29.50,Restauration,
10/12/2022,Grenoble,Chez Georges,40300054500017,Restauration,1 couvert,image.png (https://v5.airtableusercontent.com/v3/u/58/58/1791108000000/oUTnw3fDlOpNrT0fu6HLzA/M_Kc7ddmyvVWhQJ1CVuNAVO3cHYV9VHpHb3m9EH_s1fpL7Kft8FE4_J8jF-Sm3xQgKkFforTzZQb5Jf8IYumEKXwPa39_lTF4v9IZtP4E8ENgexZpjGLjhn4ux67hGCCgxjk7bPeAY05GT1Rg1ao0Q/CSU2FbnohxuS111jiLkSO6I9dN6V7GNMUFcPcu3radk),€20.00,Restauration,
3/8/2022,Grenoble,Prêt à manger,,Restauration de type rapide,"1 quiche, 1 capuccino, 1 jus d'orange, 1 batonnet ananas, 1 PPS citron gingembre",image.png (https://v5.airtableusercontent.com/v3/u/58/58/1791108000000/6vWHXnZiEYZykHA7EM3zmw/E0WMJWXcPK82Ny7azShIGSflqRJ0yoocppYkVgIXSI13_wcKDnaV9grgXod27J4aFikdTjJdUBut3alQmJ1OHFti87-ceYYFbQYWwQuI_CjlZo7uomIdH2VzpGWdAODdMXKFlDEnjA6e5vcDOUmn1w/jTdQ_DEzTXE9-G2lMfvIKWCXp79iFmSzTrxuohih3Os),€21.95,Restauration,
11/7/2022,Grenoble,BRASSERIE L EUROPEEN (LE GRAND BISTROT),62203245600023,Restauration traditionnelle ,"1 cappuccino, 1 citron pressé",image.png (https://v5.airtableusercontent.com/v3/u/58/58/1791108000000/JLFXhvCETr-uufASPedm7Q/B0RTVZo0NGqWgKiQHhbMQml8TZne55bdnEgDsTQM-DEGzp_iujd3q1F5fgMgGCQ12xHfA8v4LxxsKpVSkMjjE4fEyyjpMVXWr5FhoyS80vwmJxbxBox68Gl1ksfdW2WS0E9ckEUu0boIdqhQwdKtSQ/-2eaKNSTjTb2tJ_TRnYUBI8_uCEubU8GTla3_Dmut5Q),€14.00,Restauration,
11/7/2022,Grenoble,LEZZ'ET,89862535500018,Restauration traditionnelle ,"1 café, 1 entrée, 2 soupes",image.png (https://v5.airtableusercontent.com/v3/u/58/58/1791108000000/KWVODWDWC02g3dN31Fy3qg/AcICwI8E-ZmsnVvIQYJT1R2vpGyoPiRarq2mXBSJDuIctsEOvYVn24f8Azpq7yQgSBUt7YpnnUT6xSrlBNKxWK4vokP7_RQHDP4PieUGS_FdDfXG5Za-K-pBNatKjyeMump9zwh9sHtV8KjId6QKpA/wOWc0G2P5BpVr0vpYPhBPWhcwOAsmhBeFYysM6qMk9U),€16.10,Restauration,
6/21/2022,Grenoble,RATP,77566343801906,Transport,3 carnets de ticket,image.png (https://v5.airtableusercontent.com/v3/u/58/58/1791108000000/ZIWilerlOSzrhtLfUjYklQ/FdFhxoDx3aCNeGKs6DOxQVVi1tyE5WGDu_66ystsvL4eJlnn8VuKAF-zGExFJuApLtA8U0q4TlZVjCDCDmC9-8BWJrYGqFRD7erKqEXdAGZkCQkPADMpOGWGYhIYTB1U7tE1TtOR3-nb_v2AC72ZPA/ROchr8sjWRLJRvC3WMXQ0anF6AFmXuI1MUyZ-BddWkY),€46.70,Transport,
2/18/2022,Grenoble,ANALDARO,50464882500025,Restauration traditionnelle ,,image.png (https://v5.airtableusercontent.com/v3/u/58/58/1791108000000/iEY2kyyNuTawOlHS_-X_xw/_ARrsFiqI5HglBufZUVq6JjcLt8FaXguhrw1AM1JeLDnbaQ5hmASGxs9X8W5MUF-iN50riPaRnKYvr9M4AURkI5sMw2RycB8rcJIz_v0ibaz-OxNJWtpYAXPbxm7hJeENmLUjVxniQ6mKdScLsaMew/7d-ut8Rjin0bAY5IHsr8dEJtpn4jpYvTYUleBUrJdik),€13.30,Restauration,
2/18/2022,Grenoble,LES EDITEURS (LA CHOPE D'ALSACE),72202044300015,Restauration traditionnelle ,1 repas complet,image.png (https://v5.airtableusercontent.com/v3/u/58/58/1791108000000/t5sa0MpdgytKd70pBZE4uw/JPJOp3EyUl4qpqhxfI4QlGJ40NWEbEBWCJnuTCF-BITbAaomUmW5-LxH4SMRIT5cZlkNPbxQqOfAu9U1JHHYiy4FLngQDimLwF4xLhzQuVwXStlfXlIFkrQ61C9b3TL2_PMlBaq7Lh8qTAUY4jw4Gg/eqZn9goz4ONkoBH-tCT2rGSr1MqxTipmn7icwnC8H-E),€24.40,Restauration,
3/16/2022,Grenoble,SOCIETE DE GESTION RESTAURANTS ET HOTELS JNJ,89357134900016,Restauration traditionnelle ,"2 thés, 1 assortiment de baklava, 1 jus de tomate",image.png (https://v5.airtableusercontent.com/v3/u/58/58/1791108000000/BoUrRXv9W0tBElbd7DRBYQ/P1GWojqK7sjHueiHhD7BqqZMvCPjjHcvw2D71gHV22NEetpEI7bfax2SYrwTc137A-ToZ1gwYkyBY7waOBGW2BSKSNEFg9Bjznx1WlX8M0wa-KxlwFsd5NwNLXCtT2XQC-35W_BWvyO02G7aBH3GfA/wlua7mwl7CGhSW7JUBWyOm64_zMfVL-pgYP4kN_ylWQ),€19.50,Restauration,
3/16/2022,Grenoble,AIRBNB FRANCE,75088541000035,Activités des agences de publicité,2 nuits à Cannes,image.png (https://v5.airtableusercontent.com/v3/u/58/58/1791108000000/2DzAdBbptGFxvoYgSp7lRA/T6dalZmRYzUYVvh6OcK5T2w8w1SHNA2WfEzL0TNFOhVCt51iMPyDKTQNqHl0kMRIbUa6OesRJUHqdmjdgHCSnZmwUgHmSySM7GO5w3pYHvJmlAj8xUwrPjyhlUG41GIS7uf6leqOZy3yhokjSaItRw/Y482f7pCleTJgO4BFMUwA0wwj6Roi72k4H-kGcskRDY),€184.06,Hôtel,
10/19/2022,Grenoble,RATP,77566343801906,Transport,2 carnets de ticket,image.png (https://v5.airtableusercontent.com/v3/u/58/58/1791108000000/F9HfofCAhIYCA_7BoC4JOA/f1ibLYmM3Vi1P-2q7D_R6f_0k7Y1t1kF1Go8U3UabpWR33jGpMD6odqlw6jnqtWEtiUe8oqWrtCf0MA6MiW3pzrDdvgvjcoRDrh33MKoaA-PtVEpuFl0_LpZrbK-f3zzvZ8R2v5wwrJlgEGq2TMuaA/uxwzQPOeIlsw2RM9U0E4ZSmOM7swzxIc7DYjTx115CI),€29.80,Transport,
10/20/2022,Grenoble,Newrest,41257562300019,Restauration collective sous contrat,,image.png (https://v5.airtableusercontent.com/v3/u/58/58/1791108000000/cjiFlc6sWoagHFsfwGYStQ/w48F3BcKDxO8STFY3e7Cxu92E8dnXNx9kDqxeEuFEGzd4PUH0O7Hz2gpPprneQ5pqjISev5zD7-c-lGWQgx-nNdDAau6iQWIaXd1kPZzZ_ujf2we2yTvjwo8moHo5c6XyHtkpoo1tw1dvdVuaLFX4w/0wD6GKLNLXYsRe6TV-anmXTDBm6p9KGF5f2V9FvyMoU),€11.10,Restauration,
3/1/2021,Houilles,Aux fins gourmet ,83203047200027,Charcuterie ,"déjeuner avec le vice président du CDY et déjeuner du maire 
2 dates: 01/03/2021 et 26/03/2021",Screenshot of madada.fr on 2023-10-25 at 12.45.07.png (https://v5.airtableusercontent.com/v3/u/58/58/1791108000000/5UaHhXbEbpi2ViVgQe76TA/jES7OUebg0hjUPkeyI0N474W_stPpghyztbRDyJAJdeK4zk1fCMTFyZOPTDl3ts0MbdMe3tYi0EFr9q7Z9ogftdtwggk_3fY4jnW8YlP_gpnsUYQFqfklLG4GI4BaBBSkSlje5MIcjMefsDZY4khz0vkfgAHCs08F2fnQiGo8o3Tno1TvlOV1CqwevX_xu6w/XXZZ6ZHo_FpgziyQ16-8Dc6BuFhOAL935geZ0Flw3jg),€100.00,Restauration,
3/18/2021,Houilles,UBER,53945494200043,Autres activités de soutien aux entreprises n.c.a.,Trajet interview BFM aller ,Screenshot of madada.fr on 2023-10-25 at 12.45.53.png (https://v5.airtableusercontent.com/v3/u/58/58/1791108000000/Qhao_CxlTxqKF5LDc2I38g/a8t4_hq5azNhnR4C6S3qampaSCx4Yhy4eCK8XfpSSN-sOyToH8RUyVyZ_LtdowSVsRlIE-kHscHOrMUbSEy1D0Eslnayx0QoYD4nIup1_oDsHHuvB2jKjf8LeQb48upTognlcRZmVYHylYJ9MJuDk2Ojg-azJ2ei6q8ttvgdc2BGXKnoRIr_9IbzUGw6c145/zXr0fuvvNG_4gNt7BaYnhil-iy4X9qwMYEwoEGkFhx4),€31.61,Transport,
3/18/2021,Houilles,Uber,53945494200043,Autres activités de soutien aux entreprises n.c.a.,Interview BFM retour ,Screenshot of madada.fr on 2023-10-25 at 12.50.05.png (https://v5.airtableusercontent.com/v3/u/58/58/1791108000000/od6ZXnQ-rdE26wGIPSAOBg/725cMmDC46jkVVez0XBEEAq391phyRVmIFno9_Uy3dXJD9DmKYd3VP9dkoIcvtNGQREDN_F523YCIYuGlH95K-IFAnu4TRrccHomHKos23PbyN2DfkIPCEwkiO0rg1xAKuczSEYzBWRa7NqW4uiOxKP4ProefkMk_oWQgImh-0-_ejv2Y922mvN2LEEMx9rR/jU8fYSzgWH2BbFUXgIyo_xU_JmU_rFdo8f2jWHKA_gw),€30.07,Transport,
6/1/2021,Houilles,Le forum ,43956891600019,Restauration traditionnelle ,Déjeuner ACMO,Screenshot of madada.fr on 2023-10-25 at 12.51.36.png (https://v5.airtableusercontent.com/v3/u/58/58/1791108000000/0BCd2zACpuusvnBylmkEDA/lSTidVoTgz6NiAA3ONt_yfJXv981R7nWGaPpyRX-6vaDwXAmGtZGgf93pqOni1lzKFUeCUCmqwC2R38LoW5lBtHNzjb5Sx7B8GWCY3fCesYoNbf9hXavIZLg1uZohQtAjURNBMMJK74QTu-z8my4I30lBT4gQJM6jIyPMMa-R65Fv1hRudP_-iOaTF4gxy2n/FfpTIviVpWN1r5t2SQ1jnY1bGQQPhY-K-CJP6dtPMXc),€86.30,Restauration,
6/10/2021,Houilles,Marie de Paris ,21750001600019,Administration publique générale,Stationnement visite ministère de la cohésion des territoires ,Screenshot of madada.fr on 2023-10-25 at 12.53.21.png (https://v5.airtableusercontent.com/v3/u/58/58/1791108000000/7T6E0wt8Qwxn5GceIYaaXQ/LeLrEmYeB2V60RF-BfsiStXCRGeRTCCkp07D0E0yhy0iFmsRo_8hhYTxVg8uYCxZJ6BUFV2dpwKkVbz18IE_3JfEWiCcfJVhaT_3kvSYI0Y8nfB8Efljm4qAeC_f5-kiGoLIo1ixG7I73uxp-sUbto8EMRUAGr8U4_s_ND2c6YJ2rT5irzTjC2R9LLX-G9tx/Uzfcrmi3extFjcMovMv5bNPe28MS-j4QeGmf5DrSdEM),€4.00,Transport,
10/5/2021,Houilles,Onesto,85310040200017,Restauration traditionnelle ,Déjeuner M Bertrand et la DG,Screenshot of madada.fr on 2023-10-25 at 12.56.16.png (https://v5.airtableusercontent.com/v3/u/58/58/1791108000000/SR5RHksFFINBk3LrOIO9PA/OG5-3W64JWA_Tn-DRWe43iky62gOhDiVbmQ5MwZ-n2dExoC4rOGZP18e-8yGqQJJk7A0RHuT5dHi2T1yIkyr7TWz4q5mbsPXzLsfFWDo9bbgQPn_6kVm_oUE9_e7xwzHxIgsWNSGXzCCnw_RJl4JX8PuTQleigUTD78yyJKhljvgKEvnwTmDfh6RL_CJA8yT/58gd2Pav5HgUNVdXDO6aNiS4O4vlrV1buqCRREz7Xo0),€114.50,Restauration,
10/11/2021,Houilles,Uber,53945494200043,Autres activités de soutien aux entreprises n.c.a.,Trajet pour la séance CRHH aller ,Screenshot of madada.fr on 2023-10-25 at 12.57.45.png (https://v5.airtableusercontent.com/v3/u/58/58/1791108000000/8AbuZUUFIb7WqTvrgVo1dA/k4G-9vWSX5qoXj3rFurL4VkM6eJBjOCk99Gxwpg2tMwYRGWT79WpelT51J0v4p2LjSsn-Du7GYL0-6KTU3nOzZO_EV6D1dI4Rufoh1p2zdhgiEGw0wIH9jJJYQdPwVUVBt5LStLCjKnAeP6HuItgWByQ-XYV3QDQrxJMs3E9JRmoac_vHIoOkeSWp4YMALS-/jw97cVAiqjzGrMoPLjVG0LKKIfmH_QjqaynuUwvVhfk),€33.56,Transport,
10/11/2021,Houilles,Uber,53945494200043,Autres activités de soutien aux entreprises n.c.a.,Trajet pour séance CRHH retour ,Screenshot of madada.fr on 2023-10-25 at 12.58.56.png (https://v5.airtableusercontent.com/v3/u/58/58/1791108000000/ZGmTQYUC7T7zbIyB6QGAqA/LB-nsBvUeULPR1QWB5XdNe7NcU3lyW1YsahwtwxBvUfhYjI8CYahiOy3Vt_d45E8mhI0QVAyvsJM6FztPBnpqX-DUeZ_iiAc9ZEADzOMNr7or3yYE-o9_ku_h2qU3WnGTmIDb8VmVCIEJ5uVoKU2dPA46rmmoWagto8fCC4OLK3GueB1XKbyWF6_0_Eg_a_v/xZMRDM_GYZCFVjUY-vgMG5-Z84aqsZ90il4ahtOnwgQ),€37.39,Transport,
10/13/2021,Houilles,Uber,53945494200043,Autres activités de soutien aux entreprises n.c.a.,Trajet université des maires UMY- Aller ,Screenshot of madada.fr on 2023-10-25 at 13.00.25.png (https://v5.airtableusercontent.com/v3/u/58/58/1791108000000/s5E6RTpDppSJApBnXSE0Sg/z8zmOk2Z-FvdIkkXnSPtYAT_lymFYMwaHiz15hFHXngc2nhy2kJsahfjkG80genPw90De4wWM-EHjN8s16A4PF0FtTVJ3RB5CsvoEy8sBSPsaHqpiIUopdIbk-uMVUkd10KjL03P4bWArS4V5hI1JoZxT56dGht8NTx5XkuwLu8CSWKdGbitXvcXhg3dHagH/tg40OO8IUh9M7RBA741w-aeqxdGFi3qG8gdFS2qvBrU),€25.04,Transport,
10/25/2021,Houilles,Uber,53945494200043,Autres activités de soutien aux entreprises n.c.a.,trajet déjeuner conseil des ministre- aller ,Screenshot of madada.fr on 2023-10-25 at 13.02.45.png (https://v5.airtableusercontent.com/v3/u/58/58/1791108000000/_q0Bb5r5loB5M2wVrF3S2A/J8Rxgon78Hk6z3FpvYTvVasiJLnRAYvcAev8K9uShDrldPm6j0EIrGGJCj53PVoaEubxJZ-VqTt74R8iKFBtb0xKB3-Paj-R4XtlMq-kpdpC-ed0r_PTsdXWrJbSMoLPrVRpbjC1g8fsmwN58Me9wps4g0ImO4fXog3tifuMwM6-_X6N6RDbIVWmIjAcbUCh/1mITDcLHbisYu9kD4ZY9QRqmLL0YsEvWa_kCyHbD18s),€347.00,Transport,
10/25/2021,Houilles,Uber,53945494200043,Autres activités de soutien aux entreprises n.c.a,trajet déjeuner conseil des ministres retour ,Screenshot of madada.fr on 2023-10-25 at 13.03.45.png (https://v5.airtableusercontent.com/v3/u/58/58/1791108000000/w-W3ci6W_O9p5avrUqxifw/L9zggHFZxAcrltJRA4xjvpSDsGk2OiYmDQoD37DTMS8niofMhGGV7kthIrkqelXtJKHj7nymJZPvfEO4vp43-Vpg8b4DCsWHjzyJq8zTnk746Df1l67NIZQAGIIxOdb42RtqE0iIp7xIlSjLobH7TUuTZg7Q91NwgkItcX51FtoQgo2lmWGfGobr4avLqpGR/g0G0djARfOVhbX_J7wREORh03MPyR9N4MLQwYSzWe90),€34.76,Transport,
11/9/2021,Houilles,Onesto,85310040200017,Restauration traditionnelle ,Déjeuner avec le vice président du CDY ,Screenshot of madada.fr on 2023-10-27 at 13.23.11.png (https://v5.airtableusercontent.com/v3/u/58/58/1791108000000/ws-77jRWNhFNsHJsjuYNKA/mTxTJMiMK8SPLImqH4pafR7uLc90PHmsUQSbvHkUhXQS5FYeOW4dzakMFwY1aZb_sTDndYDdpZlhzDjnbgREsUHuzYv7ZtwPpzHNQSrx0OIyOYFBPo6KrV0otjOB5jQ1XXKBIAW4mmhwmiEsTyHBLv_ULTl41xZgl-sRmPpQMktTfVAuAl8D2HVRip7XF660/9HrrUIdyRsz1oBMC3pklxMtQmQ9kuGwnGwyThrBp1Fg),€136.00,Restauration,
11/17/2021,Houilles,Uber,53945494200043,Autres activités de soutien aux entreprises n.c.a.,Trajet salon des maires réception à l'Elysée aller ,Screenshot of madada.fr on 2023-10-27 at 13.24.58.png (https://v5.airtableusercontent.com/v3/u/58/58/1791108000000/Q3Ea-0oT0daCKdzvukBsLQ/BeIP-GFN7v7uXvost30D4z29ml_JZrPaUSeFgXTEjoDaO9EEnPbBo4nDNPaA--8OE4KolEpdsE8T043s_8U4ZUKR2dURSmbtKXUwz8gSqfJVcynKpOQLy6zJd7MdI1XuZpghDuLwzQ888TFwwRBq6yjd2Y4fPAc3erFRW7MsvvpBkgkFLMRPyLfE5gJA61RT/6o9674Y-_CcxYg6j7O73JZlkkjwecM0_uOrKksU7_L4),€30.87,Transport,
11/17/2021,Houilles,Uber,53945494200043,Autres activités de soutien aux entreprises n.c.a.,Trajet salon des maires réception à l'Elysée ,Screenshot of madada.fr on 2023-10-27 at 13.27.27.png (https://v5.airtableusercontent.com/v3/u/58/58/1791108000000/Fd-sigWomxBdudI8x_dSZA/3_fzwxiraFR1SXSdCH1hdikuQ8HDjA-uZV-eIsJvQMZ-aUOPu1WlACN6wY1158sb81aDYhI_GQkxE6T9jxYcNW1D1f4vGeLoTjp_mAgv7et5oGkK9HVxK-Mwjli3OAcdzQdRsRQ4uPkPewzAKeSeJvOLCvK2Rqpq53VGlUcIlUras1Kq53BR6Lwtmdx4xkg2/Hk22j-zsrN_eespa_jI0Eaf3MijbWoZ2ixNigmrQr2M),€26.48,Transport,
11/30/2021,Houilles,Uber,53945494200043,Autres activités de soutien aux entreprises n.c.a.,Trajet Uber Réunion Assemblée Nationale aller ,Screenshot of madada.fr on 2023-10-27 at 13.28.37.png (https://v5.airtableusercontent.com/v3/u/58/58/1791108000000/fyj4LsY9PpXY07LdqY6V4A/pjsL6I5t6xaXIZnVN4dQx7knfSHREk-CxtZRkCsY3qb1nNc2K_Mto3VmwbuZSunq7Riy0VVaJbNpzXuTqvv7bx6nIhzxRB8nFxVTepK3AbJYCbx4hj3FDWGLPbO-eArjX4c1FFiq0jGNHGYGBZ4QXMJYdf9ieN0x15n5CEBirvgJK8QXQGvaMHM6qXILbrK8/gTUhruOZG0V6-6ot48MxaFzB3PInan6T2Zh9GfYwUmY),€33.42,Transport,
11/30/2021,Houilles,Uber,53945494200043,Autres activités de soutien aux entreprises n.c.a.,Trajet Uber Réunion Assemblée Nationale Retour ,Screenshot of madada.fr on 2023-10-27 at 13.29.27.png (https://v5.airtableusercontent.com/v3/u/58/58/1791108000000/tzkB85nhmyyXVEgr1iJfhQ/12YDVbZ_--Hj97jvLBUOFYcVM7w05uc4zqSgfK1-RTngcU87zWG2fzsdSfHx1NRs45KwaQzzqRl0CDOzNVlrC0n3Rx7OlVrJaic7nQI8bGGH7JEcXCixtyc7TQGQ0apKfGLrW2E8J4WNdh__4l3jmmA-QhP1zz5Vw77VbmJo7Xiok-hfHoc0DaekNd5thmcO/l6CJ0lHD5RqUM7KzWkrZucQ_hpqisur2_pKg0Bahpjs),€27.85,Transport,
12/2/2021,Houilles,Onesto,85310040200017,Restauration traditionnelle ,Restaurant avec l'OMS,Screenshot of madada.fr on 2023-10-27 at 13.30.16.png (https://v5.airtableusercontent.com/v3/u/58/58/1791108000000/715k67q9g1Xj9qHm-Mgtzg/B1-IUnt9fNo_ck6v-huotu_PunRTuJK5FmZ6gxQ_Jxy7IlX7Yx-nV65lXkiR-QxwdcUMGswPdVBzfU7nMEe3HSCQ1SsW2umWan__ALmbrjngnkAkG0SCte5BGKcCH0T4ZetTUFSqfvfMIdtIOobxyBG4uUSq72sQ0bedB5hajjMgdiNpe4Gj3nnye0n_ABFy/6A8UbJO3YrwdPFdYt0yDl_pkp7P2LijTUjiWrP0oDyI),€76.00,Restauration,
12/6/2021,Houilles,Uber,53945494200043,Autres activités de soutien aux entreprises n.c.a.,Trajet Uber cérémonie des Maire. Sénat Aller ,Screenshot of madada.fr on 2023-10-27 at 13.31.19.png (https://v5.airtableusercontent.com/v3/u/58/58/1791108000000/4bvJPNR7CSszaldvgN7OoA/hVI-6D0bOWpugAZnUmji6d-HcA3LK0QbRexv3IK1pX93bYoVakX0Y0eMK_L_1OLmGiMGqjKCcQfb6OaGcjrZDMqh6XIKlGptzN3KSw3Bbx7X_2Q5NH1ZqD1j8Rmdfwfqkd-PSG9WBUWOEiWp3_tpmZdGrBxJZWxWVWcMfcUuTO6fZYjbRrDp69AM6Pncjy7l/yz2XpO6j3YpVAtzuCBSG4FExMKpZ4Uz8pH1mJYSWBD4),€50.00,Transport,
12/6/2021,Houilles,Uber,53945494200043,Autres activités de soutien aux entreprises n.c.a.,Trajet Uber cérémonie des Maire Sénat Retour ,Screenshot of madada.fr on 2023-10-27 at 13.34.13.png (https://v5.airtableusercontent.com/v3/u/58/58/1791108000000/Q9l3VEGKsItcv8-M-yc4hA/RTtmoyUXWJXRkcyQJgNd8Y0w0xC2xFPDlUtP3xgPgPnsdpXP_cT9lqu8RhlBHEe9aGeQpArr9gpXuhTkRczJvfamSSWgtZ3SCFsccbX8T2XrklFEf6FWs6zca5uAILmjgJPI-itkOhaxpId8EZ4ADWJ857PtvYaHnPku2BuMEMaO9MjpjASWhrkPss9O3jcK/jFcsR7XAmPTOGHLLelmT3GoENBjoAUgaprc5SdisIVQ),€50.00,Transport,
2/9/2022,Houilles,Le ventre Saint Gris ,84333754400012,Restauration traditionnelle ,Déjeuner avec les commandants des pompiers DG,Screenshot of madada.fr on 2023-10-27 at 13.38.05.png (https://v5.airtableusercontent.com/v3/u/58/58/1791108000000/Ro3oWQoxQ_GN2F3f5V7bJw/2rnqcXtjOPC66F9mBPdxIrP_DSOjn1qL60hXu72Njf5W-pNFRULkVQrLu_hKL8MoCEkd9EWxtSUlCcbJIt3Xl9mZwTRLU_7ifaNc9SEs5zVRk-kx22YpnAzNuXUBKSWcfteRwQwihm_RImUBAPQVd2T0zLXyI2-kXeQa9646sErRiIRDHhEbPuBw6eUvpFZx/YPs21XzALquLyArDST_W4lvSjB7caSvMbqR6LMTB-Sc),€245.50,Restauration,
2/18/2022,Houilles,Manuel de cuisine ,49076450300010,Restauration traditionnelle ,Déjeuner de travail ,Screenshot of madada.fr on 2023-10-27 at 13.40.10.png (https://v5.airtableusercontent.com/v3/u/58/58/1791108000000/pXEmD6nQOuM8ZnyGK2PEpQ/mV5Mg2TDJUNZtLox_Vm3ZkQM6_Ym6u5BH4VZVaXJxPzAgyal3gYupVpmjwoIRZ82-SzzRKSMbof731-OvzzrUiEn0X-FCF3PQ6Wo9zo6mH2tqj4VoHk_ijyhljkKn8Jjz5NQi690WRfVdEGzVofL83qX1XahlfJpvy_ERP1SO_KxQ7I3Rt1CWes061dR9KIA/67OmNM5qHy72RYD9RuQv7pibRjPd9jLDwv7_K7eqhkk),€88.00,Restauration,
2/23/2022,Houilles,Le ventre Saint Gris ,84333754400012,Restauration traditionnelle ,Déjeuner avec M. le Maire,Screenshot of madada.fr on 2023-10-27 at 13.41.51.png (https://v5.airtableusercontent.com/v3/u/58/58/1791108000000/M-nX2fs5PXpNUwJhG0-CdQ/Ss1ZwkZNO351eE6MU0apKbGO00NnrZrRjEQAFYFUhgL7E6SEdHnfsBQddZjise-CEzto9b_Ni2q9h7DitJekhjpk2GJ8QM_I6Nvk2yCjTh8uh5u7KnJ_hSRictbyuYkhJ7-YJSeABgtWCbcwlZ6fye5iOf0_xvOfKutDeoxufcEHxgDU3aLDt3k1mXAHA3Pb/SUBx7OqnioR5prvysaTFW6ioNFUwFZQjbDQ1B23Eb4k),€138.00,Restauration,
2/24/2022,Houilles,Onesto,85310040200017,Restauration traditionnelle ,Déjeuner de travail,Screenshot of madada.fr on 2023-10-27 at 13.43.37.png (https://v5.airtableusercontent.com/v3/u/58/58/1791108000000/50MK3JZOQDgt4sj-_-ZKxg/MSQvmn_HPPI8L5sjEg__Wf3vDcJDnvpuYuDhjtZM7-fUKukvot89wyu0GOqJTyuZhr-nEDkrXRPA11zqXYwDn68aqNEVNCVdKxR8sM8t9krk55ufgn1-QZOcXLPVUYKszFl6_skfDRqFCjEv6WvMyjnrbNrhkxUFuesXsHdALnfhbBad_s1pG4AxjniSpoEZ/0XwHSbThewVOaysuxq3RtgrJpt2i2p0444Nsf7RNhP8),€51.00,Restauration,
3/24/2022,Houilles,Uber,53945494200043,Autres activités de soutien aux entreprises n.c.a.,Trajet mairie-cdc Hackaton ,Screenshot of madada.fr on 2023-10-27 at 13.45.27.png (https://v5.airtableusercontent.com/v3/u/58/58/1791108000000/fvO_e_b4HyohfI0_WLaPNA/GLFZ4Upuk9xmFVfBfRSrpAt20r_8Qs4I1Xi3Gs-XmQKZ9zZWLqTiygMMOnimwq1iPtFUsLOtuVJ27PlqlBFxZq-2VfaaEcKyt-m3c5BYTfLOEtAhewFDzixRRbNuQ6MiZcI-ex4JFoD0gDIVc1i5ldYW1aJ8bNiEe1NGj62NVlZIoaeEcVlG6wQS-kUD6RG8/HzOvPcaNXzawNnRzYZ9Q9pGttB6P7u7Fw3oECcNoq8c),€28.26,Transport,
3/24/2022,Houilles,Uber,53945494200043,Autres activités de soutien aux entreprises n.c.a.,Trajet Paris Croissy pour CA Casgbs,Screenshot of madada.fr on 2023-10-27 at 13.46.49.png (https://v5.airtableusercontent.com/v3/u/58/58/1791108000000/bl5ic6fSPL3Zu6CnerZOgw/RdvF5ecWoVQWboGwjZeKwPfa4NF3cMZFUGTk-McNCCumZXMbIKOm_cIwYr03tEOZS6jfGUtEkyg5jAE0uNP8UoOiGambPm_YD6p3QaYje2WJxYtZ1ynEc27FHLUCcBxaOU3vly8qaUFJgdCo8LGpcKtKWGprf7R3u3BmU6-c8W4PX9qg6zN6bXTY7KYVq0tr/MX5ZmtgD-8PYtFrzqhFXtrBc6BqgELRvhTOec_tInEE),€29.86,Transport,
3/30/2022,Houilles,Uber,53945494200043,Autres activités de soutien aux entreprises n.c.a.,Trajet retour réunion parlementaire ,Screenshot of madada.fr on 2023-10-27 at 13.47.51.png (https://v5.airtableusercontent.com/v3/u/58/58/1791108000000/FY7ZhIuW8oM3up3FYuo0tw/Kd0-teFEVLzDzRalDCuCFxh7-ln6TY_0ts0ZmirUW9HJGKgVhC3_yFtlsE-LY_k4ANVS6vUUf8nRtlLUs8N33GNqo4imidDIkp9Wh14-SroAoJU3f9t9GjKq9Q_psC4jzfuQpaNP6sOXpwQToBK6nHMFPG0Gc231egN-nrMkUGLkbPAd-5edYu179dPfRW1P/HlINOxmCC0Vtg0L_H3_S_7Tu5k8HdaJHlns9BqtSGJ0),€30.88,Transport,
3/30/2022,Houilles,Uber,53945494200043,Autres activités de soutien aux entreprises n.c.a.,Trajet retour réunion parlementaire ,Screenshot of madada.fr on 2023-10-27 at 13.48.36.png (https://v5.airtableusercontent.com/v3/u/58/58/1791108000000/fXI_QWJLqyetf7cb-30NPg/r-ZkS2R1JJBALg2CJMAweQYrTzKquJalPyA7eJV38NFMkSXS6DKVfDDm2NDHCTelbTV5DLotf_WEZ5Vga7dpXzqP9H2CwBy3g8wfAxNoBnTOVOle5YiWhc56X7xSHabzMuB31LLCf9n74w0yH4Yg111FingJnuXbVNk_N1BZw9hTEP06TAMGmB4J4glnf8ie/CwP-kA1WgawKuDBqlrV2fH2fQF_X_daY6G_hRFYoPp8),€30.88,Transport,
5/10/2022,Houilles,Uber,53945494200043,Autres activités de soutien aux entreprises n.c.a.,Trajet aller cérémonie jardin du Luxembourg ,Screenshot of madada.fr on 2023-10-27 at 13.49.35.png (https://v5.airtableusercontent.com/v3/u/58/58/1791108000000/JjI5_ilwP7O62KNeV3B0Lg/1remMyq6xRTTL9pxsEa7CR23uWOCjZsDxi43hpBjf2AqLplJhZ9AYGCzBNoZyFkTe9g5fEm05jMHXhHtLDsMfbl7vtvms3ivPPs5fbIBOHjUsDHEmnlPurhFQ-J-uXRIe8pYiGL-MShjFpvE9EEeMpxQJSCRKhVxxajrU0D2Zmb6yViW6bjiWhqcpLHg61xK/3uZxBA0g5aFHXvsaU_OxG-8FYxGsASb432d4_p-GDao),€39.65,Transport,
5/14/2022,Houilles,Boulangerie Perot,45148194900019,Boulangerie et boulangerie-pâtisserie,Croissants pour la rco sur le marché ,Screenshot of madada.fr on 2023-10-27 at 13.51.42.png (https://v5.airtableusercontent.com/v3/u/58/58/1791108000000/5EWaX7YOvP1zdC7bjskb_w/Ys7brrnYKz0T7f5GWrwAL04YXdFE_Rqb2gPhrVvT-K9_4KyaaaLCzTU-Fwm4UtkxTIVi1e0LmlBAnxLOQKjGVp215-EMpyWjyRK18j5_MvPU_8XrXeCxGKLeqQQYZYmTa2xIPxXI8G2GEqW3PGldZyW14d15G2Atrv3OCtOwVe4epm7d-J8R677vLTQttlwZ/_yj3h51aEnpfdlleHdIoirBoyLVXiwzB5H4HQIyEcK4),€15.45,Restauration,
5/21/2022,Houilles,Boulangerie Perot ,45148194900019,Boulangerie et boulangerie-pâtisserie,Croissants pour la rco chez les pompiers psc1,Screenshot of madada.fr on 2023-10-27 at 14.00.05.png (https://v5.airtableusercontent.com/v3/u/58/58/1791108000000/nMbDjIy6omzFM7-nuMvQHg/fvgZ5DRTe2CijcudT4b7bE7ipPpFezN8srHE64Ehm4s5zwG1Mq_RMoDcwdtvoefe5g8gXx1lAE2mTqkIgQ4Gr4iPD84LJzSVX7TBsrwOvnPscnyiguSvXlyWb8U7fTDEK0shsz7yInKKJnms_yN0rIAaevaT8dTP_qic2pVCwFWGxxmEP0IIaLurwyKWwoiU/xybDEiHuGXeg5a5GHa8yFo0oBzt1JOh2VN83PmxSUIg),€21.40,Restauration,
5/31/2022,Houilles,Le Ventre Gris ,84333754400012,Restauration traditionnelle ,Déjeuner Maitre de conférence Sciences Po. ,Screenshot of madada.fr on 2023-10-27 at 14.01.04.png (https://v5.airtableusercontent.com/v3/u/58/58/1791108000000/YAr1t86KemtBsCr0fjP_Ng/msBUI_5QtY3KbC3qRMQZpvLM_beD07AvvZzk6qEfd9qEtqjkHe1XHK4SgVckUCGqJS7_LJW1Tj65Cv4mACIxpG1YtSlWp8UktIUKWfNJ75oBYCWCMcJbaYRmrcuqkhrLcD0UT0c2kd29m2FeywQiBa03bpXA9iuCj3n-bFo9-3qbMCWm8J4jgN3Kq-NXhARo/VVg3wXPUYY94WKa2zR-IMwy03hNQ_lohGtQGPMXMSBM),€189.50,Restauration,
7/29/2022,Houilles,Le Ventre Gris ,84333754400012,Restauration traditionnelle ,Déjeuner direction générale ,Screenshot of madada.fr on 2023-10-27 at 14.03.03.png (https://v5.airtableusercontent.com/v3/u/58/58/1791108000000/aArrMDQYLQdM3E-WNg1kug/c9nKukPOPqAJzKN6g_CFAGMkpBKg1NVHZipbOwMDzpa2QH9PPuBhfBIZxbbu5i-zfw3cf92K-6KuHaQG31RuD64YVIXP2l6fzgaRBEU_BaHfexMuEJqx_R7BCgIknnicfGQSTJQGEBoGSTwvkjbgft5iXQLnYWfcmiaMutG1J96T55zMniTVhnI-YcalY2ib/hur1q_9-0kzlCPYE8oo3BHGxgfID4Y9suh4XRdmcBdg),€410.50,Restauration,
9/5/2022,Houilles,Uber,53945494200043,Autres activités de soutien aux entreprises n.c.a.,Trajet Agence grand public aller,Screenshot of madada.fr on 2023-10-27 at 14.03.54.png (https://v5.airtableusercontent.com/v3/u/58/58/1791108000000/XtACNFg-uPFK7N4ynObMKw/pNbIGgaAc_Y17-VGvC-MQg-SC0xvRrjBSw2kilkPa-b9rqLjoJJOY_-5pfW13yLxDxlpzbCTMLBohy7LnczLIX8d5l_KG6eUTfEqdkcSQl5yNI_mgRQh_3ucC-Ute0pEj2qC2jhr1r0SlvL1K9nKK4PPGVYYjUyUXRj_DqoVL30Ucswdo5OyizLRo5vTR16z/Vuf3NaRZtoASJc28Fhdjji9mLKZ_PchXdKj-dHQKLAY),€36.49,Transport,
9/5/2022,Houilles,Uber,53945494200043,Autres activités de soutien aux entreprises n.c.a.,Trajet Agence Grand Public retour ,Screenshot of madada.fr on 2023-10-27 at 14.04.43.png (https://v5.airtableusercontent.com/v3/u/58/58/1791108000000/pWJpZpdmBhQiqIeoldlLng/CoU2adXJFpk8yNpYvqa_JUd-edrhmNU40maixvZ8duBgZ9JnByRXva8uBpy9ptNrU4LGPWcEfZzo92a-6yMJCGzcIX405wiExyTYM9NbMto2NQFvHtYCb5iFa8mJ5XQ2CQ2J2qABmlin9zy-xtrN0SQKjSY8Cc4061nHs0W1atp58ISj0NkWl7c3R-6DAmtH/txIGL2UQNi2Uwre1yDJ20NjY7ndFuDpcfhxVB_RRJvc),€38.26,Transport,
11/23/2022,Houilles,Uber,53945494200043,Autres activités de soutien aux entreprises n.c.a.,Trajet Houilles salon des maires porte de Versailles ,Screenshot of madada.fr on 2023-10-27 at 14.05.57.png (https://v5.airtableusercontent.com/v3/u/58/58/1791108000000/bW7yLsEpIk8o1FO3lKi-HA/mEbagnagkTHFsWJLLgfY4HlEqT7HKqDvn69rRKhgjXiF_uT0D49uB2-ubITIPtinRdiTJbZ2azyNacKY4k6Ure-nZwBFBI-5ptc37pAJL6ItXkRjT1vkW_vz74Yne8iMi71JlzSIpph_eP35Pjy1HZ2O9qpc0EsvyNN4Jdtc09eb8P9MuYujzXJ4yRoYbNHf/Wra5ZY6sDzXQcnQZdXcRH0c48JFC4SsrvrOSwMj4gk0),€39.41,Transport,
11/23/2022,Houilles,Uber,53945494200043,Autres activités de soutien aux entreprises n.c.a,Trajet porte de Versailles-Place Beauveau-Réunion des maires ,Screenshot of madada.fr on 2023-10-27 at 14.06.48.png (https://v5.airtableusercontent.com/v3/u/58/58/1791108000000/7YI8EO4wjz_DokKKwRzwNQ/uDN7bi8IQ04cnZ0gG6fvMPXqVyzZSWb8kf2orBBSpjwXbWAjQdZpUMzlAZqcVqN8irv1BENHS_B6h9ECHb4srJ2zC6nFZaglL5MCH3V_1ME8JMLkZAf3RG6cUFSBq7T1k2XTGqq_tHw-q1jK8VLAMq2FZcfKHCwc8vDVMWwvL_3-F71dmCG2gc0mfH__h5sN/sbw_F_20dLvKtIx1WU47y6fevxIRydTpSSvl9fKZlgs),€18.51,Transport,
11/23/2022,Houilles,Uber,53945494200043,Autres activités de soutien aux entreprises n.c.a,Trajet place Beauveau- Houilles ,Screenshot of madada.fr on 2023-10-27 at 14.07.55.png (https://v5.airtableusercontent.com/v3/u/58/58/1791108000000/dOa9GITYQ-9Y854lWu5OYQ/XfcVnUuZCC-nM2xgzFE4hpOgiEvqtIU18c5iQjvaqB303_H4cFlGivztaSsDb_rC4-iS3HBzNFLEqG8ADNzlgFRqMPsL7_6hmd3nd0x7j2j2M8YeJDF1XnBQsEEqCj6IvbXrZuiADjRnY3GYO-vRBI4ne6nhBAekPJjZKCfYFg1TVuTufj9Rzgr6UC2L2N47/lpRNH7Dn2Y_ZoZ7VRG3kiiFEROWO9aRfAgZiKiQprtc),€51.63,Transport,
2/1/2023,Houilles,Uber,,Transport,Trajet CRIF AR,Screenshot of madada.fr on 2023-11-09 at 01.18.56.png (https://v5.airtableusercontent.com/v3/u/58/58/1791108000000/hYHOPUzS2Z36FGddkJNWYQ/YxdF97LJ85v-3kl6FY6lh8UeCuKb_Rkd3doNM_A3EB3lFoAN9N2U_PBraPgu0KGmXEgasUIdqy9u01lV1AwaipSUyF3-FRQ4b1hM5SnuTYV9VbQJAJD7a-ailMg8sAJektdxEI3e0x13j8wEDgB76xDfpznucHCFlnz4-ylVC_60b_PWxxX5gf6UmE4_nRmY/QlVlE_QtIzy6IXAuTFNfGa34RrRkDkhM4D6r16pvsws),€60.26,Transport,
3/15/2023,Houilles,Indigo,,Parking,Ticket parking réunion saint-germain - accueil gens du voyage,Screenshot of madada.fr on 2023-11-09 at 01.20.22.png (https://v5.airtableusercontent.com/v3/u/58/58/1791108000000/ax4psF4o9XTIPa6Pxp8fJQ/cCn1V6KjdxU-pwvjhYrbJpqbs5eRUand0iX-M2_y2lZj69Qmj77aEk-aIRs5QZRuyNd6lTA1Na84scB0Vu7BK1WuhcOB7v-iEtNdRi5dEMWuNBCdghfl9Fem28VE1T81rLTEC0b2ydVOX0O-d4Cn3I4dwrte12Z-NcUPNlVnDZF-QNg1a9sSGsTy1xzsg8cs/7AuWpbyA75otc91HyXn2AN2kpXzSFd3FccdBX_VvQro),€4.20,Transport,
4/4/2023,Houilles,Uber,,Transport,Trajet préfecture de région AR,Screenshot of madada.fr on 2023-11-09 at 01.20.49.png (https://v5.airtableusercontent.com/v3/u/58/58/1791108000000/EfygvbzF-RGkg-mx1a9hBg/yyjSo-bNvUXoC0pwf-kz4e0ZYsiOwJ3ZF8Lpvilr-lRoRgsxzwWc50zWJU512VPnIG5vnt_f3Uy049Cw3ajvEJLZH-rnwxJBxtF_ZNt2x7YJM4cQd8Uf-o_Kf6u-s-ID6cAGrVZv-x7WtWkDPV2y93ISvGMp6TSkFmUWL76gmXtLvG7pRQp85uUKCRy_Gd5U/_QwqGitWpuujxuUgzyDSSogMIBh9r8VdH0jPZeNiP_c),€76.67,Transport,
9/6/2023,Houilles,Uber,,Transport,Trajet tribunal de commerce,Screenshot of madada.fr on 2023-11-09 at 01.22.21.png (https://v5.airtableusercontent.com/v3/u/58/58/1791108000000/lCoFlp80N7qTgvMIbqH4iQ/OaWYOvWBWdcYJ0Sjt5-73NZIh0WVU4xHmoBAY4m0gs4u4QYlFv9xJG82fNPWZNzIRfRmIvbuVzHr7PDaY10oW52A4HDkEHQp1ADHCJzbDnuo-5pph5nyYQqh_WJTQhB3QtSv6OZ2T-EGqNySsyaTldVy4l8iqT9IRdO7vp_ayZ9eJz11gjf_FaHY8Jot7o4p/7Am_4wWkqDL08cd1JhKYJxIfuX91RqfDYGIpK2uWDsI),€47.28,Transport,
9/6/2023,Houilles,RATP,,Transport,Billets retour,Screenshot of madada.fr on 2023-11-09 at 01.22.53.png (https://v5.airtableusercontent.com/v3/u/58/58/1791108000000/3YOyL9fFe8XQLqF8ehrHRQ/mnWrd2HV7dDOdIXNc7POS9D-05MAEmallxFbLoaH3whwOIW23hT1vilbQ_YtbqUOwi57FY2iaky74-rMxScsusPKiefL-hWIDyGLSJINhcx769mtDqaodLxnKqBNY0etRiggtSFVYMelQgXa6n6xAqJviEiAeoEbSa-PRcWQc6appUOe7eP-xQ0X9OrcW5tj/Sb6zCHT1nhTZlbBzBJHBfV0pJOvHl2P9Pq7Ebubkztk),€8.10,Transport,
11/26/2021,Jouy-en-Josas,Hôtel Franco,,Hôtel,Nuitée chambre standard (déplacement à Yaoundé),Screenshot of madada.fr on 2023-11-01 at 10.59.53.png (https://v5.airtableusercontent.com/v3/u/58/58/1791108000000/SIIBryPIP40sM3y1bbVElQ/agGe8xzaNo0sWmrKtc0uSmGAEetLpmZTUS0Pc2ukxpazFJmFtwqFECXNjB49l2_j1iuJ5Q3Nphg-d0sefhdbQGzMBHDg0ghK5wapag54-vq2IA0hPrc-Wav6JBFSftg-PZPowntyjfGs0R-RyKNFv35SeCF3_GDTLx4_YIqlZN9bNCDJDef220T_X1M4s1uC/gqvTpH30r5wQhPhn-gz6q7vG2afYvf2ppJTlgHyYnFE),€76.92,Hôtel,
12/7/2021,Jouy-en-Josas,République du Cameroun,,Service public,visa,"Screenshot of madada.fr on 2023-11-01 at 11.00.53.png (https://v5.airtableusercontent.com/v3/u/58/58/1791108000000/zKIZGMlqhYCgPvAlFPROYA/JjqXJKiBPs7PlzZ-NVf24hKsCwxbSAjxvEz-KE26EEQ0Uhehtibs8j1tuQXmFcHmqFQlVnVNRnEYG7VhcS_M6fwaA7hzQplvVMwXZiGdstautAvgd6Wvt__PkUwp_0tye5boYdWIltdGpb31ZZ9Wpk_-dI4Kog2LW9kqVqMtupJMv3jVUjo_s_yB8Xk72Hf7/8tInjSdvlVQ1zPv87dhZrYLIWHJptATyKJFupHFWdeM),Screenshot of madada.fr on 2023-11-01 at 11.01.02.png (https://v5.airtableusercontent.com/v3/u/58/58/1791108000000/BmWoW7qsUwI8K_86Cspvaw/xEBOmilg4Kr7lMl7y5-k339emOzc7svBllHaCj27vsoYOrHCTOHv5cnu9rTPElUCGXSqeCcbdNe_Ui9WSciHraY625UNlDCzz7ONmXith9dfC9PnpQGVkQDAGSpHEYVqYrfDiVubu9e6QieoNVFSANc6IO_YkYrbVnBNERtt4AwNYbmwgDRWw2l-sHUwk17a/CXzTlQ_oLr3pxYifUWl2_3CYQiiYak7nAzriE5-Hr8U),Screenshot of madada.fr on 2023-11-01 at 11.01.09.png (https://v5.airtableusercontent.com/v3/u/58/58/1791108000000/Esxle8hHrJiHmSPCJQM5Yg/VZwOH_KtytH22quWM1I-Pn3SRpIUg2SlihOUHsVuxVTm8VVnugrvlfAk00esuT8xj4XXalBJgx0w4U3AU4g6FKusmoUJIHXGgalQz5loM1BmntB78LCKLWqa9DsHFa6FlkKJtPzplJoRvmN0atb5_j9f47wCUl09HYOgOAyEifyRY1Iw2hOvJpc4X53Ucidv/dyAwI4M7wJyBo7-Y24-cGjiwBNTZvkAr-78tR5dC9Mw),image.png (https://v5.airtableusercontent.com/v3/u/58/58/1791108000000/tjrzYtPp8v6HZVbhKp3tWg/yam0PhJhFRDjKpqNB8WtrBHq_MeNNQgCaRydLvZIAH_krtN-pVMsow28vBnYKZwNGl14LYmBOcACVMX_6YtkZaOUmPt3F0Z9ayBT1WbqgI1e8uJ1WWf9gLgxb35FKCs0YbmgNXaWaoY_44TiqJESqA/owVBrK5xCs2BZse-jueGqrDEdgia0WOm8EV2x4MW4yc)",€115.00,Transport,
9/6/2021,Jouy-en-Josas,Bab Tankstelle & Esso Express,,Station essence,Essence ,Screenshot of madada.fr on 2023-11-01 at 11.04.11.png (https://v5.airtableusercontent.com/v3/u/58/58/1791108000000/9tGKXZ2dp2MxbxBzdxKwkw/xgwhmvO6dSD4gFVNFzlUMZKvZRRzbXE3LLmnrm_SejzbIYWBJ-ZlteiRUyTz7RqjBmXVd5igAw8vDvSLuSiN94VMyWmx-Hje-KNzMfBvYqtk6I4v9MfOqCFwttA4CywRfvvVbSkM3mJOmWs7YtH2xeNg3TtFIBgmiPVwUAq0mlmmQKsb81xtvNcH5mwdJwTy/UTu5ivebV-o_iCNGsS5lgP-jhkNCvVNK64e7BRI70aA),€172.89,Transport,
10/20/2021,Jouy-en-Josas,Ulys,,Transport,péage meckesheim,"Screenshot of madada.fr on 2023-11-01 at 11.05.49.png (https://v5.airtableusercontent.com/v3/u/58/58/1791108000000/u3QvbpdXpXDXC9uOQgWaUw/5nVg10ULCmgRG1bEr2ctpwHs3B86x0BdbWqSEYhbpCB7z6QpRqMqEMljaApXhIJ5AadzpevB1k0mwOENXxtZ2qKXiipUHDzVxiWr-6NiDzcaGU8py1vs3kB5dcIoVHP84By6wWndtSEGcttoUljxZLs4meISpUlCptO7KPONb6byetrYoPIlIOJVgdaLrXPR/-11HAY_218hPs3x9YzJ6t3PXDtSOKibW1IttROPLTWk),Screenshot of madada.fr on 2023-11-01 at 11.05.56.png (https://v5.airtableusercontent.com/v3/u/58/58/1791108000000/YpBGBd3X0BORBZDf0OLtFQ/eSxttdHL2gbZBc3MeF9padLqfHCvvJBsMIAD8A3BMNdl5-jg2iqx20TV9fbLM37urDvz-szOrcAp-MQX6y2mDMEpfHORpsV8tTvABvqeWJOcMwtF9-pA8UTQzpCiPw4od57swM_StISs_e1ACeFP699LDWLtvxkhmAvrc_KzrXwf7t5RB1W0joE-q9LP7mwb/fq2KDCxGooRjxvo8_pTG6_Q420oA4yl1FVCr_JHm_PY)",€63.80,Transport,
,La Calmette,AUCUNE NOTE DE FRAIS,,,,,€0.00,,
11/30/2021,La Charité-sur-Loire,SNCF,55204944776279,Transport ferroviaire interurbain de voyageurs,Trajet AR La Charité sur Loire- Paris,"Screenshot of madada.fr on 2023-11-08 at 22.20.01.png (https://v5.airtableusercontent.com/v3/u/58/58/1791108000000/bDd54GmFJ2HE9fmY8-4DfA/pS9c-QeTJMtIlAH1nrxzTnjd3HgDGC1WOpcENF6CZtd2hNqI-zyAL8WvakPN4562uXJK53UAmeJOxR-ua8XwqDlUvbOmecYQSh_Ay9J_cJs2VAMHcobhOirf_k9rYhHDlaRH-D55Si76OufsS-yYOj21OVhyos4XOF4z8hledKuZ9rYTi_u1jYgu-eEOyieG/XoAnfQmi0bUR0vFiuIw72fUZNeAYx6HhmYoGyUsE1m0),Screenshot of madada.fr on 2023-11-08 at 22.20.07.png (https://v5.airtableusercontent.com/v3/u/58/58/1791108000000/BXRN3QhdUHewfiaILqvR6g/TQIUydXfF9P06MadhD0OqOFkvmEMmet9ONlb2TPzveoABg9e47abmHiTCmwbczarzM5qoMa4DexFzeg6DbrZlxwe3cbHUOSUQFsHqs-LZbz3WGrbwzwbGCF5Zc9Zo6kf5_UnMFuUe2OkcaJj7IubPXUypIElWkp_GyuFVxxzvf7uOK-AM5rE_f-vjikHpV2N/sME_-JNGdzV56FfHConOUowK70ZNRD4QepW7fA5H9WY),Screenshot of madada.fr on 2023-11-08 at 22.20.20.png (https://v5.airtableusercontent.com/v3/u/58/58/1791108000000/O9xoXbMQeWgOW8oRDyyTGw/nSocYvub218qKKh9n90QVP7R2p-zmuMAZMvqBPIs9com8ZwHPH9tIQc9bv0fRvm3mAujkCsJ8BywCAGVRNRjT72AEKNdTnK8AN1n4l7R9Ja39hz_GiWT7RpCZ2m1ZRWpjWsYsCV0VY53m_0zWbUJZ-s8iEvu53jIj-h43pQ90EXPczUN4KaqtydIuQ56mAQj/oMNZ8AOrRQz9OlWGc0Chz9VrTa2WmRlrFcTDFwFkUM0)",€72.00,Transport,
11/30/2021,La Charité-sur-Loire,YOOMA URBAN LODGE,53453120700023,Hôtels et hébergement similaire,1 chambre d'hôtel,Screenshot of madada.fr on 2023-11-08 at 22.21.15.png (https://v5.airtableusercontent.com/v3/u/58/58/1791108000000/Smf1dQEcmvcQyvtvc39vew/Nx0TV3DD1FN-_IB8N7wr7_FO9nsAGqDQ2pFRMi9moYqWvftzY2nc2yuTyZJfGVyMZyn6qLL0PJH77vXT9p3lLLdrDnXQUr5ljDI-9pFRm_bQSdyo65oHObaFbmnqIeDdLVk8L0x27DUS3PtGVh0ahNSt2MWSqh6Li8XgHKkBNvzYfqzcWCLeU--UUyVHTfXC/MnJQYmB2cKWboc7kYNAVkcdt15CCjeuWQDdpWQDWl5A),€158.63,Hôtel,
11/17/2021,La Charité-sur-Loire,La taverne grecque,,Restauration,1 repas,Screenshot of madada.fr on 2023-11-08 at 22.21.57.png (https://v5.airtableusercontent.com/v3/u/58/58/1791108000000/Bnw81J4LPFW-sRPJoABdSg/qnm5KJM6kxBzCtMpsDe3UZix_jdl9XYrm-K62jU3gHP50y5M6oX2DIp-SfMbev4aUF9Y9wf8dVbQ3VH2_27EIasPHWXSOgqdiLwJjtj0hdSsgSSptNHEjQsCXuTHgpY9LYijAZCakDPk6Iujkd5ADopt1zoIlMGaGIWsPUKQ9MKxbgffcbDJKf39-R7qSYKH/dU63kHTS-n4m1Mp8PxR-3ofyuLE5iY5iJQfbMU6QrcI),€26.50,Restauration,
9/19/2022,La Charité-sur-Loire,ALIAE,84444037000030,Services auxiliaires des transports terrestres,Péage,"Screenshot of madada.fr on 2023-11-08 at 22.23.03.png (https://v5.airtableusercontent.com/v3/u/58/58/1791108000000/Bt8t21I7kwH7jGdzUOXgcw/38J0besi9hJw7ivcTHxqfcEjq43qdlOf7MFcNwBypMyHRZr90mG1RTyooajnA9nCKzRJeSrYWFa9cceJKQD5LQI6uCGttgswNevhj4YPszVBmJiMbqg_jh4sriOQfGbrwCk2RhYa0CAOYdOdWYGUsw4qfKS4VjDXF-gOXFTLUfbbF47dE9lfE25axk9WSseH/xLj4qsnnmTIiW1GqyyZuuD8Xckz_nF5TN_qEW3w0W0s),Screenshot of madada.fr on 2023-11-08 at 22.23.23.png (https://v5.airtableusercontent.com/v3/u/58/58/1791108000000/5q2P8dp3zYhIBgETAGcMNQ/2P7s6e7--8Ndfzy80Ke358kCDEAVzjieGK_AiK1U7GSheiYfudZQcguETAulHn8Q4jDiXiCzO6jiFMuGBP-7iMmIm-j6i3V7ajoMa11gXhNTKoiPPNZSRopI_HfPiiVWHOgaATyj9KPTSE7GLbimaWh4s9Nr2IXy-ycNqsWjt3LPoMRlMurBu6Rrfer0YvSa/yl_eaVnHyLA6yu0rs8u8uJLw-iZkGd-15dl2TFTAae4)",€6.50,Transport,
9/19/2022,La Charité-sur-Loire,APRR (SAPRR),01625002900309,Services auxiliaires des transports terrestres,Péage,Screenshot of madada.fr on 2023-11-08 at 22.24.24.png (https://v5.airtableusercontent.com/v3/u/58/58/1791108000000/Y7woHyDInr-6BWXTN7W0vQ/RGcUjShXT-2FScYuWIcAKe7a_aWZcH6Jrw5KrAp0k_m2zcxGyBvnF4YaTlU5J_-5DA48CpMKM1uFRLhyKRjRGuc4nkhfqsHqOEiOfhqz-hWGws5XImsJgHQGTbCFAExgqqroRKF9fJ4PvyLG-ddX6dasGHx_klvr6hxa0ZF-eV-zCS7XOtU3qxSzT79-MaIh/uGuocFOpxI8jb7-06J_8tqcfwL_PEN1JfLtoE17sGmk),€6.50,Transport,
9/19/2022,La Charité-sur-Loire,,,Transport,Frais de transport,Screenshot of madada.fr on 2023-11-08 at 22.25.30.png (https://v5.airtableusercontent.com/v3/u/58/58/1791108000000/nROEweqLzZLdG2iPWVxH8Q/QFtw2FUyKJkOrYbJ3oNQyaa386gTecDVKuQO3MfRVO-cdX3-9hJ-ksxwnVq7eLC4G3h3gKkT-n1B6QhfzzI5ERUKW70rIP0wO11qxWo1X8Cq8KJRTYO99j_rJ81ydZksBnwvmjn9z2hdOluN0uiQ8zklaH2nzXBKEfwf81ooGMlme0Dd9YU8c58NG59I0uKs/JbW2gOPwqjuHvuY86IwWNN4wLwIJ0OwEvsS6f8DvViE),€135.04,Transport,
6/30/2021,La Rochelle,Pizzeria Nonno Léo,849074661,Restauration de type rapide,6 repas : déjeuner travail communication,"Screenshot of madada.fr on 2023-10-28 at 18.43.32.png (https://v5.airtableusercontent.com/v3/u/58/58/1791108000000/54MMV2lYDB_J6Ifv-FRQNw/_i-AxaaaI8YPZD465dALJ_j46tLigap-tXhQcoGKZJbWsWEBVW85ZSBuuziECiLQeIsVVVqxbXGYNnbXGaPY423T7_lOyu06v31MzQ4pNGwsuudeyqDFR-6aRjmtoQfs_PWfbayB-cYDzLBzNbnTL0coB9lKp8af1EGC3gHiYbR9IKE13XH5IwoXKFvS3g8f/IKzsKORtgrMYADr923SgNqm3jWvNDz8LGcuC1iIG-7s),image.png (https://v5.airtableusercontent.com/v3/u/58/58/1791108000000/a-g3Kw8h8e_mFxnATyWYsQ/FcUQQ4SIdL6b7mTqxatCZ74kEFZobqQgwgwwKIwWL6QjriG6Q3pMhh_krv1rn0xoOlRXDNCAC2YhXvvqzTnSzNlIkGRsGvmnCYypGckKGKscge69ad1ukAgyAYhUf6vefFuTnIjX5sjFMg2W_IgctA/4QQYVxZEFQcaJwgpzwUtIumMPTz3hBm6eSmKuhQz8GE)",€100.00,Restauration,
7/8/2021,La Rochelle,SNCF,55204944776279,Transport ferroviaire interurbain de voyageurs,Réunion Elysée,"Screenshot of madada.fr on 2023-10-28 at 18.45.16.png (https://v5.airtableusercontent.com/v3/u/58/58/1791108000000/WF4MEoHXGtt8QDKMKi544Q/2Ei_CQSzAr9ev_vn5UHNDo0JNNhw54enzFvnBoOxtGq7SDlkFEK0PetY--nkTW_UjHg6iB58jnt8P5dtR26YskVo5R3K2Q5JgfPLR0UErLCbeGthanCGwnV3t5e5RA6-9TEMR_6zFT9NzqvuPcr_4j6isnYCadr4okOQLs8Y0NqOs-cNx9KW0ZwkcensNG3W/knb85GUwu3p-frv6-M6WB35M1gRzqoBMECvi7Mmz_r4),image.png (https://v5.airtableusercontent.com/v3/u/58/58/1791108000000/o0hmJZsW58eAKG02XRPg6A/iFYVzUKHChMNShG_m3w9iPINWtDn-wswebkpQoLW2BSQD0rkmslg3XJzvqUB19SGfwYZoX8KBdOyE9wTc2_AiXwx85eJdsxFgSYVZixH-2NYZxh_k72phg30iWiXAQwwChNAv-oCQkJ9rbA0A_GSNw/ImEE0qG9Mog8EIgL8Y2QsO8PnMiFwgn_bjQrd5H_ejc)",€91.00,Transport,
7/10/2021,La Rochelle,CHR EXPLOITATION SAS,81842390700026,Restauration traditionnelle ,Restauration : invitation Mme Poivre d'Arvor,"Screenshot of madada.fr on 2023-10-28 at 18.46.26.png (https://v5.airtableusercontent.com/v3/u/58/58/1791108000000/gWgyrgiWQ-_NC8ADanzQNA/9ZdeQSYqOa6MvPYCqT_qNapFxiiqgBTn6sQ7DBgX72aqmfsW6EepbJj1T2eJSWgfcqo8bys8JloVAynhl5bppySb-lXF5RCGJ-aCVqwCZuE7uvADnaEB42T4Xryy2PNERaHi-ME9peQQbmn-w0Mk-zAMinXevu3aN8pF-X2Z0Q3yvp4qlIAwKbkO_rT8AHcK/GxYTfZ-q_dMRUgzruFNKN_csO1EaMTZVVBX_nC_ibKc),image.png (https://v5.airtableusercontent.com/v3/u/58/58/1791108000000/Fi8a048-74wy-vVLWW3YQg/_wp_jTIrnV6I3YQYcQqziRsVsjMP4XuL0KZLD9L5nJ0RPsTaG7SpM3Xiu33htA0veLniHbUIdPPxxrhBiJtBIv5G3M8hTfx9kj2QRBflDLihAafqxAIx38fJYvLkhL_SSwZ41_AOcr222olWWZ-vLA/tOrfmB-zu4q8H_bsxxf2yl6PdhqVCyAXA8F-04Anc2A)",€131.70,Restauration,
7/13/2021,La Rochelle,OPHEDINE (BRIT HOTEL-BRASSERIE DU CAP),41219272600021,Restauration,Déjeuner de travail Convention ville/CCAS,"Screenshot of madada.fr on 2023-10-28 at 18.48.42.png (https://v5.airtableusercontent.com/v3/u/58/58/1791108000000/P8svdrGfyuwWu_0xQoBkCg/m0wWYvT8uetpzE6mmA4VvjTg_X9Avqe9Duzb76cB0zqOZPjkdS6Yb2hQ7sazTULrA_8MD6R5CxFcbHbOC8jPrXEkPP7lH_GYFebvQm0AV5bUaVX0jK_LP555cGcevyfV3Bb4wAcpjJI70n2i00jOYHneFZiK5dD-7Mow0B987m8JNjjLEsYgO6rtLU9XPu1_/py-FxeRVmBJKcKTrIheFeZasj_8ZSi_-yXVRMqbb9kk),image.png (https://v5.airtableusercontent.com/v3/u/58/58/1791108000000/9iRtmELzb1XttFBtvaOrjg/_iwL9Tzl0Fde8z4Yoy-pDVGA4DDNajOm214i3tWcls4yy5IfEVXztYhfrqfuNvFQC7ZPG2tzeSGHUjXssd5ISgjE8WJWB7Zc6G7NZBSLDXQRBvwbgymK2wxZVxwXaAt_d7kDzW5CiJWrBiCO5k2Cbw/8HQO3EOJQcJZE8rt9MmnNEQGuHQk4s06AclE1ultjG8)",€242.05,Restauration,
9/15/2021,La Rochelle,Taxi riviera,,Transport,Assises de l'économie de la mer - Taxi,"Screenshot of madada.fr on 2023-10-28 at 18.50.40.png (https://v5.airtableusercontent.com/v3/u/58/58/1791108000000/bDnnuCj-4oHdYzMSTrLKGQ/-IUtYl9gBsGkqMbZRlVIjdeZoBWdtxNzNMXgu9a96dAchSuQZE3_06abiSZDOPbk0akKs2Y-Nyl3CpGPS3OGa6n8h6Wk7BUPf3nfIVI67wj5A6UkynEgvis8KIHlvf2NZhmpi3_aKoOS6vmiMbJH6ch-PUv5u_CFDP6FZa6D7U9vToTMpdbtzIwoNxOblPxT/NkEgrp03csyxTz2bG2zlAtAuCm0YSL5BBQqeaOokhqo),image.png (https://v5.airtableusercontent.com/v3/u/58/58/1791108000000/-tKGMCutQwIkstprEpKYiQ/HRP--fR2-S-wmuhSfRivXXlkwWd2Kdy-UPpYbo9nwhM6bU3w88acwgsrAoir0Ztin35-muRh6rM4kewx5y8DrhzSWE4mhVjDKJgEwWKWoSavCWw4otD6vO4qJsNU3Cpj2qZHxZTe494nPl-_02NY9g/d8Ch5yWCvo8iJXTza3NzQmoIanonBqVlxkyIE0B93tU)",€40.00,Transport,
11/17/2021,La Rochelle,DRUGSTORE CHAMPS ELYSEES (PUBLICISDRUGSTORE),39151732300013,Restauration traditionnelle ,4 couverts ( déplacement : cérémonie grand prix des Maires),Screenshot of madada.fr on 2023-10-28 at 18.51.38.png (https://v5.airtableusercontent.com/v3/u/58/58/1791108000000/pTTXFeImDPwtqPc5oVRlGA/ylfEy17eAFzcol9WXhjlh6IponDsAymIT5NpeleoWn4875TUsgbOEChMxxdlf--IPVrTj3Y4YhgLSO-KTMNRo0M582QwCGqCqhy-3XQ3IMa2YGW0nl9_zqIz3sPrCGX_0tPS59O1Ad89FTMnGdWtpU9pJq7Dhr4kkW4hfq3731Y6h3oYy2rQpfj9VDD_vXK8/7yfhq_p35V4GurmFaX76ZsdFxkgIDDXZSArIqwPayvc),€138.00,Restauration,
11/18/2021,La Rochelle,SAMAX (BARANIMO),44051346300032,Restauration traditionnelle ,restauration,"Screenshot of madada.fr on 2023-10-28 at 18.53.38.png (https://v5.airtableusercontent.com/v3/u/58/58/1791108000000/BThvwHDGB1fr_QSRARb28A/JY42OzUecOKducCY_o_42Ev2aMJ_3OTCBq8N8TleeBeb48Qb2MB_BLOz5gJtyKwrmTrrigAiaxO5oLIlZuPYfLGnQ-0aObCbPFOBMRU0ib6erYutQe-KSQJ7EgY3jr3akX3NXq3xtBYQZ82bY_XrwCRItyPv0GAkoTVrt2iFtA3MDRsFfhANQnQriXnwHh-d/avFiJ3fJsQ0qIiLmeY5d2mJzWX9fthU6u9dmLdNffa4),image.png (https://v5.airtableusercontent.com/v3/u/58/58/1791108000000/YOYXS3VpUB470oo46QshFQ/WJW4fnNfI5yTiaaNwe1V4y4tdMVvdBqYsmjIuEuR3Nl_MHhAElHq5HeYTWPjj-xqLllpO1OIKqLQegPd3EGJB3nomahQBDXZXR0hwK6HeZWSfB1ucFYFH90d_VKyonhzNk33eLb63uBCHZQL9243fw/4j9KS8Ndki7za2fM_RQW_BXdmWsfeKrBd6m_AJ_gpO8)",€92.70,Restauration,
11/17/2021,La Rochelle,Taxi Parisien,,Transport,trajet de taxi,"Screenshot of madada.fr on 2023-10-28 at 18.56.38.png (https://v5.airtableusercontent.com/v3/u/58/58/1791108000000/3CNALhGmlJ_vGS_G2S9l4w/_zRoeTASQAo8dsyUWsaXQE27YlBmBshIov_kbkxeunzxH8ZLl1IyGgSeKZ2SNKfvyAhR4Ced9xU-v_k3_WbGV3W9-e43OemBcxDFLhsHeX8yJyo-P1Ke2Lxunhv-QIiKUZYH5uRyWW1xJtql22jbWuwqsJ2LJQvSpHJD0YdX1krR5-Fl6tJvZ9_s9IdYt7Wi/XkTAsbtqytJslorCr1lhLNZIGLyDvrZ3t40N52S9HOw),image.png (https://v5.airtableusercontent.com/v3/u/58/58/1791108000000/bM9sfSye2pWcXpWI4N_zfw/6o7ZOebrCggGNBnzSyHhJRhVq-ZMLdOYrZih4Y6MMnRuf2HJ9vTFseZnzvp8Q4iJJPpAVvZBCTA1qtTU93ZZSCqMGhxJxEgAvge38iONSeIDwbUh-ybMQJO_ZYSu1fwjBdgpw_gbggdfSuEo55fqOQ/ph4A5ApOa-kHAZpDx7zb9XU6pw9YDSxWSdrqcCXo-cM)",€73.60,Transport,
4/26/2023,La Rochelle,LE POMPON (LE POMPON),53038258900014,Restauration traditionnelle ,restauration (présentation travaux de l'IFGP),"Screenshot of madada.fr on 2023-10-28 at 18.59.01.png (https://v5.airtableusercontent.com/v3/u/58/58/1791108000000/P7yiZI9uTkcGM-g69RrXHQ/hD-pmxEY4N0YxthJ3j36pe1Lw7ZSizHz4mv7CSjAr4LUlJO8w76p0ANSA_U8clQN93zpUoEdT_wMD532UhEbFVn7VK2Sk_JE_XMPUWKMMFccw4oU9gc6nNNTPfUT1dkt7BeljrrnmT9vfl24OqGKretvgkZMs_q7wMCgn2GeH7jrkq-ocPylshRMx6KcjNXw/8qq0qt6Dh8wvI8GEQ3COCppOpNx0NRnj_L8eENYaZrY),Screenshot of madada.fr on 2023-10-28 at 18.59.54.png (https://v5.airtableusercontent.com/v3/u/58/58/1791108000000/ffyyRC3PSHeRc2do2oLgJw/QpqqpfQOjstg3e3a1FmuxzskLJg6_92HfSG59QRmQR-zQIWEKGFhpVsoVVdvBX6AZZCf5481b95H52vsKq4C_wZ1DHScoBtnjuyZf7rawar2toawNzynQxZtBDvXklifkolKSAmmXbOG19PTwB3Y2_15MysFGpmuJCXpetdAcgo4Jte4QAhjh-LwHM4rTL8J/ojRc-D-0ZGFiBSbTlDnGXtx4asUKzyT7ArX8FK1Gj2Q)",€216.30,Restauration,
2/9/2023,La Rochelle,BECHANGEUR 33 A10,,Transport,Péage,"Screenshot of madada.fr on 2023-10-28 at 19.00.11.png (https://v5.airtableusercontent.com/v3/u/58/58/1791108000000/tw-oeqmkTcMUb_WzafuOTg/MXLjf3rLK4j_vvE5N_yJhgcVYyuHWfkaTpZu_4l8EDDd27_Aat_QJ5nnSSuVXIYUozDSfuEUi0ie-gB5DWyQQvYZL-bI9bTaAS0PH8tLIonvfB5g7-JPrWJb-DOYLDTWqm6Qp9cHgs8aQFcocDT9qmIwTCO7GQ7U4lImoIbA4pk4kRdC-SFnY9ca8wi47ANa/3Zu5pHLAPHCNjIi-Ea3wxd2KLYtUI1PVvOB8TBRYKo4),Screenshot of madada.fr on 2023-10-28 at 19.00.18.png (https://v5.airtableusercontent.com/v3/u/58/58/1791108000000/ED4UXdG7b8qkqAd4XfR6iQ/uOP3P1RCYqbgwxxCwL93eoMybOXk1N5J3eKy_CTbOcD5wqKsAqFm521AEKkUh-Cm69_I8ih1zRbH0f3d9TGUbLn-h1j_rCL-GzLLcBaNIyqBooXjFeHuisPdxbxWxkBEoTiVoV7yat6j2r8_pOQQxbJBoEITWYICug0YW61wJRuOICsnh-SeJjGeLRmeNaVF/kFR_7OFcQY96cG4gZiztT2i-dAwlrWr7TydHa6-Ytkk)",€9.00,Transport,
1/5/2022,La Rochelle,KOYA,89306529200011,Restauration traditionnelle ,déjeuner de travail,"Screenshot of madada.fr on 2023-10-28 at 19.02.45.png (https://v5.airtableusercontent.com/v3/u/58/58/1791108000000/eWvdhUhWu5qEqXw7FkEEsA/m8i6oBq6z60pyOLSfD5r3i8ciF6VR6ahEW3a_I6Tb09NWvC3JxWC_XRnNBYkcVDKRykpG319PsdYkcKlImEEnkgudY_-C6zwEOUoDFalrtdhGZoWFvTgQjZitqn1dwiQOONDxgX_AceFO-qb2kJ4xgsEBDRz-Mzu9Zx_PEO29DtGyrvHqwAKpaSs-jUweWp4/JJjJ9hi9_sS62bFaEdMNC3Zb-5y6wm76bXG17t7gIcA),Screenshot of madada.fr on 2023-10-28 at 19.02.54.png (https://v5.airtableusercontent.com/v3/u/58/58/1791108000000/17K7O7qwszKqyU8a6DlcDg/Ae5LnH7mWez3p4m5XHnl19s7g4I4t17KywUbpMsMhpCzqcp8IFDE8JKZIFdUAIY-Pf0fRgmP_ZC_ziSONje4BubNtkxjeL1WZQW87ymFlO0rjbDck_FSLBq0tcxsNfyv5lOCtoQSHCYzZ9f3n8SUsrKXJrPNuEazop9fYsggCwum_UoC___aDW_jFL-61GyU/YQ6YZIzR8NGWv8q2JXg2QJYHpRtB9MnbRPLmqMYMYU4)",€105.30,Restauration,
2/2/2022,La Rochelle,Saveurs dans l'R,49970660400018,Restauration,déjeuner de travail,"Screenshot of madada.fr on 2023-10-28 at 19.04.55.png (https://v5.airtableusercontent.com/v3/u/58/58/1791108000000/W54LGUHI324cMCb4Brx93w/dke22LZliTGrQxntyUFBFM3hbPoOzeYZiTQ8yeU0C0dqUQROJaGSq5-XMym1RgcvYKKBpC5mh8LiG3vDrqWJmlDno7gb9OdKB-KJDqh3cpxVn3W8T7GP_v57eiFIa5FUhSKg6uFspnAuyJekRNVfepLD0zZUnv9mRUR9eiZng_pE7PDnQq5Ht_Jgl4tqcdvF/Lq8bplMjl98p3a2V6AZxcXgTO1E2pfZeRUGt6YZS7E8),Screenshot of madada.fr on 2023-10-28 at 19.05.02.png (https://v5.airtableusercontent.com/v3/u/58/58/1791108000000/uWhopnBhQtOX6k3rbFsGZg/QlbSB6pA5At0bWnrkVG9NLSUIzVEDOdUv-oW_GiuppCWFEOz1VFaSdN91GRji3xQ_8xaGvkDbh9scF6e6WskHObvlGaLloA52gA4mWnjGIuJVRbcaLHLKwzeRqvPpONxt7W1IqSketU3QqjKo6-uzXC8Whf0bn08RyQNPs2TXAa-tLkarXAEncmXN2bxhMF-/TCL0zQudnuJmmDXrmF7zRsxENRsmtT9mg_t2wxGtIh0)",€154.50,Restauration,
2/24/2023,La Rochelle,SAS NOE,89530368300018,Restauration traditionnelle ,déjeuner accueil maire de Royau,"Screenshot of madada.fr on 2023-10-28 at 19.07.08.png (https://v5.airtableusercontent.com/v3/u/58/58/1791108000000/m0gUMPcf7o56ZuPRihzmJw/A5XTCz9KhDvcTuvebewOr4Os9fyXZ9DPJSzJQ0tyf5PyQ1FE1Ho_d0hIAidYQDyNgS8meTxw75LK6IHsJ6qs4GBuFnMe78RQwPJ3JwxcDPlbE_TbOOWCdFgFi4ro8o_qRLS4TmAQM4ZRBBhSw_mCBSZmkEEq0Cemnji4LIGDxGe7tXHswiNsXOr_mn82Av_a/fVESdXtQu7xPFkj_vat8NKpblkwhxWUFk0LR5oBxJ-k),Screenshot of madada.fr on 2023-10-28 at 19.07.14.png (https://v5.airtableusercontent.com/v3/u/58/58/1791108000000/v8Vn9MLxl3rIsIWv-YiKNg/8c9ebsF9xha0mrHWy0RIgcKIUlhD-FEcdxuR9Mb_mC9QDm9hN-AGvZ5B8T28-Li9kBipRBw7MuRRvGIVD4r63KXYiO1bA8DKUf-Rasz8NJOW0-qHVAyoaEz5pvB-6diwMw2AQ9ho6FVuRLuBIN0Q3PTrihHBrQKkVtbI6sWo3dfm5lH07IeDxAY2553Q0tf1/-vcNT2TcCr3KT-LpEwSoSRYikA-PK6n9tsBUF6S6HWI)",€175.00,Restauration,
4/6/2022,La Rochelle,LE CORNER CAFE,82505589000016,Restauration traditionnelle ,4 repas,"Screenshot of madada.fr on 2023-10-28 at 19.09.12.png (https://v5.airtableusercontent.com/v3/u/58/58/1791108000000/Qdb07fspsob2GvlvaQbp4Q/pGJCoGRz3G86nZNjnVThfEwA0ataFciAx_hQt1Hb7LJyftM7z17Cj_8D7kiMyGCPhgN5KqISembSKPz3galBAwB7FUVMpOo8ve6JbbISbC9v_MnwQuImVlPnQNQzvl0wewiEbt37ka0oP9iywk8kRovrP35iNNVMuLsht1vlg_2tXaabHj3h7d-mitu9jqVv/iBSbqiVVtoaQjdsqlcGIc1y5m19LwocB1cugWMB4JlA),Screenshot of madada.fr on 2023-10-28 at 19.09.29.png (https://v5.airtableusercontent.com/v3/u/58/58/1791108000000/llNDjoExcm8Nc_r_AdRipQ/MfWYCeheI1IzqGKSxZNkGKBnKZUNibTygJAlwXHjjr55CEYnfUNVeyNuxY6iBslGuNI8YarjfGIRVMuC6f16BGAnzTByx_qfso0G9SzLRTNok0Q0G7XzsqjgjSMYEbzUQHEMqDzj8GYydYsWAt53m_x5DZFQLZqeqAFCVr20JoJngIQ6Ermgh8ntQV_Dx26F/M0beCnvPzqVTNwbKj2Fi-htIjZ6nWvqtf3QUmZYAZfk)",€107.30,Restauration,
4/19/2022,La Rochelle,LA PALLICE,84105867000016,Restauration traditionnelle ,déjeuner de travail,Screenshot of madada.fr on 2023-10-28 at 19.11.06.png (https://v5.airtableusercontent.com/v3/u/58/58/1791108000000/VjXwL_LoGR9axDg3xIsQaw/QU17nk7GjuwSHv8kshmcIHzjY3oKKbovdnLU0B2tiil4_jY53G1CTU2zb4XY46waeJaEUHgBp6QZEO9L-JVOB0UoxBEtQ882eCGB-bjgLyS5u0LMOpKouFWe-7s8VfcaXIaZyF_xS-UI-oBpDX2UNURk7Z-Ro7x0yLldiU3O5tBECXTGYYRkL0h6JcbNrhcl/5LmfxDQMKXy9CW1JhJKMvkdbhUmChupggm3qmHdyFUQ),€201.30,Restauration,
5/6/2022,La Rochelle,BRASSERIE JEAN,84015336500019,Restauration traditionnelle ,11 repas (visite de quartiers),"Screenshot of madada.fr on 2023-10-28 at 19.12.37.png (https://v5.airtableusercontent.com/v3/u/58/58/1791108000000/ZU60U6pNQLaYQU8IWTpcqw/JCLVOL3fY6Bprj51WAU_xkymPhLGkLXsCdhoHagOMLEotvyFQB8L_bH9sMqafFhYsFN2MwDxzcch5NzSnsk448PT77RuPmr6Pdl--KAC59zy9w_Oh1KIbriWaiNJ6okTlj2TSFqF_DM5jleYTXcFxcz0iXAHmxFiDe9vQvkyOEkoEW5WSbLEl1fpv-9kRC5d/h0AuIEfuG8jloz9DBUo2WRVa19EkfS0_Q1FqmyPzGFM),Screenshot of madada.fr on 2023-10-28 at 19.15.31.png (https://v5.airtableusercontent.com/v3/u/58/58/1791108000000/R1RpWvcpf7iNmfj4uJuvjA/A2AWo37vLjz7njfXUP3Pn8Kw5HJKMlc3wsaNZGh_odb3W1S80N_5eKYif792gdlV0NuTL5XLqsj0XDYAEeKsThdBy9vwJbgns4seSKZ8WJmmBbpbxILRxPp-t-oYMXzgB_vlwguanpFf9TxszqndsyZ3Zr9Yb-L3jvJLbSr9MExKncaT-QZnlmevXFZkCU4V/1M3vY1LQ7LzlGeuzSPbGs8erxEgqn8mdbRxR_uqUBUQ)",€262.70,Restauration,
5/11/2022,La Rochelle,SARL CHAOLI,88104049700011,Restauration traditionnelle ,12 repas (visite de quartiers),"Screenshot of madada.fr on 2023-10-28 at 19.16.47.png (https://v5.airtableusercontent.com/v3/u/58/58/1791108000000/O1Z9YV4SBo9q60ilYnwpUA/wx3USuUbpLyQjvitxh2I51UwCRIGEt19JbDNXTngGNeni9-ZWf9054So-KcdQ4Lj4jjeQb2bAoiM_WVkkBHgsKAXBQT9KmG3mKlhsXrTNaj2hx8QCwSWbUd1v0skcg1za1tArxJGgk97iapSmRQZKu0bWdzi_spPZF4y5e213JeTFFAjLJsrsdOf0jZVhkT-/7MpoleuYbBFEv0izWjLNJKIzXQREgemWaA64aoPRsMQ),Screenshot of madada.fr on 2023-10-28 at 19.17.04.png (https://v5.airtableusercontent.com/v3/u/58/58/1791108000000/McrbolXjcMGHqxtX9M8Y_A/K-Ae1Y0_k78HOPwcx1rIza84sYWwDgYlRjec9du7unyLc8baicvUqjk1uNeo1APxwZT925L_SSRm_6EV8QN17ofmdKoeCPYebG9xHRC6qLiUDdst5x69El62Br3-nMMGSJkflZBjH7U-nP8XlK_Ax4j7NZtvBlF1kY7cm6MGxsrv5VRvGGnAvvWPAVu4ITyF/zEEKKKmzZfx1_dBPtHPrF0ANazJqzw35HorPwGlezKI)",€312.30,Restauration,
5/31/2022,La Rochelle,MINOT (LE FLANDRE),43798814000020,Restauration traditionnelle ,(point sur festivités maritimes),"Screenshot of madada.fr on 2023-10-28 at 19.19.27.png (https://v5.airtableusercontent.com/v3/u/58/58/1791108000000/52SJmfcjMnOTh1suc5lKxA/iHBY1Ihpinezvl4MnT-NTejdc5rVKK8y825ZVuNYKt7i5TCpbiiRgqHPpzXYHF9Y0hr1SWoWRjVsmGkPm9u0Oqqqldj313RmNAYNeCVxgPmHwB9jCvAe6tgyqfmHz2D85azjq223kjGHqRMgTqD58K45AGSEtc095zNKlTdCci0r-vJj-VIvAuxWxP-hG-qF/FaC9PfSrLzhIZkJ-lU0QXkBzMTaTuFasMVi5dilZODk),Screenshot of madada.fr on 2023-10-28 at 19.19.50.png (https://v5.airtableusercontent.com/v3/u/58/58/1791108000000/oQfUpsmjahienT6JnImOMQ/tkwGFXM1LuhfVOC6sMstqWPcYIEuzKFHbybZVvAprBQ3fBcRawqpVhn5qvHcd3HP0Jl9G-nez3kWmzojIQin0Ir2Hy3aBb0tufwKmxhZcJKKQkIv1VM-vtQvsO6x4jJlgAZmTyHl2HC9F5cxGmM9cWxjDjmhCQqeRwKeB1GEJsAbcbcS1FAIU4Sp9qdq5K0G/FhXgO-nVEaFzkC9zOFosYVwtv3zl30KLDuHdenZbh94)",€299.30,Restauration,
6/1/2022,La Rochelle,SARL CLIPAS (LE DELPHIN),48421917500011,Restauration,repas (visite de quartiers),"Screenshot of madada.fr on 2023-10-28 at 19.21.08.png (https://v5.airtableusercontent.com/v3/u/58/58/1791108000000/9xvgWHTwo5wOtg9pvNbO7Q/yM4cWbgngCq3leaGqRdi1w4Lka5og5WESgSx7gN2YJzqBoPL6-8gai0M1I8oeCuxMSe6_cSEdvbQMOUrtpChNOv9GwoDR4pE-qAT1OxOT1FHU8LJQ7_uKp3WrHt7p7NDT3EiWG0MtMCwT8fYUXl8A-3tiB9UYG9QG02jCeFCT3Aw4YT2JOXMvE4ftHSA4WyI/VikbZNip29mItKMpQlx_HRdVQnjH_rYGTTnpJmTiYPI),Screenshot of madada.fr on 2023-10-28 at 19.21.13.png (https://v5.airtableusercontent.com/v3/u/58/58/1791108000000/gsa-JUf5MT0EPpEURL0yFg/SIJuoMteKMsH35Doq082QX25j0cbiYJhIZNqBvhVuqv0iIxMrw2CFgiiwzT6V2JzmUj8oD3oHHjmU_kNbnpRfbTcCa3BRc-t-Vi-xxtiX6v1Txd_vHkOlEQ4vPtsgdYxP2HjMrP68z6qtUpmkZ8A7iC68r9FydYtbaV7Z4WlThXEKs6FHsgRR2WoxMSZFUOZ/4V-TBOXIjMVKlEPGq8huNP1BZ8tSzbm2L6X2duqD92o)",€394.50,Restauration,
6/2/2022,La Rochelle,MONVOISIN,88304897700010,Restauration traditionnelle ,13 couverts (visite de quartiers),"Screenshot of madada.fr on 2023-10-28 at 19.23.11.png (https://v5.airtableusercontent.com/v3/u/58/58/1791108000000/jqpMHfP5VSPDpgYhsBlXnw/VtHRHd_hw3N44xOeS2bNut9JwnCHdhuBhG34p4tv3kS4Qk4gsPbr7fUfOzeq-w4ptHi9cwbGC6TyU3uYJIvdG6iTWNlsHlhE4I3y0xfhghED44o13Djj_A8R64o3ZW9qizj8hX5QPGk5-dTYWWMySnNrWV2o1MvpQ9B8oOK3UO5rxkL0axItbfprN4T4kdwX/Pfa3K_Vy4MTM46ZgCThzbM53N-m5RY4LwT39YHIBo94),Screenshot of madada.fr on 2023-10-28 at 19.23.17.png (https://v5.airtableusercontent.com/v3/u/58/58/1791108000000/GjH8bGxvtmftn_KZoymEsQ/k9cHs8rYz1Rvj3lV3jZFLAH1IPwkDL0b7V6CUuaytDUWvIX_qlx73-i3CL9p7QprpUy4PMmuIe-tV5Zcfm6IpXwKlIb42eblgPUG6yP4e-oCbI1eGwZ87b2_PI2Tis4qL6MwYK1LGxTAE5F7SWbXeGyASd8KH7XZ7TZpVN8SzkPOYykw_Wr6zfS6BXzjjdrA/s8KmOcyxj5vmfGjrSH4-GU3VQerTuCScH-VnfeCRBkU)",€286.50,Restauration,
6/14/2022,La Rochelle,ACCATEA,49920834600019,Restauration traditionnelle ,point sur délégation des élus : 8 repas ,"Screenshot of madada.fr on 2023-10-29 at 11.26.53.png (https://v5.airtableusercontent.com/v3/u/58/58/1791108000000/goLZjWP_hmxDIfLm_H2Ueg/FrOZ9cE9v9ZqOeGy4xpqGTwgArIsFVpWhMBWqROVHuKzN7ARRVxS6fZBpxq--LYvSqgGzlCAuwuKdXhXsh24TAY8G1MXnADKIHuwEgqZ97QFNjRQ7jJSSD_RXYCGC1MPZAhUx3RxyE8WpC3ceQ7DMWO_Tp2RgK9zlplofyGOs1pdhkTAwD2lQ4J0PZ5lGVGs/7DyW2BNHzdEPPz4LbbZq3HHHIHy2EUCichZxi_pqw4w),Screenshot of madada.fr on 2023-10-29 at 11.27.14.png (https://v5.airtableusercontent.com/v3/u/58/58/1791108000000/2nBTf-nmgO7kQ95mxsw9Cw/xp6smp2Ca_CdcHe1qj55IcegMom1qsBK5-N5rzUV-nxeq2zSKXu7HQ9OpQgxDkTeIrIuuqlKIAcX0oCzLOv0biK3iwqbfD2g_6t9eAZIaX9pLma2Q05rQOnl0opSRvkyG9WI1XwTUSDbkQeosXXd_SVwE3nIGHrLjEtZHytR3JeCZjNR5s7xDO-EOGb3yLNF/xUUqraGZz0kAdG9DSFPlcUhtYddjx8-JGPegsjyZiCc)",€149.00,Restauration,
6/22/2022,La Rochelle,LA STORIA,87911294400019,Restauration traditionnelle ,Visite de quartier : 14 couverts,"Screenshot of madada.fr on 2023-10-29 at 11.28.41.png (https://v5.airtableusercontent.com/v3/u/58/58/1791108000000/ksi0BEG-03xdn8sSmUwHnA/n-Woqr5bzhJVnabWJJwNWG4JQPThHkBddiDSwXbb-axs-UGwc8BMVxQSw1l05_3UWgp90P1TFyR4mcKMtxUpoeKWyb6vEUNtIRkqYQHfss-i3hOo0IW15oUg2-hVkFfPUc1SD1uYNR9om0HUVhsHKvy-cx5e5nyO0fU1yJPmIQmqyhJOjLp49uJs9vvGG4f9/MBlstSeooomfnr_GE2mMggsMjZK54woGx9CBvN2qsHU),Screenshot of madada.fr on 2023-10-29 at 11.28.50.png (https://v5.airtableusercontent.com/v3/u/58/58/1791108000000/B7scE6l-7ZRYIszxH7qYUw/D0v47KZFiZdqeUrJWvlOQrbgtIm3tWRRwB5kJ0eUCN63ib325q2BPg4vDeuIdR2wR5qwnbUXfLIDsG2YZaFWz9BF-qmInXpo1bVJXLjIqG1BsV1WyUdsvSTDUOZLzLf13VrtOtF9IO1oc-d5iE17IqhtU2wqz65M8bkL-zLT7_lJSmmSa7g1AxA3D89QEzdK/mA5FlyOx0rXVF5gYFNlKh9o-3wxuSW_KVXN3zJ66GRQ)",€403.20,Restauration,
6/29/2022,La Rochelle,MOREAU MAREYAGE,34068716900045,"Commerce de détail de poissons, crustacés et mollusques en magasin spécialisé",visite de quartier : 13 assiettes,"Screenshot of madada.fr on 2023-10-29 at 11.30.46.png (https://v5.airtableusercontent.com/v3/u/58/58/1791108000000/cN66VJFFNFrfgYA4BfRhgQ/bG5N70G6ydIhSFDtEYeNQj9uwphXbeAFbYPwsXR5nStc6GgEASQTq230vycUfRbSZIJ5CCgi-UQR2Y6SitagjYispVUN8IHTd0Vu0mao9zVZKFwSMvhbmPvm1APJpF6rKrhk5N0_BIvuAgn9Z7LqQ46TdxZn6WVL9xUpc5ByPQ_QyhWZ1CVG0fHsrIoqrmNT/nJq68ep2eF_ve4PL_L8Y4AVg5uiw01A7wnyCh_osGtI),Screenshot of madada.fr on 2023-10-29 at 11.31.06.png (https://v5.airtableusercontent.com/v3/u/58/58/1791108000000/rlwXMQF7br1nBUDwgOzjiw/Mt3TW26erGGlJ12AY8Men0DQqVegosUIURgRY4rqmmlCMXQA0T4YtKKctByJzwbNL8WlUx-zVY08r8bd76cUKsRTpdibK43VSTlVHNOO7NPO6PrfmDqwWeGJDvYpAOLRiVk4sxlgT2xTcgeL6fOkis6XnOdgaiY3bQHSpPf09yR4BBaiLZ2lVqKZBT46jh1m/LZEqqnGgvjwNiw7JS5zQZd6i579cx3--WInKuru1awg)",€260.00,Restauration,
7/8/2022,La Rochelle,LE BISTROT (LE BISTROT),48788615200023,Débits de boissons,repas : déjeuner de travail comité de quartier,"Screenshot of madada.fr on 2023-10-29 at 11.32.49.png (https://v5.airtableusercontent.com/v3/u/58/58/1791108000000/jasgwzjbF6gPiNRLVCM76w/RkK6V9GI0Q86Om52J5CIADLanXVjL8BymDIiGnbEkxFhufN3moTzpF7eDafkyCJ3jHVyLB7L1c-KvxN9LC_WIKHsQ6dsAIG-C8xO1651Qb8Z5BQTdRHEvoZb8XKDSi8lwBvtAaaJsAf52f2GZnk1fjF9Ttfx6dWDfhtVyG3EpZ5Sr398dR_sPQ6BXnjz8s13/7qGmRsirMuJIY7D2-9315jaZLjiBuIkHV_ItUMXsxdo),Screenshot of madada.fr on 2023-10-29 at 11.32.55.png (https://v5.airtableusercontent.com/v3/u/58/58/1791108000000/IkK9wY__ndKdNkyOxlbEfw/0vNyi7pgT2zeDoF9MJWV5p9lM_EX5IvDJa2DnB_79c5B3W4uaaBD4xe5Bx1rGKaM0vlgD_OT5d2hAxv1Uu7ogNtFDjNEz1GO0GXcKkA8yQWp1M5hP3-xQnXquTJELKSGYYIwSnON-Nph9BvGGSjcyUJyK0q2wGOQwDy7O-IDPYQYvC5Ou--boE75-V53P18v/JNMI1AsDFI6gUO1Z51hxJlJp9GsTswK4lGH7qRJE2xE)",€198.00,Restauration,
9/27/2022,La Rochelle,Restaurant La Côte Rôtie,,Restauration,Déjeuner de travail (échangeur),Screenshot of madada.fr on 2023-10-29 at 11.34.24.png (https://v5.airtableusercontent.com/v3/u/58/58/1791108000000/KtdPzlZnD-7I4VIydVvQ7g/MJDw2hT69UiF0wT7QrsphKSX00u3mH7H0v6bLMGtEbxv9uALzWBtYfN2FGMPHs2gugRU7h-I-93lVFib2kSU1XGrhZcbPIMWFonfD_lyyeuIhLIu3en8e0fzaE1mqW8R60YVV8s-ZIbs_EXSzK8PW4PhkrVFMmi4pNTx1gQVjFUcAFZRTZwqPPwcbnjeyU4i/0Za6IOBC1Y_GFw56euciBDx68M1_ogS4paxAYl9xXjw),€216.80,Restauration,
9/15/2022,La Rochelle,GAXUXA & RAMUXO,83297056000013,Débits de boissons,5 couverts : centre social-comité de quartier,"Screenshot of madada.fr on 2023-10-29 at 11.36.47.png (https://v5.airtableusercontent.com/v3/u/58/58/1791108000000/qOFFhSlMJrG0D7KBClMIRw/zNt2AMO0y7o8o-tg2gd4xtPuW5DlrNgNLkGY5tUcW5dE9sFOUbBmj4oGd13a1EgymkDRVFxrM9sgQVuAmQtR7eUH6nSix2oADB49o3ZxfVAJkjERoIIw-18JqfLKYAc5F2wKGpOSJ9Toxryv_PeEWVn-mGhylPbhuUwMUTUY0-g5nB5TvUKEBXYW5QmcDIj6/RZO3jiLRJ6iqriJRgACq90QO2XZH5ziBzZ2IbmXs3Q0),Screenshot of madada.fr on 2023-10-29 at 11.36.56.png (https://v5.airtableusercontent.com/v3/u/58/58/1791108000000/tRfqRFbVv00gljbNc0mOXQ/MG9FsZLAuFhpu8aZO6qoWXJwp1RtxrkBqXp5xmRi03w2bCUkANDhcpu28Zk72ttKKVswIAfqMsvF_NK4j08nSPZiW3pygOolp4f-xv9MtXGP0DxjL2gkgpa26zenkDLaKFb2O1sByspbNpRhMvxhPav4h_mxwjsNJbt_TJoIR1j8YZDhf02kn4VQYLC2KCd-/sPhXAN9Yg6yjKy1VCwRQoyqvRJ-eNy8dtLFBK3pzEPg)",€92.90,Restauration,
10/3/2022,La Rochelle,7EME VICTOIRE,88015435600013,Restauration traditionnelle ,3 repas : ouverture de l'entreprise TLM,"Screenshot of madada.fr on 2023-10-29 at 11.39.38.png (https://v5.airtableusercontent.com/v3/u/58/58/1791108000000/4pNyEW1sXf44x_onovmfMQ/n69l7GZSkBG5tAmDuu5pToOT64TqzE-RSqgRbzvFyGCL3Q00GCNT_H4H8avrQ_KCE8fNx5WQ2eLLp6lINMy2lXxT2Bdrlk-8ifm9rkiwpR8kBO6_Ryr4jy8yuDoTpMutKghgVAP2sL5WSJsswU4Z_kNrDzz4Vp5xuFHKVJH3KYjQYWKFuEdKHHFa84Gf2910/JUeh71ijaSfDVGFhMhhN6TlTXqJmkskFQMs4hMPj4fk),Screenshot of madada.fr on 2023-10-29 at 11.39.48.png (https://v5.airtableusercontent.com/v3/u/58/58/1791108000000/_EJKmvIJOlptc2JdK8RGvA/_HkcnXC15ktNJvGt3w1DPpdmzIIcohkhwg-eBbCzkVXF8oFFCubQIhxlEE3gS2OgRSs9xLOlGcGIXA_GjrhpKiI3lTKP5VJXE4QkRY_8fHHSMnyTD6cKeSBSD-krYz34hytSGTuoHw-9dInecHL454YWOoluvXv4R2E0RgV1MpxKtBAVEYBbxbTjiPnSWm9Q/_vQGlPItaBy4kFZtGDldXd9gEcWT_nj9u4s5RnNWRLo)",€75.40,Restauration,
12/13/2022,La Rochelle,PM LA ROCHELLE,84894080500015,Restauration traditionnelle ,Déjeuner demandes de subventions fêtes :,"Screenshot of madada.fr on 2023-10-29 at 11.41.36.png (https://v5.airtableusercontent.com/v3/u/58/58/1791108000000/FSv1KpJ9v6vPzKaZ2OEdUQ/aMu3xdHHsFfFRJubl1es4fqPt6mMkrB38IdoNjBmYVZ3RBzF8L4VnvsrnspwpH0KtKMRUYv4a4ZemKl5y_vBXO6QEHZyoJvMmmSXzpDt1d3_wVyM1L6DNyredbDnSsLD-JPBwQ7hda3T-H9oVafkrU3wnsSFTIXTSCvk62dc7ilsei95008m_OixzCKgGrab/oifAyiSHKfTBrfjzDeXulDtjY00xXe1K1jAJs718mDg),Screenshot of madada.fr on 2023-10-29 at 11.42.13.png (https://v5.airtableusercontent.com/v3/u/58/58/1791108000000/juZWiDXJdkUyPba88Rb6Hg/I2WpkMZaRdNffavrHjZLv_lWl59lshA5bxjBas4_W_m_nR6a6wM8kCsglNTjO6-GvIEXmMjreaPppyeCrXuNuX5Q-X-TdhGG_UdSiqjfkFs_xWlgHwa9Peq-k7jVo5N0VOrUFjq0rwtXzPvlz7ADMsEGPw1pHI584g4WSCF_uPeDmd0EbDT3fNR_ir0D6ep6/niBlaQS3ApI2FEiOgAopFfjzSNJNBR-kFfNBnhN2Psw)",€164.00,Restauration,
10/7/2022,"""Le Pontet
""",INCONNU,,Transport,frais de déplacement,Screenshot of madada.fr on 2023-10-29 at 18.38.23.png (https://v5.airtableusercontent.com/v3/u/58/58/1791108000000/uS0vnwjDqSofFR9eLdezug/6-Pbb25CazvcJyT5CEgrWsq4s9IzQnVYSgKMFngXqhTHo3v2At5lMlDu2Eew-nLUadmAvJdQAfDlffWQP1gR7RoN18LfmF6mCMe5FO42fLbGQ_HkiPDbiCPKgh7y0OOTSwT8kE16-Rild6I4nfzhYBIidqbjdGZZ_sLV2UEFoKImMyoQd9qPkTmV8utY3FvF/1ItBoHKjtr4z9VBrkpfapRtMfOKhso8oALNpnO0cHSo),€166.38,Transport,
5/15/2023,"""Le Pontet
""",INCONNU,,Hôtels et hébergement similaire,Frais d'hébergement,Screenshot of madada.fr on 2023-10-29 at 18.43.22.png (https://v5.airtableusercontent.com/v3/u/58/58/1791108000000/kNPrXYb1OZfjHCBeJSJ4qQ/KHkEH10eA7mD00WdauguG2MBKwN0XWvqfAtuzLzx4HTYBet0zeiWgkoROqI59XwG5Ta9EpdUzT4eEmhc7LjdC_nQzd7N2E05TEKGypS16zV8PjbN3gr3zvxWZpn9nrxfV6lkyt2h7iBtVc08e9irJ8M_Y8GASK5KwcORpXSGfzwdzxIi4-rXx1FGYMClfnMN/T8qIN_-HIluJAvzCcbbXZBHzuJdj9gvN-XNnr39xRRc),€140.00,Hôtel,
5/15/2023,"""Le Pontet
""",INCONNU,,Restauration,Repas ,Screenshot of madada.fr on 2023-10-29 at 18.43.22.png (https://v5.airtableusercontent.com/v3/u/58/58/1791108000000/kNPrXYb1OZfjHCBeJSJ4qQ/KHkEH10eA7mD00WdauguG2MBKwN0XWvqfAtuzLzx4HTYBet0zeiWgkoROqI59XwG5Ta9EpdUzT4eEmhc7LjdC_nQzd7N2E05TEKGypS16zV8PjbN3gr3zvxWZpn9nrxfV6lkyt2h7iBtVc08e9irJ8M_Y8GASK5KwcORpXSGfzwdzxIi4-rXx1FGYMClfnMN/T8qIN_-HIluJAvzCcbbXZBHzuJdj9gvN-XNnr39xRRc),€70.00,Restauration,
5/15/2023,"""Le Pontet
""",Inconnu,,Parking,frais de parking,Screenshot of madada.fr on 2023-10-29 at 18.43.22.png (https://v5.airtableusercontent.com/v3/u/58/58/1791108000000/kNPrXYb1OZfjHCBeJSJ4qQ/KHkEH10eA7mD00WdauguG2MBKwN0XWvqfAtuzLzx4HTYBet0zeiWgkoROqI59XwG5Ta9EpdUzT4eEmhc7LjdC_nQzd7N2E05TEKGypS16zV8PjbN3gr3zvxWZpn9nrxfV6lkyt2h7iBtVc08e9irJ8M_Y8GASK5KwcORpXSGfzwdzxIi4-rXx1FGYMClfnMN/T8qIN_-HIluJAvzCcbbXZBHzuJdj9gvN-XNnr39xRRc),€20.00,Transport,
5/15/2023,"""Le Pontet
""",INCONNU,,Transport,Frais d'autoroute,Screenshot of madada.fr on 2023-10-29 at 18.43.22.png (https://v5.airtableusercontent.com/v3/u/58/58/1791108000000/kNPrXYb1OZfjHCBeJSJ4qQ/KHkEH10eA7mD00WdauguG2MBKwN0XWvqfAtuzLzx4HTYBet0zeiWgkoROqI59XwG5Ta9EpdUzT4eEmhc7LjdC_nQzd7N2E05TEKGypS16zV8PjbN3gr3zvxWZpn9nrxfV6lkyt2h7iBtVc08e9irJ8M_Y8GASK5KwcORpXSGfzwdzxIi4-rXx1FGYMClfnMN/T8qIN_-HIluJAvzCcbbXZBHzuJdj9gvN-XNnr39xRRc),€84.80,Transport,
6/23/2020,Lens,SABATIER & CO,803541903000,Traiteur,5 plateaux repas,Screenshot of madada.fr on 2023-10-27 at 14.06.44.png (https://v5.airtableusercontent.com/v3/u/58/58/1791108000000/JqS1v9uSWDxQSulziAzp6Q/Wss7f2ZthQQnizifeiEj0sja-pmaSReKyFJvENfifwFNVDwpZRyOHa4Bdbrdo5jz5plX_2BFsjeyu9T6nd3PZaNesgFmH7aji5sR-ybgcdP3-ON97C7PIqPNhlq-9E7uhTVqat2MMlGvDFrdjYTzp_d3UD4JdGsqLkIoQs11P7pBfJ7KtDC3jzMOqg_JPeE7/_p1EJoKwny_PfktOxCWSBbS1UlHWKAUNjfnNNo_It9Y),€104.00,Restauration,
8/12/2020,Lens,Hôtel Louvre Lens,83133228300025,Restauration,Restaurant,Screenshot of madada.fr on 2023-10-27 at 14.10.58.png (https://v5.airtableusercontent.com/v3/u/58/58/1791108000000/oNtOhoBtm3L7jKEt43yh8w/036SyC8TWLkK_eqvAix2E_GSv9OBalsj2j3u4Exreq63IeJRN1CSN4TRp734_Zld6zJU01LKDVH27nHcxOG6l5zYMOtCIK8CMvc1DhbVtFbJmSN6P5v7Jac9UWPX98M8RaEh-QiwCn9wqICutDPV10wOSo1QjooH5UxSZDP6gIJ9qTBJ2wrV_WAyGoqq1cjS/g-r_IxVwd1UfZzejrcyl462KnuWT9Yloz5aYG12dVI8),€56.80,Restauration,
11/22/2022,Lens,SNCF,55204944776279,Transport ferroviaire interurbain de voyageurs,"TGV Lens-Paris Nord pour le salon des maires
",Screenshot of madada.fr on 2023-10-27 at 14.13.23.png (https://v5.airtableusercontent.com/v3/u/58/58/1791108000000/BTYIiStaHW66hePSJNzU6w/mFDfO69RtYvHU3OyTnSO52QNauzn_5dfp6QDO3cQsq6wbVtDhhm3b0rWKmU1vXNrWPQAuUBwhsLwfxrD_J7aLI4DFN3bzy5sWKTFYBx0NvxxUpjowEV50hzF9cdtOZhohU9dwWslQ3n8IaW21IKTWozgFyagpuewEv-bqYOJ109vYXnfzDnO84TzDkwhDju-/BhGuW2CknBVB_H6xzk4VA6mimpCe9tnKatrOT2JVVfE),€27.00,Transport,
11/17/2021,Lens,Mairie de Paris,21750001600019,Administration publique générale,Parking pour le salon des maires,Screenshot of madada.fr on 2023-10-27 at 14.15.33.png (https://v5.airtableusercontent.com/v3/u/58/58/1791108000000/OI-390eLNKvTC79tKfmBzA/JFMuMiXi_jNG7e6bv5_kQqQgx3Ij3AW70h6DcPwRYXywbpc4dYzUXoBV3zTsFG12KStJZCYyAes8wm7cf7mZ2D_BQSQwKfSsTurPXv6UPoOA44gp903oguAOQ_WzHJpA3n8qtpkswvsgiG5E3aQ3myuDbpAqpfVH_lXV3PFJ6rRprWz4LEMEvafkHv847H86/qmSEOM4tOpIzpBUOhkIKx_uyeJ87X90Gtatt4kVXTZs),€50.00,Transport,
11/17/2021,Lens,Paris Expo Porte de Versailles,,Parking,Parking pour le salon des maires,Screenshot of madada.fr on 2023-10-27 at 14.18.43.png (https://v5.airtableusercontent.com/v3/u/58/58/1791108000000/3HlZ5PtRcfrmxfmVY6PmbQ/MRB611jGMroVohMKa1ULOJYecgOs4QAEenU_yaJApeiOQHo9lx_8VnitkobsTNK_3xSIkcSyaBRzLdKax-FC4na3L1zwVABsx6vfDWMbMiY6Dt45LPtN2qsIPcZqOVnaTFUrJyLAuNROtcgBCexkQ_J_R4SBooMWc6kHG6IhMebdobbYtdXGFUExme1Go4vN/q58rumko0gBuwn1qQxK6XP9txJgsvbbSpOs7pYv3Jg4),€29.60,Transport,
1/12/2022,Lens,HOTEL ST PETERSBOURG,56204991600017,Hôtels et hébergement similaire,Hébergement (déplacement à Paris : rencontre avec un conseiller du président de la République),Screenshot of madada.fr on 2023-10-27 at 14.26.14.png (https://v5.airtableusercontent.com/v3/u/58/58/1791108000000/e-lf1GbKBDGDRXBRQz3H-A/9CS8P1bWJdd52qH4EEsGHpU8fg7hpSWDZPZpN3ZOMGT3AIvpnoR7Q3STDIJnu1_3y591sbJnOr6OtjDfIqwRX2OI0aQgXVY_iEzPzpdQiyZoKy5-LH4MJhM1034MsOQoT32cBGlIK99xwXyEMbMQUI2fN0UxGVEWuGMQregUI9-GAUBonc0rl1eGtXSuVwXp/hGm0b8_oDL6jpJy3yhR1w3DOE_rI7UCWvOz4Isz-Xag),€200.88,Hôtel,
11/22/2022,Lens,Hôtel Korner,48078142600014,Hôtels et hébergement similaire,Hébergement pour le congrès des maires,"Screenshot of madada.fr on 2023-10-27 at 14.40.14.png (https://v5.airtableusercontent.com/v3/u/58/58/1791108000000/zEYJuI4lCR3MrWm3tIbmFQ/UfWbG-q5po_zkHiCFUzVpVSy2EsXwwzwqWCDMn2T6vkBq9TRQOXKvbV3qU54CSQSDYjeuJixBrhgn1HFsy2tw2WNJc9R3q4N68b6bWRvf7P_zJ38HY4b2_f6YGPBxATdU2l8NW-NiYYMV2pj3vU3aIledM-TG1WbWBc7lohtVOzrKKTAAR5ZbesNNCsF0eOQ/gFx1iNlCwADgHd9gGspJ0lWa2-9pd8BojSjUxhggcUg),Screenshot of madada.fr on 2023-10-27 at 14.40.43.png (https://v5.airtableusercontent.com/v3/u/58/58/1791108000000/p3tItdNep-mJzVsF4U3UJQ/RpQzZEfB2ta13x9GsriB0MarOaYh--QXEV7kZUos4F-5TquQpvVGNrpzJG1YEeUSmM6O-9_kZyClAqnG8w2eoqZo98obMFweLSw5Q-rckzOtmjvwWI3M0WZlx2P3jOfVNSQpLIzy-_mZn3B9-zYKP1NMiEmQxauaZLsFR9SKUGuOyfZ9lxBMlj4Q8M4HS3hA/AtwwYbfNxAexRL6nEIUmoH3E99ooJk7MJCST7p6DRKQ)",€263.76,Hôtel,
1/26/2023,Lens,Hôtel Louvre Lens,83133228300025,Restauration,"1 location de salle, 7 menus, 7 forfaits boissons",Screenshot of madada.fr on 2023-10-27 at 15.36.14.png (https://v5.airtableusercontent.com/v3/u/58/58/1791108000000/yjMop1otJ128xlMPwuAlZg/dm-W1WMzqGrwR4VE601koT17Z4ObqMRa3zv8L1OH-nb4f6qkB82IT4AXe_NeGeF8yB6MF-eAkxHgAvMRQtsJSxNFXoAiRS7SU-74V_wMi5-2Xi3loMlGZ5jXK-brSXb3AGGwFKBmZ3UtDw6x7X1_5sFgYoDtA9kizK1uqj62cy4Dg34UA_fsxGSZ7KjNEv82/4OFihDKRPjhUTOK1ecZP_FY8IBUqPeemVsd3sjXfgw4),€465.00,Restauration,
2/10/2023,Lens,Les jardins de St-Laurent,42810689200014,Restauration traditionnelle ,5 plateaux de repas,Screenshot of madada.fr on 2023-10-27 at 15.39.16.png (https://v5.airtableusercontent.com/v3/u/58/58/1791108000000/JGTphlzW3Lt9OaRBR2-UDA/_MWZ0CPCt221b88CIbGQ_HgSx5ZryM_9jh5jTBaINSeHpqu5b-soyahsyxVGutSABfj4vu0HrD3zGMNBrYhBxar15IodZO79ZE3EyV0tcxZsf3WzBqDumRph2tZkeAwwuHnkt9fYSIDCC0Kqf9mnQord0v3C8nDYMeOSQE56QJuYxwUId65Q_0mmGICrMClJ/hMuzIl5KIgvMsYnkpF31h7znY_9EfVGBXIRNIzNRjDo),€97.80,Restauration,
3/29/2023,Lens,LE BET'LEU (SARL),75141662900028,Restauration traditionnelle ,Déjeuner de travail,Screenshot of madada.fr on 2023-10-27 at 15.41.53.png (https://v5.airtableusercontent.com/v3/u/58/58/1791108000000/hpIqqBQP-C-_xYCYor4lfg/mH9rlZwjIzVRUT4E3exAoBhl_Ad0go-7TQhYkzs6dI2DKsFUCRagVdrhbq36DgUyJYURpNohz4y06Yta2gETb1z6b_lS1OYbzjDKm-S7LU1HAmB4aUYJYGnHiOPUVuMc5u0XZfnebaAkVCMxlp1xe41VZr7BrBH50X7GPAFWXQCYKtUfbmP-gI28PvaC3VRw/feD9-pY2sObRZF7ZcuEsq7-jTZlrDUdjo1ibtOnxXhE),€136.50,Restauration,
3/31/2023,Lens,LA VIE ACTIVE,77562993400479,Hébergement médicalisé pour enfants handicapés,"50 toasts, 30 petits fours sucrés",Screenshot of madada.fr on 2023-10-27 at 15.43.44.png (https://v5.airtableusercontent.com/v3/u/58/58/1791108000000/02OBtW78ipgk0KBzfa_aeQ/sziaTDKlaN715wJVHcCWqXdwNKsvvA83lRK5vFu6JfOZyvvRYoDRbKIs1f6vub2daW4dHKMsql2ZWdCz31WrWygyC76M2Yg6VAFkDdeSu_r5n_mnqvNDjuRdPt2fBBgb3IxzSFTJaiBfvP0m5Xe6GIrfDXb91vLRR6WvXvSMv2psb5CZnbCHf8pkId2imQvM/7kTXFKK2Ek8DAxBa9ondD8V0PFWeKzW5qfwUIUIdfxo),€64.67,Restauration,
4/7/2023,Lens,LES JARDINS DE ST LAURENT,42810689200014,Restauration traditionnelle ,5 menus complets,Screenshot of madada.fr on 2023-10-27 at 15.44.47.png (https://v5.airtableusercontent.com/v3/u/58/58/1791108000000/l4O1fDXnWgJUvF7FSJ4ryA/gM9kyG6IJdOjhkew7eAS-kNO0RQlh8Pj3DkzfyK2HNC2vQlF8BI0bh2BwU6dFY8xcWfYjyMaZGZwNuAqwXwr7XhfxPh7eLdgBgRCfKQ_Pf9W0Aftd4a9JxEbpJULQ9iJ_IZC15ppdp1FpH2E68-Tm7VOiwCES34JJpVhYqs1_CgUV7SrYK0Xe2-EcAo376gv/hmFDTAEbAmiTIUTxZw7F6c6e5bRTw3n8e5TvWutR8fA),€150.00,Restauration,
2/8/2022,Lens,SARL JULOINE (L'ETIQUETTE),51335364900017,Restauration traditionnelle ,Déjeuner de travail : 4 repas complets,Screenshot of madada.fr on 2023-10-27 at 15.51.30.png (https://v5.airtableusercontent.com/v3/u/58/58/1791108000000/kIhfILh-jBut5Fm5_rZAxg/PmD_zj_MWRUkKvfJlqKI2SdeLRrqBON7OwB7QCCZyYQ5iXhucgSKOA9zD7Ho23t_32xJTksK7_zHON4IvN0ApwL4hnlYjRKnBN44cVQ-p5wBpw5pm3rRozcbt0XqD7b1sjbvFljrYkVDiQTfRjoz8CUAdqo2QA392JD3n3iSF30mWucoOGEA7JTTgLK_nvdY/AkyB4VbEZK1mzyvEaSDckPQDjkGtBJSOF6eERHa5E0c),€162.50,Restauration,
2/24/2022,Lens,SARL DESPATTE,48513966100014,Restauration traditionnelle ,5 repas complets,Screenshot of madada.fr on 2023-10-27 at 15.53.06.png (https://v5.airtableusercontent.com/v3/u/58/58/1791108000000/p98b8xyBQsF3cpYewGrp6w/97yvRStxTAdMAO5UmbhglQ-AONU7JwL-XUorHlP_DrNRQS3KMG_kDUXGrZ0Xeh0O3VJBt5tMkkI2yRBpf5k5qbppM3uEwikm3udOU_EwtkEM87FJD_z6edGxsqmsSf1ZNlje6fqephoG73gDDofYodp5h0kWMe7oM0dnpWBoFqUTCIvp5HaWsw5S6X1LWFEt/E_-gWIe-K7ZW6vpMdbgwIgMByoyTyuQvyYYZBRGTr-Q),€175.55,Restauration,
3/10/2022,Lens,HOTEL LOUVRE LENS,83133228300025,Boisson,"1 coupe de champagne, 3 25cl de castelain, 1 coca, 1 cocktail sans alcool, 1 san pellegrino, 1 vittel, 6 menus, 1 verre de vin, 2 verre coulange la Vineuse, 8 expressos",Screenshot of madada.fr on 2023-10-27 at 15.53.23.png (https://v5.airtableusercontent.com/v3/u/58/58/1791108000000/eLVls1M3d2blmZFtoL1ecg/dhpbZe35APyYiRTJH5qzrQssxdhl-O3Hdy88XoBVEqfTYfd3hcoHyRbuzYkkPrzX3TK5rcW9i1EGDvWP0hVoF0Ca_qN4M2KZTGEL3tDct8AEXU6_5UumIEr1i_hppss02HBHOWtKm7lLEmk4PJvkQqvZpzUnwK0Tv1ChTxB4p6XJy2kWsmx2jfnlQF_lbYLh/e3W6W2G_tgcz3bP626GT8t_uNRY2WacTjswB2WaEJiY),€231.40,Restauration,
3/25/2022,Lens,LES JARDINS DE ST LAURENT,42810689200014,Restauration traditionnelle ,"15 planches apéritives (charcuterie, verrines, crudités, pain, fruits)",Screenshot of madada.fr on 2023-10-27 at 15.57.09.png (https://v5.airtableusercontent.com/v3/u/58/58/1791108000000/KQLI7DB2KgaZ3u2Tv6-hIQ/ilx6Vi0_3kkzzFxqAEh1CIBpp0lXN8OJRl-QSK__05kGt2j-Kq6bN19By9ZuaLGGTBuKTDomQueqHuIooPhk2zh-N3rw51IzPCYxTKwo3IkOWJmtg5Q-O5gwSMgbO5P9aW2mHA3Neqfdn905d_06RTsQ4gGJadz24IezxovR1gxQuSFDhXIWsIBxl_K7QVLY/J0h5FBrS-U5EPDpj2AQGQo2Bp755ZXYDzi9ljpaOv_Y),€148.50,Restauration,
4/8/2022,Lens,LES JARDINS DE ST LAURENT,42810689200014,Restauration traditionnelle ,8 plateaux repas,Screenshot of madada.fr on 2023-10-27 at 15.58.06.png (https://v5.airtableusercontent.com/v3/u/58/58/1791108000000/s3F9O7415EHwnk-P2upF3A/r2FUnvZr8FFpE37GKS2c9-05qWx7-x2GRpYI2PJZ7GtH7hHfE72tTAV5jIkTCBCiZRXfdnsndmBd1N92KC81HpBctOW2NTcahNNijoTkEvjfrU2sqQa4TVikyUU5qZoIeVnuTulmh3KRoUHTzDKPlguhoQqAC9pOoZZVg2rpo_95T1KLUMTqTq3Tk3oOkq5H/Rzq5kAfb5XIaxNhvNWBGsl067_wUfzWLjOtTiFS9DX0),€151.92,Restauration,
4/7/2022,Lens,LENSOTEL,34156338500010,Hôtels et hébergement similaire,Inconnu,Screenshot of madada.fr on 2023-10-27 at 16.00.10.png (https://v5.airtableusercontent.com/v3/u/58/58/1791108000000/uhu1jczfFvbGOa5ioiuopQ/QwxxPirz11b2f5zI3Tj1uuMALnB7hgYtr8MnK1RQY_R5hJhe67BOa-mDrk1xfR3-LRGeXBQTRrUvVmx5x4re4FISq-un-jVcOO6pQ4y9HQRlpdu_o3YJd_uRrxr5lvHDjSIdqKYA5k5XH1E5OeOHYPNK_xKaDRXhlW0p7nrpUAvBjEKadUrW26SQfi85_ZrO/Tiw9aEAPUocXZDKqTJkaXXZ0VCo1b3FT8Pi1Nz_dZ0k),€112.90,Hôtel,
4/29/2022,Lens,SARL JULOINE (L'ETIQUETTE),51335364900025,Restauration traditionnelle ,Déjeuner de travail (3 couverts),Screenshot of madada.fr on 2023-10-27 at 16.02.13.png (https://v5.airtableusercontent.com/v3/u/58/58/1791108000000/HwhaocrX2vQk-HBw5Lu81Q/FfDgXAiLLydUG9l_yp_tKDt-lvKhIsY6JONOq7v6XNGfdCI0rcuIG2ch8i7bssOCprjXhtR7Pv-U9CM8ji91ha4VXJp7qIomk5qM5XuT2OGNVMZf9BPfvWG-JRXkutOTinuYQXBOwEaqU-78ud3o2_pVFebBtcTyiwkTRBk8TcBx5DMkPmGUgnVflppok7yo/2vZxMq3KyEbSuJxQPhaVuNuOmx4__ztRc-EvFO3eCgQ),€119.80,Restauration,
5/3/2022,Lens,SARL JULOINE (L'ETIQUETTE),51335364900025,Restauration traditionnelle ,Déjeuner de travail (5 repas),Screenshot of madada.fr on 2023-10-27 at 16.04.36.png (https://v5.airtableusercontent.com/v3/u/58/58/1791108000000/itNQxDUSGPDPPrJNXA-gSg/wFRXuv0mm0C3qg-T2pcpI0gyCagvhKULLbTWR6Gv2eWt_einTHn8-iXmYXvGd46N067OksxXMKj9vDEI0kQy73uhqNWQ_KPz7V4zAg2G1eVtI4R4nRpToU4kIXN9f6ntl3J6yCam0Cu40_THHypLqEn1c4QdooQDktynfN26gj8Ttutyt6QRKM4BnvXisvwj/1X1ZVWFAu_95WzJhR2s1j0DIzMSu4-z7h9b3MjGxzvs),€185.50,Restauration,
5/10/2022,Lens,Hôtel Louvre Lens,83133228300025,Restauration,8 menus,Screenshot of madada.fr on 2023-10-27 at 16.06.10.png (https://v5.airtableusercontent.com/v3/u/58/58/1791108000000/ZAMGKuYNVdoopInyPno0VA/mM-Uf49XvZJBZ_4GiWs98k_RidzbIaQ85R2v9Y7Eagg7xZdaIocBrWwqCG7Sc_ZFXhWftVw839HOp3kUeNQwkK-xErorJRqtOTXSriZ3CGZXOBmu6CUb-Cto-xrWSMhO63PZ4XpMd7VeAwzBYnPRCeZXPkBU69qXaU5pGllG9fCAG6eQk5n5lNME7IB1wHMA/oXSApShZDHSS3YwnNu8QDm0TlsKgPzl6pqAGezF6qUI),€314.50,Restauration,
5/16/2022,Lens,LES JARDINS DE ST LAURENT,42810689200014,Restauration traditionnelle ,8 plateaux repas,Screenshot of madada.fr on 2023-10-27 at 16.08.17.png (https://v5.airtableusercontent.com/v3/u/58/58/1791108000000/A-b6dWJXQ9k5Ufc2RMwwdg/5rhfeLno-sk-w6W4fSYp9o7JL-u5udvuYyvZAgUXC9nd3ypAAs9WTBRoFs-8gx0VyOdsZeVMbI9C5AVN2uwbrqSwme5P-DFc0_Xiv9dVyTvv_MZ-RuuATyyFLx5uGu-7C0n-5D50Ob-7x6SgVFcQ4dv-VrhjdGcLbw2gPAqtY-09USuiSxXkjJuo_b-EsJvP/dump4QJv3wMDS5IDlm-yholCzTN_LLsGPQRkI5X_n0c),€151.92,Restauration,
7/5/2022,Lens,LES JARDINS DE ST LAURENT,42810689200014,Restauration traditionnelle ,15 planches apéritives,Screenshot of madada.fr on 2023-10-27 at 16.09.23.png (https://v5.airtableusercontent.com/v3/u/58/58/1791108000000/4XK73eE8oUJ9_aR_YR423w/SbUxIzem3Z5ef21xcnZwAJyf8qOlIRmOlot7jzAd7yusCd2h8DLOsw5Yj4qFFaOrBuUTI7NZ8_xSHNT2vJ2YLeyqkm_XEbcma4-IVDjl0DqM8_3wVV99rARjZb0CmNHkFrV1cacQU4b4okfp9F6fWGNYMrUl-sU2EBkPsV1blDUm9TtfMYtR62siKT7gbJfm/cccCg-5uqMaeYI90-6iIkNTNchw1X9LrD8GJU9n1lsw),€148.50,Restauration,
9/12/2022,Lens,LE MEURIN LENS,79061204800021,Restauration traditionnelle ,2 repas complets,Screenshot of madada.fr on 2023-10-27 at 16.10.18.png (https://v5.airtableusercontent.com/v3/u/58/58/1791108000000/42aS2Jd5rbJTvXkLxVIMqw/jN_UzksS-5EaSrjk_6ficOEIcFlBy5XR1cPNDEQls-2H5hroZno4v9xToRaBrg1GTKxdRVrMqnm3yHbkaI388D3nj6KIjYCNp7w3e_YCCFK66vc5FPy2SeIrC8_Wew_N7m_veWdphyyRJO7kdxsgsmrlGpDe0eBQcRoGTVO8t8JC6_MNWVa2JhlehB8K7XOS/ftP2HGZwotu_tRxEhfe6NDOr16Gu2II4WYvKetFr9qo),€102.50,Restauration,
11/18/2022,Lens,LE BET'LEU (SARL),75141662900028,Restauration traditionnelle ,4 repas,Screenshot of madada.fr on 2023-10-27 at 16.12.44.png (https://v5.airtableusercontent.com/v3/u/58/58/1791108000000/g1DOHjl7VhP57NNYt44n-w/yi-H_3cWU0Zr_lHNJ2jajIYBMSixtHqFJGJcmKBFgHlmvT0mM8UNITus6G9R6PCCbXxOepnWBA34Chaka7_2IkvfZM7aSWLrSP4Uc8pn5KrgIi7SfEbocLprxZgRs6KLN995e_fR0l_MzpUp7na5r4NV5navx9fq25FA2DcHGEbY-v84v80MGQ071vXdi_9V/S93NEF55j81cJwEYutEdngdR3WRW7yQMju3sjf8y8a4),€107.00,Restauration,
1/13/2021,Lens,SARL JEANSON,38488263500012,Pâtisserie,5 plateaux repas,Screenshot of madada.fr on 2023-10-27 at 16.17.31.png (https://v5.airtableusercontent.com/v3/u/58/58/1791108000000/QOazlPV4oCPNY0L-TyRS_Q/6g8Xatw9LiwnNQguRoCMCOdqS6B4xmi4K9vCWSlCuGhgWQbOkU57gDeo3LJU0WP5ydITrrHp72QSYGuqt-ZXGVntpfzdKhQFSo3I_-bBjQC_uoi9725L-VliPRpQqxukbCRWo0JbH31cg_7Sc5zkh2_9YXFDAyVGmnJUxJTq3m1Rnydo7mRJ4ceBhYP4ZSse/WvW4ZAc4tqQ_lsPcWVT-w63detUDAJZDoBNoWqyfUWo),€89.68,Restauration,
1/1/2021,Lens,Boucherie du centre 2,79243199100019,Commerce de détail de viandes et de produits à base de viande en magasin spécialisé,Inconnu,Screenshot of madada.fr on 2023-10-27 at 16.19.02.png (https://v5.airtableusercontent.com/v3/u/58/58/1791108000000/z0PlIlmlGLG0ceZC0DIAaw/m2_oigQs-Xyv6DYgrTtsFq3UC_FhNRHBFXvvo5vHEEiV4CTgDrC3a90m2oaz_r-VVZxIQuJCmsGaE-qZJWlqPm_l4qg1ZiFvFnfhS-LyyLKhPWGcG6JQ8QetAmMlg96Or0dJYpAPUq88_UuKhAk3Se7klKaVgXTo6y9LBjudxace9XR0h_yqUuLQCO79eS73/uNL4A9MP2Bp-sJGHzkrV_qRUni8VnBnd3p9HnayjbY0),€62.00,Restauration,
2/15/2021,Lens,BOUCHERIE CHARREAU,49234931100018,Traiteur,3 plateaux repas,Screenshot of madada.fr on 2023-10-27 at 16.21.54.png (https://v5.airtableusercontent.com/v3/u/58/58/1791108000000/-6D_-IglYlQQO8hCHfHIAQ/Oju74wk6MMaaS_RcDQopVctgttG9DN8LKug-bvAuVtsCYUDd90iBUfqf8XLt9hTb6yEXfxy0Ot-b4aATzDbF9s2GSv-R93Rt5s6QzaNhzHNjJF_UZm6PoHfRga6kqSQ-KeqSHwzYr02QtaNRyPhFaK9tGNT97cc1f2OdnN60sy8OC0l77EZPn0QQ1vdPNjQx/4SuOz0ThDLC1ruwIT-PI0hpdm3-5QQEqtAZ2FyvuM8Q),€34.59,Restauration,
2/15/2021,Lens,Service Catering,,Traiteur,Services des traiteurs,Screenshot of madada.fr on 2023-10-27 at 16.22.55.png (https://v5.airtableusercontent.com/v3/u/58/58/1791108000000/1rrk4L5alr0o3hYUhhy2zA/EozS-21Ny5fCtmt6HsKrxWbECFbAXBhAGZ3tLgbZdHtP3qoE1a6o6ypEszoCSGO2i5YmqrR7aT6NFS6HqGC7Hi3VPnJVs-xL8vtdpnm8J6gRwJWUUYUloZi33W3MEpe9EiokI40i5rWXq_cpCwUlLrK3fFuvX_fTIgtuc1WzUg-XVv9g8iFPrQ3aSP5_BIq1/K9lAsJJ9unNwC-ob7t4hMlPCxk4Eckop4YmOuhPulrg),€26.40,Restauration,
2/18/2021,Lens,2 A.C.E. TRAITEUR,49234931100018,Traiteur,5 plateaux repas,Screenshot of madada.fr on 2023-10-27 at 16.27.04.png (https://v5.airtableusercontent.com/v3/u/58/58/1791108000000/UxbnbBLt6BFLAA2n4Fr1gw/dW_OEZtLLaPpzZGrEqCpJbL_ogGg8fH6spHr5PW23YWPGAULcUJstAUVknorxq5p4GZqZya9t7ztCKyoj1oY30hiqdoIoUTxnOIvlSASYPnFXlOk2pt-HH90MWs7HjK6m1jzP_2tm1escnxgROMddmk9-xIvj6Y24qZ4evauSh9kvOrvwMYfr_k0W48PlbzZ/xUSUJsvO1Gyr_XvrVNeaPR4WtLu-Afa6K23fee6kElY),€57.60,Restauration,
2/15/2021,Lens,Service Catering,,Traiteur,3 plateaux repas,Screenshot of madada.fr on 2023-10-27 at 16.27.38.png (https://v5.airtableusercontent.com/v3/u/58/58/1791108000000/6gWUSO4otPzmb2j0dXMAtQ/d3noc3t6NiwF6uYADtSZ-I_DnOPXotM5HJEYtJJtjqeck9Iy-D-kfaJzXMQUJiCHdyqdIOsGS4gUQ1eUi9A6U3yClZWUx4mGjdB9AhNyKe7MGFzzQvNSVcTBlQlsTCio-WV_L4H0LqpzsMkxApKa7h9FsUVpH7kXkfFupjWsCwE8WvoI304Qd-jcFk5NmlUy/PgVONf03-Q1LJxaUt1KbcxyIoWBfZ_FMbuLtM5oO29c),€39.60,Restauration,
1/1/2021,Lens,Boucherie du centre 2,79243199100019,Commerce de détail de viandes et de produits à base de viande en magasin spécialisé,Inconnu,Screenshot of madada.fr on 2023-10-27 at 16.28.22.png (https://v5.airtableusercontent.com/v3/u/58/58/1791108000000/hbz7X57fFgsWOSfXiuLz2Q/2KR8gT1PuWTRGeKBAIfP-_r5QkpoMbhu_5Ty6G-f0MsMpvhOxYV8DDG-T4XIhzGCz0vabhyb0avRfjSqkviP9nUWl32lEVzr0Cl-K7o-VkTa2G1WQBJVekOJ4OVro4-0zIWQGToI2NzKhok8RZ1iQbX97Iegj-oL0zlgY_wpp77rsZUvX0nIKwAwRaKCePsE/VPpkVxB13W-e2CS9luaO-ZvgdIjz2LTfEl_uA9_b6qk),€49.50,Restauration,
3/12/2021,Lens,2 A.C.E. TRAITEUR,49234931100018,Traiteur,3 plateaux repas,Screenshot of madada.fr on 2023-10-27 at 16.29.13.png (https://v5.airtableusercontent.com/v3/u/58/58/1791108000000/cWuoWenB9A55luo5ZAReag/nU3Rv8znK87HAcu8qBEvY07oO-clTpygCQENkLAPLgI9rjlftiQ0sgMlfEk8kY_-MXPOsIyY4ZRpYdc7_Tbeq_WALsREZfG7jsbmX8VhXx5Kr0TdJOljLepFfcFyKZLxxIcNL5SZlEc8pcNWXQqQqIV6P-lE8o2fhMV26sXD1z22S21zsmi9F6jL7pKayM21/fe-CyQrWTxCiIfiD_GbhObVpWIxuq0oUifpVdr0G0f8),€34.56,Restauration,
3/29/2021,Lens,Service Catering,,Traiteur,3 plateaux repas,Screenshot of madada.fr on 2023-10-27 at 16.30.21.png (https://v5.airtableusercontent.com/v3/u/58/58/1791108000000/rl7EW3hl3zj8fLJilJ-MKw/ndChL4w64afvVrpZwMPUqfIKPGZIvDF32u_yLbc5K_NCLHyD30TboXc-MktL9_azYLnoDlcvPhj1ojLUkpUFrrsqo675mTBOSw9gqNCurOVcvZV_4N3nkzMLNVID6zOfnkoJKWAJDavZw-uisxzkDDFETSfiSinjEGm32WJRHw5unj1BQ9DPmRlER1i-VBt8/wd6HGdN0n1Q3rtlJAz3klKRmF1BavAaLAB0bNXCnoME),€39.60,Restauration,
4/2/2021,Lens,2 A.C.E. TRAITEUR,49234931100018,Traiteur,3 plateaux repas,Screenshot of madada.fr on 2023-10-27 at 16.30.59.png (https://v5.airtableusercontent.com/v3/u/58/58/1791108000000/QLIWauZNzzEvJU3eXfFrWQ/JslOOOBJ9xrXrQSViUYoNIo8UHfiCuBzArnL-xBPZs5WIdC0Ntcq24ExVyJ-1E_n1WTtp6GzE4DudkloWcF-5KZK-7ALJkEwOBg9FSD44QccDMH7iCgwvrc-L6SuSqVswXgtAWgIT5iSOofICBF_pO4WNhprv5XB8KfGx0mhmEvA6W8lZfK8HX-KlSkPA_KL/J7S_h3d-kpYzkehS5ATIjJFsNL9MneNd0gX89KK-rTU),€34.56,Restauration,
4/19/2021,Lens,Service Catering,,Traiteur,3 plateaux repas,Screenshot of madada.fr on 2023-10-27 at 16.32.20.png (https://v5.airtableusercontent.com/v3/u/58/58/1791108000000/QGhRTOlzvHtBaK4gqtOVTg/oL8CYzpT-sQNXRUDNigQozYmR-od7Urs2LqHK_uCKMp3kH76ihXW71qzd-HGNVCN-OBJ-9krKFE4FSXCegcaI1UvQ7CwAgvIWBxPid56CYycBJtEm4okxvrccWk5x1cPS6ShFDTLhCzQFO1qQI8wrNWpKG3aJMuCdrhRczn9F27W93MjsLp2GfZQd_J7xaHe/UYF2qHddU_SAQD6pBGWuSNWFrZquLfTellumzWvG2RM),€39.60,Restauration,
4/28/2021,Lens,2 A.C.E. TRAITEUR,49234931100018,Traiteur,3 plateaux repas,Screenshot of madada.fr on 2023-10-27 at 16.32.49.png (https://v5.airtableusercontent.com/v3/u/58/58/1791108000000/5lS-DYAS09QFXPBttzEBHw/UL4LGF7oc1ic06hhwsfAnAcR1ttd8OaSkySQaF_t5VRwxIpY_jgXgHPZFaLU7gu95Eo_O8Ob1z3yRtBkAHFa2mQWtxYfdys7J6Oml-5L2SsHB5oWMagfvDetdYqWeclm6KKfD8TaC8b9V0lA4Sx6KJv6Gw-yQ1cdlGI3nT2f51qhzvCWOOt46t_CFJPW5wfk/uEx8JnOM1C8F4A7CXaY1iNCRlv7llSPv5sSe2AfJyV0),€34.56,Restauration,
7/13/2021,Lens,Service Catering,,Traiteur,"2 entrées, 2 plats froids, 2 fromages, 2 desserts, 2 pains/condiments",Screenshot of madada.fr on 2023-10-27 at 16.36.52.png (https://v5.airtableusercontent.com/v3/u/58/58/1791108000000/m_KHZUR10g3-NST-gQtmdg/eUheeXS5GR0eK5spRY5_hKKXWhjt84uHKpv8LlqkXKhCh9n5rDVYUDjRm5nbDR-eb8Dc8xrknqOVWT7W_qbJnuABdhLI4MyzorY7ZqcTnlhN9tBe5dFqE7f9h8DdM6IG5kQPQPsTrJVmdh25E_RuCT99XnJfjp0PPFEm0J04cOJTV-WU07GGX_-s-CaQS4CL/BsSPaZdxhBBYDn-8UYnfNObwThsQMPYhFh30GZMZbbI),€26.40,Restauration,
6/17/2021,Lens,BOUCHERIE DU CENTRE 2,79243199100019,Commerce de détail de viandes et de produits à base de viande en magasin spécialisé,Prestation traiteur,Screenshot of madada.fr on 2023-10-27 at 16.37.59.png (https://v5.airtableusercontent.com/v3/u/58/58/1791108000000/OuojxCZEGBB_vmpdqAE29Q/8sf4MaU__VvyxnFuVqsVsL0nbM8M-6L3Nrw1_okGgMKS_ncmlinUoYohF5WbjGZ0xIywe6YIK4jhogKt-unON7BABvt7RkI9MZhGFUBnexf1_8PyS2HSEd5G6l8KgoTzjoKpuAoKxbhzwVykMCCLWN27_-RLPy3L-sQe4cthbrf3u_dpgjSt7dIyBIuFFn2X/tvVQ9YibjWaf0RTVl2zdaB5FmZQjGKNvQc-5uFd8LG4),€144.00,Restauration,
9/8/2021,Lens,SARL JULOINE (L'ETIQUETTE),513353649,Restauration traditionnelle ,Déjeuner de travail : 5 repas complets,Screenshot of madada.fr on 2023-10-27 at 16.38.41.png (https://v5.airtableusercontent.com/v3/u/58/58/1791108000000/lJj9h0tr_5I_5i55WwVYAg/1TXuMr-pqv90SGVm0Husd2MP3cJKk6HzdSuUumEDUEoEEyLze0ZH1D7YgcY0ysD22HjeFRmwhg2o6jNTHLyrR3Erz4wqXKqXLUtTE-C8o3VlWk01t2JbYkmCnlVTfxivv5kg4sOzj-ur7DoVAjZswJKylVVcKwMCneDRUIdMUgiBRSVk413psnjVSVdjg2li/rHHS8puh8sOky1xuLlLZJLBgh2XR6gGabPeKEQX_PXs),€122.66,Restauration,
9/8/2021,Lens,SARL JULOINE (L'ETIQUETTE),51335364900025,Restauration traditionnelle ,"2 1lL d'eau plate, 1 1L eau gazeuse, 1 bouteille Lussac St Emilion Lyonn, 2 pavé charolais, 1 souris d'agneau, 2 bavettes d'Aloyau, 1 panacotta, 4 crème chocolat, 4 cafés",Screenshot of madada.fr on 2023-10-27 at 16.40.36.png (https://v5.airtableusercontent.com/v3/u/58/58/1791108000000/a4uhr8bazjwz2ZF-KWer5g/LuBYa89rdO_4QW-ExxoOplJuMx73IR2ua0qeVtMaeMcLFbBt91SvzT3lyWte09JCGdAwI7L5CQMM_yzyNqkaivZBWhLLVHSUH84oTkBZCAwwrvwqw4VFmg0pL_82ULhi2lFvweTvTB5unP5KCzj3Cf4ESSFJESIFxcR8SIbAsLeaG749NzXhRAcUu3TJi3SG/e2RCEqGEmPUTOG0WeVX2Syh_leNEPDTQX5-S_ht3-2s),€159.00,Restauration,
11/10/2021,Lens,LA VIE ACTIVE,77562993400479,Hébergement médicalisé pour enfants handicapés,5 plateaux repas,Screenshot of madada.fr on 2023-10-27 at 16.43.39.png (https://v5.airtableusercontent.com/v3/u/58/58/1791108000000/vgJLKFeUD_m8dwvSWQFkKg/HvlgFUBozv28VTl-O9lfDXEeNbdJgL8_x04QIbbxfpj42q3Evs2D76fbo4NFfVNjljCqEnHjKUmkk8Jj_Be4s5iEAZGRZGy2tx_lWYT3nmIcvnLZfkKIuP7QFhtCB77b-fBVzP4ZeC561_untIKJOp6wmS68PBWdwWCZVcpiYqsnD_RH5RKe-n8fZVjErcil/WZPwI1t-nAU2eGTGeY3IkY9LfMnuuNEEYAWyXHFzLuU),€56.86,Restauration,
12/27/2021,Lens,BOUCHERIE DU CENTRE 2,79243199100019,Commerce de détail de viandes et de produits à base de viande en magasin spécialisé,4 plateaux repas,Screenshot of madada.fr on 2023-10-27 at 16.44.23.png (https://v5.airtableusercontent.com/v3/u/58/58/1791108000000/KvoziWpi83NCTF5yo-1wkQ/S51FsqKic4vFnfrGCGVH1MB-SCqeiuwBGqX9hP9j1needHHBlk2HjTdJNdGFM-NF7V1m8QAnAmI9ffWVN67gDlVtN4ZYnMwFmvwto1tgAQI73mToQzf3wbosNLfFnp5q1CuElNzeoJwyZrtTH_X3WBbSSAcjPIaYAywkHFA7FEYRjKzQcRMskr62dGgITrMa/_hA4Fxhn7m8MhpiMJeKcr5ddDG3YK99YZ-3_fmqiev0),€62.00,Restauration,
9/15/2022,Lens,SARL JULOINE (L'ETIQUETTE),51335364900025,Restauration traditionnelle ,Déjeuner de travail : 5 repas complet,Screenshot of madada.fr on 2023-10-27 at 17.18.12.png (https://v5.airtableusercontent.com/v3/u/58/58/1791108000000/3BcWdN3I6iqZsHiA52utpw/jI8PaSuGJLsfRgvOjvM3V6d8hq3H11ZwGC7tVdzRfOPjREPx6qXMil7kpql9ksjHZueSZ1z49CIBbEhCsDo5PNwOPdW53MDPLud3Pcic9Xf-MOIfJJv7Y0s15hQ1Szh5NdRr9XblxKp1NhcY4ffFuClSiy6ZbBs0RLGm8TlhM4EGV2F9QFek_1-L5FKz0V2k/v3QpiD_louktiWEbYWyrlRGcoHRgiRhNrMjMg8bV4W4),€255.30,Restauration,
11/16/2022,Lens,SARL JULOINE (L'ETIQUETTE),51335364900025,Restauration traditionnelle ,"Déjeuner avec un avocat : 1 eau gazeuse, 1 verre de beaujolais, 2 rougails saucisses, 2 cafés. ",Screenshot of madada.fr on 2023-10-27 at 17.20.20.png (https://v5.airtableusercontent.com/v3/u/58/58/1791108000000/wb_NhqtuC2pUudrhMWYcNg/EbTi2aT6BGVDwbdcZ4DFSmpb8VPifjjEaGeZKJgE1TJV2n-3CyGJFhZUfTAyUzbR4RMtpG76DKw7qadnEX-GXzm6HJLAfBy9PXCGpoLb7vAUlvb39G4e07LoxJ1_QfaE2Fvh9vARc1V7n1NdeWoYxbo-sftuTNRz3v1jS25edOzO51X6ZMcS4n89wXrhX7Eq/e3kMaj1aXEP194WKXgNv56ss88Z-0XJrW-wkt6HQm88),€47.20,Restauration,
5/6/2022,Lens,WALLIS,52788533900012,Débits de boissons,Cafés (réception des commerçants du marché),Screenshot of madada.fr on 2023-10-27 at 17.23.10.png (https://v5.airtableusercontent.com/v3/u/58/58/1791108000000/QAh4xbFOJp6080c9uIkU0g/Dd1kv7LsGbg-Ys2Ttoxcj_-PrcRQfHU1aIwdn7UnjmBsBUP0AKt02BVfpyhWkLV3-40rJRfdEAmd-PbuU7oSfQLJZkkQpvZt0QB7-1TiwV9rbNn2OTUrcgypOCvPy__01Yphzui2qefFDKjFBq-63FvOKakYHWMrpsWT54eRbwS5hYkUIcKuMNugLm4V7M5_/1a2R0AR7Jeu8GnksBq8KEUcdViUUQagVi57LMWpgOVE),€33.40,Restauration,
9/30/2022,Lens,ESSO EXPRESS,,Transport,Plein d'essence,Screenshot of madada.fr on 2023-10-27 at 17.26.17.png (https://v5.airtableusercontent.com/v3/u/58/58/1791108000000/Yppc6M2NeSjdT7o5VRpGbA/Z-q-Xve_5r8jlP9QNTbXX_Hjkgxv-dv-XLjQIwDatL0jcDcvjD1vioya5MPM0u8dmTpEC0nvbN_H6NCAYRUoZSm0qsxb5tsKPrQx3cq5SNld8A-nxW2fpZbLABfJ2WDx2do8OVxKGTjRaJbL-Fv-Tc1SmwTc0avPmxMAaEmBvewMUdOsFolguXNyhfNUBvdR/0dc57CH4T-fxpb49OL1ojb-8nPz1hnnDlaY2dFLruM0),€73.94,Transport,
10/15/2022,Lens,Intermarché ,,Station essence,Plein d'essence,Screenshot of madada.fr on 2023-10-27 at 17.28.51.png (https://v5.airtableusercontent.com/v3/u/58/58/1791108000000/EGOOg2Subc5uoadheVx33w/33BA2JT_8sjNatddbdqKRqKMQ5WEIH4MRNZNd3ePwxnZyOQjLchLkHG3-4_PrrKY1EqWASimnRrRV1xicEDVE-Dl_wK98GWWoproLVzI0ZRgz75cjGRwFl_me__9nQmkzzltX330DUCw9IfSjB0UOYwUZTE6zOjty8F-Q5UaCA-jUp811gvyaHhcO3osI4De/Xe3RAwytXXc-7N2fBqf57VMJPXyMZ4kFITpu8uP3fU0),€52.45,Transport,
12/8/2022,Lens,Association des Maires de France et des présidents d'intercommunalité,78471845400027,Activités des organisations patronales et consulaires,Inscription congré des maires,Screenshot of madada.fr on 2023-10-27 at 17.29.33.png (https://v5.airtableusercontent.com/v3/u/58/58/1791108000000/DVpirG9CaKRuisNQb-UKfQ/FQkP5B9irKLUMsk-0YEC3dm-F5O7PUpi3dzjj1mGoLpmqV4JBqDrBHyQFYls3RUYOuJOU8yFbr8yDnq7ct3up3XdRzzIW-3nqLa4WMYQQTUHXoQw29-JknS2pTpdC7DXqva0mJdwvQrGqWCA8ZNaniVU4vLc0led_Aj3h5is142KW009Pmd5GLNQQrYsGq4N/r4udca_ykwo7qpyy3sabZU9u8RxIQARslG27SrSxOjQ),€95.00,Participation à un congrès,
8/31/2020,Lens,Restaurant Municipal,,Restauration,Déjeuner de travail,Screenshot of madada.fr on 2023-10-27 at 17.49.53.png (https://v5.airtableusercontent.com/v3/u/58/58/1791108000000/Ibeg_KN6RRNJY4izmjWfTg/495L98HS9UcA0MhUxxmvcjK61ibs4oaKpJD65nfzBzxzbBV_sdWgWdSFc34xThmrSQP5B1gsB6i72822ixnEbJ-Wy3nqSMTJyeNUHovKSYUvFisIXcSowC6DeYJMQw5r_HUqs4yFw_XqRHLBSjB5TcYFeJUEZqbODxX_JQO5gGIqWhZrvg2-hJ0SSop1B3mg/oUdK9vc6KpzABjPiEYFy1rFjCT_NJyPyNvcAiiJPi3g),€100.84,Restauration,
9/2/2020,Lens,Restaurant Municipal,,Restauration,Déjeuner de travail Maire/préfet,Screenshot of madada.fr on 2023-10-27 at 17.51.16.png (https://v5.airtableusercontent.com/v3/u/58/58/1791108000000/9etnMTQHF894XTjNOgpjDw/xNhS3kw6lTdeWCYHD3kK8uu6MYAj0Zdk-nCLZ_FEtrMTbpq4D9rvaC3oC3HRsQtPoIK3ayK8VPtzE1nzjh5GyShRpD6MsYWIrcmoXPxyis_pc0EI-js2Kinnif_6ByjmXjES6D9k4MQ1hVPix7UHSC243Ob8L59nYIy1uyesiGSGFOC-oxW-OerfjepwFx5W/d5iQ8y8FunpXXyawP4WB65eIobAeAmk_joFCub88ijc),€151.26,Restauration,
9/8/2020,Lens,Restaurant Municipal,,Restauration,Déjeuner de travail,Screenshot of madada.fr on 2023-10-27 at 17.51.56.png (https://v5.airtableusercontent.com/v3/u/58/58/1791108000000/b5kD9Ear8PZ0cyXF-4amLg/v5W3XHucdapEm26VVGqq3p53rzA7LWFNxs6GRXaAdQzsVvM6aUmI44q3GRznxVeyHx_W7z-LpqcMeA_Uzg0irrtsiL4EmzzCkfZ92vJM-6w9Jd_Ax5p4nFqhhP_Z9jSzZCpLkpksKPDLX_IiP6aSi9XVKFuTNn6aTs8UTLx2lnxy7ZHVUDAKslqofrtrVoyQ/7ZcVdmVhvlRH9sAu__IUe4LePhM2m909Y-yxoEhlJdg),€126.05,Restauration,
9/29/2020,Lens,Restaurant Municipal,,Restauration,Déjeuner de travail,Screenshot of madada.fr on 2023-10-27 at 17.52.49.png (https://v5.airtableusercontent.com/v3/u/58/58/1791108000000/yJauy7f29Kkl7o5vNRfwFg/Sln0DPvaGDnw5YUCdOD-GttKeGQsaza7B8hpugkwpJO3XOkKCCqV5LPTibn-lBoJk5rzC4d-PfbqXoXpeCJKY2I7Zwe9_OFYU87nTUE8k5uNnqsvJzSC-xfzAwr11exsJ6sPHCaD5ONKhVmHme7H0uxgDZs7bOZbR2CXXsLJ9pe5CWoILMvs26HZgDfsJJyn/33Qhfq5fATyVk7o_8E3rQitrONDf-1dYM98xv7U6UEA),€126.05,Restauration,
10/8/2020,Lens,Restaurant Municipal,,Restauration,Déjeuner de travail (Louvre-Lens),Screenshot of madada.fr on 2023-10-27 at 17.53.23.png (https://v5.airtableusercontent.com/v3/u/58/58/1791108000000/YJ4hpR6RS_tBkRCrQdVdbQ/QPJyVnh9hBkAc1DtJmPDPtK3cXMBPG4DYCpKEE2EqWhjqvfFW0vOSvCxvj6wyi9DxnmuJ52xktTGG5KyF8YpIF1Zn5OqS2XvKpErfYtCJ3AM36exEJ0N6Jprs37QM6xX-I-ZjnXtjaZ8anZEzGWxK5wcsoxTgY9xJj25ggCLlpf6ITQ8-NOeS5jpssOeBbsN/xSKZuK3kfqzpIj6zjmKg8C7-MsqebUx9UMvszkyEsQ8),€50.42,Restauration,
1/13/2021,Lens,Jeanson,,Restauration,Réunion visio Cabinet du maire/Sous-préfecture,Screenshot of madada.fr on 2023-10-27 at 17.56.08.png (https://v5.airtableusercontent.com/v3/u/58/58/1791108000000/XTxLbbB0TJcikGYiANzTiQ/WzImo5882vmfJFXuHQAbdpYzD3Fm1N_4hgiOw-F6rD7UwlDvrLhBO50_wiAhD7PDB5lRs391SUzMstOi8NGrTZvRAEqO8YXILzKWDfwvKbwSd11AMQhaCVfky-iu4bbYJHJsFNL1-jB34ZGJcaGuFUIRjJb_9wCjg_6UHre_vXdODmQuxGnleky9wkQMnjAb/LMhP2vpFpTCFy4op4PZNjTRTfF59-ZGkdIcaEloQwbI),€97.28,Restauration,
1/18/2021,Lens,Boucherie du Centre 2 ,,Restauration,Réunion visio cabinet Maire/sous-préfecture,Screenshot of madada.fr on 2023-10-27 at 17.58.21.png (https://v5.airtableusercontent.com/v3/u/58/58/1791108000000/zZe8Rh6wQfEmwK-nnYX4Pg/r9qanrSwh9cguxevzaA7t7zRE04hgS1OFQfTKCa_EXcx0ytYFynC0n0_X72F5EbAV8MsEwaEDR8MjrYncdP2qeBfayNiC5UdlRqLjnfwJzCM7Zhy-jjbPWCdvW_BdF4Va0tI8zm9YmGhFuDgjYbehXePz6VWQuIfP9yd-uC1yi96JU7bcrwyE6algh3WEHw7/g3T9tddgTuryN6ycIcFuSLNx17tdW3Kx0LXXJzMBlFo),€68.08,Restauration,
1/29/2021,Lens,Charreau,,Restauration,Réunion visio avec Sous-préfet,Screenshot of madada.fr on 2023-10-27 at 18.02.31.png (https://v5.airtableusercontent.com/v3/u/58/58/1791108000000/AXaBGJUMh2FGKGsnrMTFmg/amXV4FuCDpam6WKt1rgu6VyxgGGVxSzW1QgS23EDEI4FgSaYFGnJGCPEyxBYHRBGkXqLwt1CoLKqxYbLJm0nq3l-bFyhZdlGVar85BEOPjXcSXhM1ks-RD1O88UChH5NT-EE8Er2aLVB8yjpa0MDxKA7-93UhjYWYkF21EZH7_2ZLmgvkmxzdKTDIK7CxmOY/lxvbaocKPP-AIg7MCnak0wQ4msIWv3lpNa6Q9Kv3gec),€39.15,Restauration,
2/12/2021,Lens,Service catering,,Traiteur,Réunion visio avec sous-préfet,Screenshot of madada.fr on 2023-10-27 at 18.03.00.png (https://v5.airtableusercontent.com/v3/u/58/58/1791108000000/OQ9HlYW7TtiN2xjf0fbvwA/wREsPCxVlNPNPeoBHPZAtLCX21wRN4jBphrpxgcxXve7ls5BDX6o20HR0DoLf-ZmosH_UcsGdw-EpFdq21_MLV9w3ujsjvmvniW1BIE8yHVN4cMMlptXdapoU-4MM3NXgbi0HiM-2qH1_K6dSUqVSXynOQdhaW7g5HDE7L5jtiIqBhpTVp7guGmqEV1dm92O/M2eWNR-WSgvqvrzWk5AOr37vE3D0dRp1a9tHxpvHq4Y),€29.44,Restauration,
2/18/2021,Lens,Charreau,,Restauration,Réunion visio avec sous-préfet (5 personnes),Screenshot of madada.fr on 2023-10-27 at 18.04.21.png (https://v5.airtableusercontent.com/v3/u/58/58/1791108000000/icbVb6d8C0arkOJfO-nXDw/0ghpzhtxzU_qbigyxsXsofb3KFuCWQtvYmgF4NGHR6pNDnFK7RzJjhgfhMGTHLNDyCFM7SBtpLyNG8F0Nw5Mk1pLQXGXk-ADeFiXXYaTvG5AHhdxMmhilxVmEupRFCgdkeH3H4nvPyBlSEojfPEfG49DE-Q_stF96g-5Llngv8P4eY0qoRwPBMFXt9opqWix/HG0MnnqXJ-ml_4vvqaU8DKrAa5FurykQ3hLkHUHR0nw),€65.20,Restauration,
2/19/2021,Lens,Service catering,,Traiteur,Réunion visio avec sous préfet (3 personnes),Screenshot of madada.fr on 2023-10-27 at 18.08.13.png (https://v5.airtableusercontent.com/v3/u/58/58/1791108000000/0HZ5F1F5TpNqdGt-E7UNQA/fGjY9VQOq9V2l0f5QDUqg8S5nySP8pR3XvNO_KlXlYuwHF5FosEmw30mbxX0VZ_NCxTURZnMZmzkUUVxd6T6gpQYX-21QS4YmT22_mB5NBgNBs2aRoHShVitiBbTEUI3YoR3VnvoCT6hR0ifjPuctxkAD5PTIp-7n08mQZS-b30FnH-_7jIYQMQIIcGHrAws/o9OUiUw1Ckw-hcm1_FAPnCKgd32ybvzIT6lrKDdjNqo),€44.16,Restauration,
2/26/2021,Lens,Boucherie du Centre,,Restauration,Réunion visio avec sous préfet (3 personnes),Screenshot of madada.fr on 2023-10-27 at 18.10.55.png (https://v5.airtableusercontent.com/v3/u/58/58/1791108000000/h4gE0WJONRvJyDZ5SMDlsw/p5pCF-1IMcRuXMZ2g6urDKyRTc8Zdnzjwp8CqXCAGyKZbngmom11aehplm6NzYrzimlI5O-WTJJxlkqCrhPFMTd9NAtt-w2GuqKmvJ7gE470GwducczrpbRoH9_cr73BmVszLD1GPMOgTriHiatAqSwVGKW4U2nCBK6Z-lIi1VaHpEiDmghMRfipx_kvN5td/1fcgFmYI91quYp_sKhZhy1itxTGDp0Y37tFInOcsa0A),€54.06,Restauration,
4/2/2021,Lens,Charreau,,Restauration,Réunion visio avec sous-préfet (3 personnes),Screenshot of madada.fr on 2023-10-27 at 18.12.24.png (https://v5.airtableusercontent.com/v3/u/58/58/1791108000000/WRaoRAsSSPdmIanO_U6YXg/MotLLhlVzHZonRwm9fYxYRU5AoAUvLXWS8MZT03OL1kfexA2PBT3X3lUc-UQ8FVyc0hIb0i_EHIKqd4pXbA1KimKSoITeDJaEHVaKZZwgVRozpdiiUNKbTVrrlkOOfEMxkX5IGmNZby8UM7h0mCNUSkY2P1wXxUeX4P6A9mzk9t3FTiGDAjLDnlfO2DBinsI/zH__tEG6bJHrHhud5-kBX8Ymf4-51t-Nly-LNIZttpQ),€39.12,Restauration,
4/15/2021,Lens,Service Catering,,Traiteur,Réunion visio avec sous préfet (3persones),Screenshot of madada.fr on 2023-10-27 at 18.13.39.png (https://v5.airtableusercontent.com/v3/u/58/58/1791108000000/XEfdydpvcP9GlK4xIu-Trg/Kr01Livfep5xxWv91xZTimPWRZlh3n8-knzA1GgmYaKvNIZY5jlPmevgKl7aE5c-xUf1btQg-afxqC6bezqRBv_qx3a9WS_NyHrq0p6hHVdie7LW3kW51LwGl3-0u2JPzv-RZJFaAa9bX5FGUcQefKCfEkMUe-WMsHUNGW-XHU7zn5m0YBQ3r6wx9i5uhIOQ/ol5brFYwqnEluCX_T9bSOaHlwaBJox77vI0NVueBnU8),€44.16,Restauration,
4/23/2021,Lens,Charreau,,Restauration,Réunion avec sous-préfet (3 personnes),Screenshot of madada.fr on 2023-10-27 at 18.15.02.png (https://v5.airtableusercontent.com/v3/u/58/58/1791108000000/dAtW63tfrk83OB9gbxmHNA/3UlxyngX9ce7bK9ZAgdVZO8XrOzubFTXStkYUQNm6wRBJO83BnJdhu_wVcoWDaSUZqEjYC99KrTW8ZcVekNfplbUxK2J3bn9SCbmGHtHgTYbADlpGE_GKS2-N7vkujBiMvYZz-Ca8Lhx9gEvITxND1O9tm4xfSClpieK6IW5tgIqhjdY5rHwQQGQlpZTL37f/TS76_4wl_ajN6iM6D2kSsreRstfzHbs9g9_kuJZN790),€39.12,Restauration,
4/30/2021,Lens,Service catering,,Traiteur,Réunion avec sous-préfet (3personnes),Screenshot of madada.fr on 2023-10-27 at 18.15.59.png (https://v5.airtableusercontent.com/v3/u/58/58/1791108000000/lS_idVvf9o1dIGzH_8bHgQ/LlVBA1hAo269tshmaK75QDJAno-L6qbyBHHHcNUECOUTDxAL5KOuAglKCtQA60r14YCuUOYhduoHm7Sj7CSy423BDDNuB00Wm82-Ys6t_psCZ3rFFNiQE9Q-Hp8OcMWQvZCVuoDmt3t2kKHSqrPPRlBLVgzcIopjLuupQS6Y3WEY66CcwctkMS-RmkNALpBS/Lg7hkTQKtRcOOOJuBQ2mL59t-EXVDSKb4QkKHEnVmHE),€29.44,Restauration,
6/2/2021,Lens,Boucherie du centre,,Traiteur,Réunion de travail,Screenshot of madada.fr on 2023-10-27 at 18.17.14.png (https://v5.airtableusercontent.com/v3/u/58/58/1791108000000/9h_QNsjoo7bAw2gr0LyCKg/_hE6hyPMImYSKnaeWk5un7L8kxg4E8m8wFHl_1Hg88V4WfGWkcizf6t0UljpVe9gADsiHcRF6tmy99JKyeW7Wmn7-VTrSiWcIjKtLBbANBzLJ0fKBFCw4OnrSOXCmYl9Y-sILqXC2KYc86JnEevctkI0apjwmHgX6f3FmCOJ_iuBJhZPrIj0UqAOX4ym00E4/1Juys8hDPatmOBANPu126P86mnQyjF3dyuAaOnV_QFA),€250.32,Restauration,
8/30/2021,Lens,Michelangelo,,Restauration,Déjeuner de travail (2 personnes),Screenshot of madada.fr on 2023-10-28 at 12.25.37.png (https://v5.airtableusercontent.com/v3/u/58/58/1791108000000/xahASZB9QT7jgHi0bq0M1g/dymL69FwQX6j8cexIhmtgD9i30rKmXuf0vbGqBKBIMJs7fBv8o5sPbFJblDRTS9rnjpeLdFhWwQSz5Clf_GKycHYPA2GUgwAXxuVnHdaM8UkaO2NtPbMCN3xj7v-FItllkOnvQcnBIwDF33PSShzTEPCCXB1WQeitjhtpM6KQA3KGDMe7s9vBuojWH1b_R3B/VKkGwmTkkz5G13wNfSbcv4R-zW-9lr2Lb2CLB3_NlUQ),€132.00,Restauration,
9/8/2021,Lens,L'étiquette,,Restauration,Déjeuner de travail (5 personnes),Screenshot of madada.fr on 2023-10-28 at 12.26.11.png (https://v5.airtableusercontent.com/v3/u/58/58/1791108000000/0ag68UfyR00K1qp6eAAWKA/OdWVfSHokvfxFQmc8UiUN2323Ae6rm4BEgId16u36HU47Qbb7mNe1HKa02DXFzMUCQt9TLlZdNus3iveYU2c9PDpKlWYslwT6oPxAufbz7wIUjAfqVoe5DS9JIL7teKP_V2zYzRk9wATwg-BJ0_Eq5bNXEPnagpL0dE4YXY2JW-jWw-qh2jaXe4m6x7VTaRK/o7Xl78ZAA6NxVEPhkEodDmK0DGR_2cI4JvlRv2j_8ig),€159.00,Restauration,
11/10/2021,Lens,La vie Active,,Restauration,Réunion de travail plateaux-repas (5 personnes),Screenshot of madada.fr on 2023-10-28 at 12.26.53.png (https://v5.airtableusercontent.com/v3/u/58/58/1791108000000/Rnnhw6iCgRUBQWME_L5UKA/gQ8bWpIc2IR1DvM-QE9_WL8Xx3iwm5Vn14yahO0GfBfnKnT5seEBpYJtkLe7yWZ9fCAq5BQySCp9onrzwCqVJlwIQ9I-LkphKMBPV4VAD_x10HfZdvCshmcQN4xxuDHMr2dD6Q4ms0pDNQQ5HVo731jN5CfMfsRCm48QeK-5bXc0jA1aE8CVCsmE7ZbCvQDp/N9IC3RXX-LSPeiZMuPc4Sk4VOuaYSj6xjbdK6Q8TkOk),€64.46,Restauration,
12/22/2021,Lens,Boucherie du Centre,,Restauration,Réunion de travail plateaux-repas (4personnes),Screenshot of madada.fr on 2023-10-28 at 12.27.39.png (https://v5.airtableusercontent.com/v3/u/58/58/1791108000000/0Hq0MSWBo28_tjZ_793qAA/fAYXGVkhjFu2LMEBv4ZaaZVhFufeHk1m8oaS-ey_ha0L33gWcrHwb3Sf7ykx5JSxJ_alqa3jbTY1wMdegwC2GXTLEQzp6PrKzkrqhxT_LWOuFGXC95PITMuSDHsBCCivRPjiANP_uY-lbsw5dI-5ZRF2kf8iW_BJ16fgm9xaS_OwGPp_nXWwxWfL28RQLaWK/Yo9ablLuqBK9jzFJelLh114VoMEa0GkGkGXNCNyQS2Q),€68.08,Restauration,
2/8/2022,Lens,L'etiquette,,Restauration,Déjeuner de travail (4 persoones),Screenshot of madada.fr on 2023-10-28 at 12.28.21.png (https://v5.airtableusercontent.com/v3/u/58/58/1791108000000/gp_9SednXuZnznsNIC9iFw/8T5by2op8cIEvs7FJuDflWMkXXyPEKpwOSXlYXsbAnBGL31zBWyikwHvct-1z1s3n2phvKF6caftBMxaM4HINCap2wL2r_OMbIYCXcsdomuzboNOGojGz1jfP52gWYubuKEABP8i_aUq1sUvYDi_KeaSeq0iMthOm6b9-vjVkWut33unvocy-srzXgvJ0VQs/HYA4qpgiNHChTRS4PkXKsCaOs35WAOR9kSxl3I3ydFI),€162.50,Restauration,
2/24/2022,Lens,Le Maquis,,Restauration,Déjeuner de travail Maire/sous-préfet (5 personnes),Screenshot of madada.fr on 2023-10-28 at 12.29.15.png (https://v5.airtableusercontent.com/v3/u/58/58/1791108000000/enrok2WVG4Q2ug_pqcQvCw/N90oqF-iXG_Q4Q6DzCnE7mvZSgbnqxaRt9Szbzx-1ik84RvRH5BO5d5_q0TibY2bYqcCUcoA3v8m2rnKC3UCRUQBsR9ZyV5RfpPNGgG_XMLCOeiGOLp6Y4Ndw9i_lnKY6aQdKpXi3QLs6p0mrAMJZioo6nJa_8kl3KAI-xbLfqQTWlOAJ8AqpjQufFNm1xdH/8eEQVLY-O9sujetADC5hO2erzymxWlLLJ4_7BxCBI7o),€175.55,Restauration,
3/10/2022,Lens,Le Galibot,,Restauration,Déjeuner de travail Maire/SDIS (6 personnes),Screenshot of madada.fr on 2023-10-28 at 12.29.36.png (https://v5.airtableusercontent.com/v3/u/58/58/1791108000000/VzKyGPmP6Hbw4nXwmGZrrA/7t4dgxLZ9KOAsKOEcQ3OqYxnI_L5sQ_4f9eikjmME8mWRPkDZLc35l6Tj2-rep8aKjhlN0UQ2MY--ajZOfgp7VtX_3ZNBKkvtZldVccNjs7RA7j1tv0sxk2lNO638kJNrfoMWnp-3hqZ49dBIscr_hR8ZL7ch6gusvj-hJmN1MExkh7KawrEtPZaWx2V4H3d/5UHbKSYZkjmtG-q21kGkBoqNYgU8eHACBuIKUVyebts),€231.40,Restauration,
3/23/2022,Lens,Jardin de St-Laurent,,Restauration,Réunion de travail collation (15 personnes),Screenshot of madada.fr on 2023-10-28 at 12.30.50.png (https://v5.airtableusercontent.com/v3/u/58/58/1791108000000/rygD4aZhHleh2P2iOPqGtA/zo7RYj5suFF4LD32Am3afj2OpCE9hg9TRf6Uo8OdFY3VKZwy1IF_uIAYgievUcZtQFjxPtkyYWFfs1i5v9kL412ZH_uw1k1rsN3UtZ7tmXxa_v75wNVpVYjUm89CPpP9LNEINyU_DC2QbUTQO--yVt9c6Tr7FE0tAamS72QXyEsi7NlhQozw-5sLspF3ZhNd/4KN2uNbYpIE7fkG31_qNkgz_i7Zh-2ZKUHOzDuaFVs0),€281.40,Restauration,
4/7/2022,Lens,Jardin de st-laurent,,Restauration,Réunion de travail-repas 8 personnes,Screenshot of madada.fr on 2023-10-28 at 12.31.37.png (https://v5.airtableusercontent.com/v3/u/58/58/1791108000000/QmkcSD4KPhuwNXN1ZQEwlA/zFS7KyBq6HyrGzd_jAvjIRPXg_hn5l2JyHRhYirFiLx80K8n_ONEQgF1qqbFPw23CBiQ7U3aln9VcN8-4q-O2xVOBRMZPmG8MO4d6ha9AISWFjGq4u45NqFGmO0S_R_WuEckPY6Qx13qtQ0U68l1Y8Y7DZCaPHmsx365MjycBZNjC2NWxOgrJjibOTplCDhV/TYdtb75SNdjM3BxouHf9vTRRRMyZysa6l-BGZGWKCuE),€184.59,Restauration,
4/6/2022,Lens,Lensotel,,Restauration,Dîner de travail (2 personnes),Screenshot of madada.fr on 2023-10-28 at 12.32.18.png (https://v5.airtableusercontent.com/v3/u/58/58/1791108000000/55fh9fB4dzh1kgb9zZ5LVg/IgibnqUIABwb9-QoWbWDcx6KrfdK-iKv2yCB1WNIY3RjvZcnxLRjn74qR5w12m5QInFHX4vIvy9kjXwJKu34DV410r1MEgw_Xlmn0G1fdRpP-kH5gB6pVcCi8_Ri4MCJ1S01kUMEXp-t5JPPP_1YXRqlqNezBXonPFyvaugyHBBYqA4LYZZuiGZ_ptZ1zwd1/PvU-Qz-Wkz0LYOyUgtBuhZb7gFArqrAbz_qRIcjy97Y),€112.90,Restauration,
4/29/2022,Lens,L'Etiquette,,Restauration,Déjeuner de travail Maire (3 personnes),Screenshot of madada.fr on 2023-10-28 at 12.32.58.png (https://v5.airtableusercontent.com/v3/u/58/58/1791108000000/reMOJ4c9UZtPf4Darr6FHA/7qm7AK4K26Bze6R_Lils-P4GpQn4VZa9L_qQvXtwiszbbil1YNdDFko_Yzz695pviku5OsTxbGNT9kgChB35IbBY1cBTSysLYcgAiEpmTHl3EpBV9MSD5h9JYWW93_HRNWa78s5M423AIpbVQF7sQnhbBPqL1YaUU8qN_5PA9kyHgHdfXkuVUuJqtwAZus2i/pQYVRAyJeZy-EaEnMQmi_GrybO7cbaQNMaTGvyAGns0),€119.80,Restauration,
5/16/2022,Lens,Jardin de st-laurent,,Restauration,Réunion de travail plateaux-repas 8 personnes,Screenshot of madada.fr on 2023-10-28 at 12.38.15.png (https://v5.airtableusercontent.com/v3/u/58/58/1791108000000/PU4opO7XZ2u6YFhKvA86QA/6ihwax5QFclEtgRylQ9Goc_B75z7zFmqsyfOJHrGw0kyl0PESAUFbpZBdwYj4I98-nPMOHWWwxE4sA6L209VLspVBJG1hhxtEiK4hnjyJ7fKvhJTMD4XjzAsLPLHD8WBMKtfSqKeb6mvJZ6MEJ2PV8CLTfPT73kOwBCz4GsC5TpaGhYuWlaH5yTwW4JwPJUO/yDK61q8tAci2H_C65AuHjkDFXjaylaICgVkHkmU8mHE),€164.08,Restauration,
6/20/2022,Lens,Restaurant Municipal,,Restauration,Déjeuner de travail Maire 5 personnes,Screenshot of madada.fr on 2023-10-28 at 12.39.53.png (https://v5.airtableusercontent.com/v3/u/58/58/1791108000000/g91J0oHtx1KyBQTEeggU-g/suDkrElsWxteH39xyTlakkwU7OVomPSaOR7BOyM4N9JNw8dakRsWEkqJe_9pi0r_ck0GtpRatNubnb0v58Ce8RvVev6HG7SSHcDA3ZliPDRJTZxoMFTjRyW0o4vpRsb5LPT_c1f51HVjaXUZfzatZIQuDHmsEbw3Q1Q0ICc0ZMHUjuObgGlLWJ_8zxFPBzEi/elKoIx1HVMN52ysgfAdojv_CqxjfrHjoRtjey2zlPoQ),€129.30,Restauration,
7/1/2022,Lens,Jardin de st-laurent,,Restauration,Réunion de travail collation 15 personnes,Screenshot of madada.fr on 2023-10-28 at 12.40.26.png (https://v5.airtableusercontent.com/v3/u/58/58/1791108000000/xMy9XJJXIFaXh03NhztCGQ/oRP8lzz-Ag1tnNhgmlt9Sd6MoPDmegTBAVyiA6EhjabhmIe-LnxICSlr9ioK4gw46YP9CCteX17jFs0cciFLTVXAoArIBDYvJQ1JSuZPLA_xzewpvOxR6fJZGu7sYyLSWD6vboF0cs56SocZ2EtbRf6HlIkpqhesu7hNQh14ZhMtyNQtVoZNL_8WBCyk7WVk/PESztVFEzhslC18AswSQQm2-97W32hpbeV2gR2vZu64),€281.40,Restauration,
7/6/2022,Lens,Restaurant Municipal,,Restauration,Déjeuner de travail maire/sous-préfet 4 personnes,Screenshot of madada.fr on 2023-10-28 at 12.41.25.png (https://v5.airtableusercontent.com/v3/u/58/58/1791108000000/ai9jME1Y2cxkarljCGVh-w/DnbA7MNBqMDYwuUGugd7R-E3fO0aTPV1JAF65aRuuWGrS6YjDzWWHCIMQJZNNhxYFOlWuktQzlWJyln30fEFkLIGFvxml4AUU9OaEJFzI-V4zZiZZv4AupfEJdlHF90-qN1Hn32BriXbFr-owVBPk1FsT2q6rd2SMq-LyZgfWnZxS6_7TW2GeKxxOyoJp0ya/xwL23XCo4Wz3Ir7807EnF8poYoadbfqEfzQEMUr8Wt4),€129.30,Restauration,
8/31/2022,Lens,Restaurant Municipal,,Restauration,Déjeuner de travail maire 4 personnes,Screenshot of madada.fr on 2023-10-28 at 12.42.27.png (https://v5.airtableusercontent.com/v3/u/58/58/1791108000000/uvXCz2ek3A4pPxjdEmubuA/B6Kys7AVUfwrZuT7YNzFe336qFxnV_f9cMdcIXGkUBELUMFCF3uJ2gAzY0M_OZ_bZCHIaNYMeumM2AUrqPvnL_WEHhtRgFasTLn2zYg1vLcMpbboYnMuQqU8kX0tiiyLN72KZ6CatOWZWUq1AxCswh5lqUsWaaK76bHvXq2FZaFJ9xwEReU3URZpQI0oqlpC/2DgnVvQW3nczV8v4oWGyph3vTeVZf76MbNQt1kl_O6A),€103.44,Restauration,
9/12/2022,Lens,Le Meurin,,Restauration,Déjeuner de travail maire 2 personnes,Screenshot of madada.fr on 2023-10-28 at 12.43.13.png (https://v5.airtableusercontent.com/v3/u/58/58/1791108000000/O4MByxWMwLr5DQvBLFj7Zw/ASQ39Lhw8igjaLRYKtZWjiZs29_hofteCYJt8rJm3Iyyh-Yvz_iPnyuBG4bD6RQw2E998G6FoQDUNUQ6Yb242uM4odl72kZP4QljoK008PplEz7kyVQDA2JIxRuhVfJEk77h0d39L51oKMfoelWSWW3tx-BA15p2OyDFoY61YlWrH9AEx_-niCJDVijDgd7B/JZKDDxBi3Cj5Zc6OCdAV4TTOIZY2iv0KmkIr5v7ndOc),€102.50,Restauration,
10/10/2022,Lens,Restaurant Municipal,,Restauration,Déjeuner de travail maire 8 personnes,Screenshot of madada.fr on 2023-10-28 at 12.43.49.png (https://v5.airtableusercontent.com/v3/u/58/58/1791108000000/CMSpGjnz_LFnnhLtqXdw2w/xHBi4NB60CYCLxGjya3Kv9K_svuzkDwVZCvJP0nIQq-t_KlJwTsqQxDYUNheQlfVZr1SzNI6oX1u7fs32-s_g_WMl12EduKM6Zk2BNhHwmbpEXOodu5GtrClTunPi0VzDJIrxlzRKOXJd_QDbSIov6C40_a32DyE_BaGh5eWLupw7w-9DZ9ATBAQ0i7VX0HN/bdEMq49di-pO7r1Gjzf8BO1xE3PboWxGlgNxgbtdqHE),€206.88,Restauration,
10/12/2022,Lens,Restaurant Municipal,,Restauration,Déjeuner de travail maire 8 personnes,Screenshot of madada.fr on 2023-10-28 at 12.44.37.png (https://v5.airtableusercontent.com/v3/u/58/58/1791108000000/Lh_Kxb140C0hUrCOsC4SiQ/s9BR2gFDeJAgc1p9pmaRrZ_VWTaJC3QJWto3yQQSKq-EihiBH-8qoZaLEjlq9y0J39zxCQndm14pt_bUlNi6aIxtxhzNvpexbtYx4UQi3WcPLkrbjQyqUg9W0WA5WxTU8hupMHZ-rVYUok4v0ASACUh8BB9TeIPq4B2vBdQH8vLczV8NBWVcoaAD2GjPRWHB/HeLCzjliBWtfmTSIg_l8o0g6UWeUipeJ-bKnofCbT6M),€258.60,Restauration,
10/20/2022,Lens,Restaurant Municipal,,Restauration,Déjeuner de travail maire 7 personnes,Screenshot of madada.fr on 2023-10-28 at 12.45.12.png (https://v5.airtableusercontent.com/v3/u/58/58/1791108000000/CV4fsrjXv87Zbu8AQvyxZw/-6PLhlD-JLcWn_73vzU77LsScstkTbdny8UFoT_MGRWmpiTr9uVmbouWxI2aGxCZmngdIGgvcP-rSehUVB_ug51BGVxyY19FN3MCQuQmovtQQJJ_Ic1ptcbyUKg_gJxESzH20DjUKNqtX_dJAeSDARPOrG7LdslAHSzHFsM11FYEuB25HiaHtZY5UG2uygP9/JX9xnQomCjoKPc_J2zCMj5y1pyJFADd6N8lkWG5silk),€258.60,Restauration,
11/7/2022,Lens,Restaurant Municipal,,Restauration,Déjeuner de travail maire 4 personnes,Screenshot of madada.fr on 2023-10-28 at 12.45.46.png (https://v5.airtableusercontent.com/v3/u/58/58/1791108000000/S6z7GrkP1GVI5yjg5KW87w/Pzt4we7InbaAZi76J3pZ05r2CY1X_-T6_u0ourxBvGTtFdANSAIpbqIB0jw3SufEaw6m3TMz2bCrJKHg3Vw0SrFWJYlyViKuKAunLtOYDCwnymna08LwnuJSyZkTcuhZSqHTEtHfxortG8QA1w15ipu2uYsoZzXBe-Kv6NOYlpTMxFK-hpR7_9rnBczkYJGK/Mw3vdIUyELCL1OCe9LOSvCc6z6JVm4oLwn4WwM7zrEQ),€103.44,Restauration,
11/14/2022,Lens,Restaurant Municipal,,Restauration,Déjeuner de travail maire 2 personnes,Screenshot of madada.fr on 2023-10-28 at 12.46.56.png (https://v5.airtableusercontent.com/v3/u/58/58/1791108000000/J6R1EEXh8NIfagvCowturw/y_MbQUv72sjH0t6z79T4u2sNBpoFZxYEJBntR1_TmRgQ6DO44Jt-8MnGf8uN90URgzamkVqWYZBD6yS4ttgAgqOyj1kHNsAeEn-qGsCrfzPe1VuAWGV1VJDoQ27Sidf3Y2tkkTjFOWtKVmDG2HehVPXbS__N6r9DCKwiz_7K0L9K9d-Ei-GjO2zfBo3NjLYk/0Lz13WJYj5aALO5ilSijzzidLxmw5OiodxjBntn9Wxk),€51.72,Restauration,
11/30/2022,Lens,Restaurant Municipal,,Restauration,Déjeuner de travail 3 personnes ,Screenshot of madada.fr on 2023-10-28 at 12.56.47.png (https://v5.airtableusercontent.com/v3/u/58/58/1791108000000/C4OE4uB-Ly9Il54lKdf7Eg/9vvEm5RUzllBiNS5QeDMpBXdNiLlIDAVL0al6scSxFZx_n-S9vONsOeyqwn732TlRwsFv2Up1Wm7yWk5dozX8FXzyzk73o8sj3zcqG8TsNBgLDRUGig47AcgSD0Yw0l-wFy2nGuRxbg7ZfzX1x4Zd2VxzES71w9Fh2jOKbmid9nGT6JQn0gC9SrAjpA9fJ3w/l76K8Gc0_AxJbJCZxcO2DczEJBy__NQG1Ho20p77QC4),€77.58,Restauration,
12/13/2022,Lens,Restaurant Municipal,,Restauration,Déjeuner de travail 4 personnes,Screenshot of madada.fr on 2023-10-28 at 12.57.36.png (https://v5.airtableusercontent.com/v3/u/58/58/1791108000000/tqJUxURnX0E_4wHJ-ucXcA/822LnS6c37giyTsTPZc_B2xAqWAzZENjNIr-3LKW9QcLg1LDB680yqk5iA1J5Gj81Fv-TEgIplGMRacOn5paFEk60Ec_Mko_K_x2lkHS-FUSY0YUkPcEgaQdR4wi8NBrL0ZU5loCZVV8nvm1rV5KbA0QNre-r1OUO8onlEbYe5VLRzOfW0HMo6M84IbUL3gm/FlHw3rx6c7WO-wEIwH-69O001nQc-uyj5gS_zHDtAjQ),€155.16,Restauration,
1/19/2023,Lens,Restaurant Municipal,,Restauration,Déjeuner de travail 7 personnes,Screenshot of madada.fr on 2023-10-28 at 12.59.01.png (https://v5.airtableusercontent.com/v3/u/58/58/1791108000000/GLOkaqgBDKqGhJ6E7KiGhw/ps_wJAiLikokBNwU8Zd1WVJ6ZQ2Tdfeq8P_Owi6g1PDkfwIKoJmnBi_uZcEsBnRldqokf8dSNeKJI-cVdFYyzDY10OsLbUuG8zVs9wBp-qwPVw5OfWLGXpNnIDqsC-q295rWEKRcHSI_6ZKYxSiwy7fYLFmUMLAn-2uqpmV97zXePPRyxgovde4CRcAzyyTK/CxXCyA1ntqkL2YnCFa8LmZH2eOV-oU8FJEx-iBu3yA4),€181.02,Restauration,
1/24/2023,Lens,Restaurant Municipal,,Restauration,Déjeuner de travail 5 personnes ,Screenshot of madada.fr on 2023-10-28 at 13.01.41.png (https://v5.airtableusercontent.com/v3/u/58/58/1791108000000/ahMkhSOnB_QdwOTkKyfEEw/6h-Ap_wLNODun398ovTgklHtEKkeUZ-Dkc4OtaeigYYh2SbLP6JzL9RJBMju7bHqqoLIGH_YWdsjAnYKebJEAhgV5B8gS1W1hezYJoVvh6ZW1ugIF_ya1oWn8cata_P4foNpKATBf9SJ3LPUIYzU4EzWMrip7ugC4zoHF40r9k-eC1szWmyJyyZQdMF6EVJE/fYE5k2VYRi3rPe3lvLVY9LsQJressUq0-2MsgEDTbOQ),€129.30,Restauration,
1/25/2023,Lens,Restaurant Municipal,,Restauration,Déjeuner de travail 8 personnes ,Screenshot of madada.fr on 2023-10-28 at 13.02.52.png (https://v5.airtableusercontent.com/v3/u/58/58/1791108000000/2HYaU7HuUhJ1AYDD2nEjYw/YMmVpowJ5Wwj8Wh05qB2_f8OaGUnsi_gIeBJ4CWM39fdiSKw26tt9eA7BEWwYW-7CHch83IFrGIFm8fFXiBJjEuKKKvHvJdfGBWnC9fD44mkZ7J8vXQT3C5Mj9zuc8HpPcWs6UYyji_4KFXYjaNp0mESUvYCN7iNzuq4sbI1hUIOKbiq-2P-da_c9w4B_idg/t4mA0wGfHc5cn9fAYfpOPPL-mMU2os6YxaDWgCABsBY),€206.88,Restauration,
2/1/2023,Lens,Restaurant Municipal,,Restauration,Déjeuner de travail 7 personnes ,Screenshot of madada.fr on 2023-10-28 at 13.04.14.png (https://v5.airtableusercontent.com/v3/u/58/58/1791108000000/vws2EAGZ9bTWC16MTBZYJg/-MC6LKk1V4gBUBNHufcnij9O9SDGxJ_ykimLdUOrinNy0RwkqI7ymDPOErHKp8ACojVVvPNV0u50f9MpEbHR_Nno6ZqaUdqkBmt5poiSZYCaEtshJX5nu95VUx4gBN_3Y71A3K1uwh8sqfURkKx9cyC5v0QEwgpF1F1ZINLuZ3DVuHy2dqBMtFQrt25nYf0X/MF5apgF77s_7DI2-qbjl8z9eh1-SlldQKNEHtmG_qis),€181.02,Restauration,
2/10/2023,Lens,Jardin de st-laurent,,Restauration,Déjeuner de travail 5 personnes ,Screenshot of madada.fr on 2023-10-28 at 13.05.09.png (https://v5.airtableusercontent.com/v3/u/58/58/1791108000000/_1bf-KV3M8cV8a_z7X1wCA/BqOJ3Uf-TAzP3xx1KU5VtQcqopPvs48dcfDUjhy-YH4eIOaaxvFNG0PDgXjenrUsZqfCa7YhIOx6YTVe-EWl84ZSYzelL_UAtAlG0nLgRR5RqcWhr_axeK_dOfk6m_OMTgcI57yQvRT5gCLyzite4RD7MhkSYmXnuNTTA-zVJWuBtd9CHtpX3KgtYj29xKVB/UUNqotB-TuLo66dljR11MSiEV8jX7DdSMBsR8HqPxZw),€105.40,Restauration,
2/15/2023,Lens,Restaurant Municipal,,Restauration,Déjeuner de travail 3 personnes ,Screenshot of madada.fr on 2023-10-28 at 13.06.54.png (https://v5.airtableusercontent.com/v3/u/58/58/1791108000000/SYpC-IzncSP_1KAXtX2OBQ/dxpQhnj0mLJac1PKLjj_KyB7IU4GO8KBS04ZEBoFL8dMy-GA6OF0jR1fDNO96A9Xe2qn_CfyJZAHlFJAy-RK8LQw9DVLVch6urZyWMJ_MVmzXZLxENdEGWZFSXk3S1NZQiysVJfJWismuWds4ATVKCHjoKgtA0W0qDEHkRIf22KbdVmQ5gbAdD10gEyGDkiY/8xtLAWVPbRZkCtGpm95N1-rgAd6ezgmMq91CoY92wDU),€77.58,Restauration,
3/1/2023,Lens,Restaurant Municipal,,Restauration,Déjeuner de travail 5 personnes ,Screenshot of madada.fr on 2023-10-28 at 13.07.27.png (https://v5.airtableusercontent.com/v3/u/58/58/1791108000000/J7ecY_-PLgeqdPTuOrulJA/WLqE-IgzqWjGYVtL4wq1sZXqdKjMzrw5U8dNRPEy1vullByrJ00uUccDvNc9V5rrzzAxbw3pd-foSe0E_1gEfZ4h-1HT4J7asxGD_LJrUucX31BCXTWQBWt1_Rmne8Ff5fY191HpvZedq9wC85vnYGRBS98N68Mb_z7Xmx7XOLxAfdx49sU1VpWEcEg_knbS/jT0Y2-l46e1Llgp2sG5PtIeguBbCwjRHHStfKyE78Ls),€129.30,Restauration,
3/2/2023,Lens,Restaurant Municipal,,Restauration,Déjeuner de travail 3 personnes ,Screenshot of madada.fr on 2023-10-28 at 13.14.23.png (https://v5.airtableusercontent.com/v3/u/58/58/1791108000000/XAJ6h303O9ev96aivwQugA/g28s7e9JXBk1vHJI4qx1VrJE0Y6GZe9V3NxYe-JwbkNpeZbkLMFe1fFfgL4ZI2Lx6WIa3MAqbpDiNCXL1jHQgbz8jGOcaEnIittC2rkW6bFDj3aHb6NNRqMXm61PFYc1FJIp1UBg3lSVGGmqFQ7bSTzatBgH8d7HjyEOKYfJ1YrSUEgXVNa3T51EfOnzFExy/n1rqgznb6K_9I_sRBRpmmzXlCkz__INykAljh3_L8WY),€77.58,Restauration,
3/10/2023,Lens,Restaurant Municipal,,Restauration,Déjeuner de travail Maire 4 personnes ,Screenshot of madada.fr on 2023-10-28 at 13.17.40.png (https://v5.airtableusercontent.com/v3/u/58/58/1791108000000/MULodwWb4x-Tlg90hoAQ6g/KrVb8bnVjEisxDCIcdXni2l7xjdShMik0l3Vgf2i80dVzBu2RKrvuoYRE3iJS5KV8CmIu9afzaxXAYCrL9FpGCmpwJ350QLRtdjrlXa0KAfbEczXv0Sk0flZmBy4l6QbsJAN2a-IjT9sk7xDNXLU0dmYEugi9zypWeXnA2svutxwY7-yJ_D8Cy683xN6Pm9r/cLMCdnESbAhqkPdychCNAbxLEC8gCb4JXMzVbDLHIx0),€103.44,Restauration,
3/22/2023,Lens,Restaurant Municipal,,Restauration,Déjeuner de travail 5 personnes ,Screenshot of madada.fr on 2023-10-28 at 13.19.09.png (https://v5.airtableusercontent.com/v3/u/58/58/1791108000000/nHhunwfZMZYzHOjjheiUeA/klGkFk1rV9tWXdpcxk-oldN1-og6oGvT527fLlRcBDvQPFFVWkj4H12E9jPRMm9Onoq6ma-y_oOhKpUL_ucW4OWmwxrmoUigt-iRVY8P-iLjqzJeZGlMrsqMGRMjlU5LHHAY0BvRPm35OEGi4-9-NdXN6GhHipyExSXEj5w0YnnfssilLxmz8hL5IBC3Mo63/3A84XemnBeVriiKD0nEwnVqX7XXcqdtVPebvTfJ9tcs),€129.30,Restauration,
3/24/2023,Lens,Restaurant Municipal,,Restauration,Déjeuner de travail 5 personnes ,Screenshot of madada.fr on 2023-10-28 at 13.19.36.png (https://v5.airtableusercontent.com/v3/u/58/58/1791108000000/mcIO62uFuRV5qK5chPKENA/Jb8_XVZqCYIo1NW6DQ9KlPS1nBbmesAiN4uI0ZkJtDQt4zP3Il6wFwIITxGSFczFi3SrZDt86hC6K5fDmqptoN2sIzf6MuD1wgl3eIIQRzSM6vi1obLvVAhuY73xF6FosWh0RrJ-ARgaNxPDxn0wpJVkkTgLOsNbv_ChPc0xWj-jSwbq8ZcS2j_Ua_K5zFZk/QG48enUEfU3uHKWVK3FTFpyxpuDjNBUhqdsKT8v607Y),€129.30,Restauration,
3/30/2023,Lens,La Vie Active/RM,,Restauration,Réunion de travail collation 9 personnes,Screenshot of madada.fr on 2023-10-28 at 13.21.12.png (https://v5.airtableusercontent.com/v3/u/58/58/1791108000000/EBNncI-_qbnDCE9YFDolEw/p6f_A3uE6fsPN4cJPTJJH4egSqb7A9RJKx8yj3MRLxklAeVfFZWeZhkO4t82vEymjNFPLJG5NPsBSTXvDoyu4kx4x9BJfRHN-CUUuIcEj1Ha5T0YvpAEX_tT2DOps9TC4UKEF7Z-B0jroyqHKBAep58mpPn29s1qKw-jue3rbP0UxDoN9tBXuDdzINTk9mGx/_pZfX2uUL3cTDNRjoNB3EKMrfOqNmENUrcHbYFTaqmg),€297.41,Restauration,
4/5/2023,Lens,Jardins de st-laurent,,Restauration,Déjeuner de travail 5 personnes (Caisse d'épargne),Screenshot of madada.fr on 2023-10-28 at 13.21.53.png (https://v5.airtableusercontent.com/v3/u/58/58/1791108000000/8DcMEa6FoGuvrgA0xcKpoQ/I-hs5xnKZq0uRtjZRh-6JfCL07rjDOfMJ_hjv0D640oI2D8NjKDh98vZokEdPRuFZGl4J5xWJaH4FG4qHq3Cvt8w2rbjALCOU1WszkMMtazdQKgNdP6Brjoup6pG0Gw-sNQeZ-9r6WsysCwKw-6pt2b3VIdb8vdPRWYxIi76Sf5On2T7DIfn0XVqo2FQefbp/basSm6iUj8ObXZgmX64q7IKJDY5qZJtBiXPjaXozwt0),€194.30,Restauration,
5/3/2023,Lens,Restaurant Municipal,,Restauration,Déjeuner de travail 8 personnes (élus) ,Screenshot of madada.fr on 2023-10-28 at 13.22.41.png (https://v5.airtableusercontent.com/v3/u/58/58/1791108000000/uUzcUJxekkLlLHVufrDdqQ/eemY9_DoKYF_waOFmJLqxUSg4AtP2DA-kyOVwBjJcQ4-x14qzxHmytaZk73bb4eQSRA2aQan2yqvHf6Klh7Q9HE3hugtawZNusUAr_ARkjDu6PAi9TciiOZT4DL1boPCbSFYbRaCF8t-ESnPIXh2AX4wDc6v7CpsxnaxSqdjg_ILso37ZfOcBjpgBUCrWSx7/dGcqRGjknc-lqSe8waQDvXZcv-vmR4eBK1mexKm3hJw),€206.88,Restauration,
3/16/2020,Les Allues,LE BLANCHOT (LE BLANCHOT),43207447400011,Restauration traditionnelle ,Déjeuner Georges Cappelletti,image.png (https://v5.airtableusercontent.com/v3/u/58/58/1791108000000/vOb4mF4n-pYFaP7w_pG2lg/YX6WW9mqtAc8QZoArpbVSaT7RkrG1oBKgIJlCIPqcazmxG6go1_EoOWIwBhAVyf-T1TfLlxHi_iPMfHI3ePAKfuniilFmUNKT_w4z-lGQto7K7oMBS9xBSbvzj9UXHistN4n9LLoV3CBQMvQ_-Hi9g/bRHj8BsOAPQFkvsVA9lYYlB7X-Yy_x2uotITNLPo2Yc),€93.05,Restauration,
11/19/2020,Les Allues,Inconnu,,aucune information,"TOUR DE FRANCE (billet SNCF A/R Chambéry-Paris, Hôtel, Repas et Taxi)
- Repas SENATORIALES - Repas CEREMONIE PERE EULER
",image.png (https://v5.airtableusercontent.com/v3/u/58/58/1791108000000/vOb4mF4n-pYFaP7w_pG2lg/YX6WW9mqtAc8QZoArpbVSaT7RkrG1oBKgIJlCIPqcazmxG6go1_EoOWIwBhAVyf-T1TfLlxHi_iPMfHI3ePAKfuniilFmUNKT_w4z-lGQto7K7oMBS9xBSbvzj9UXHistN4n9LLoV3CBQMvQ_-Hi9g/bRHj8BsOAPQFkvsVA9lYYlB7X-Yy_x2uotITNLPo2Yc),€1566.63,Inconnu,
1/13/2021,Les Allues,Inconnu,,aucune information,"SALON DES MAIRES NOV 2021 (billets SNCF A/R Chambéry-Paris et
Hôtel) pour Maire et Adjoint
",image.png (https://v5.airtableusercontent.com/v3/u/58/58/1791108000000/vOb4mF4n-pYFaP7w_pG2lg/YX6WW9mqtAc8QZoArpbVSaT7RkrG1oBKgIJlCIPqcazmxG6go1_EoOWIwBhAVyf-T1TfLlxHi_iPMfHI3ePAKfuniilFmUNKT_w4z-lGQto7K7oMBS9xBSbvzj9UXHistN4n9LLoV3CBQMvQ_-Hi9g/bRHj8BsOAPQFkvsVA9lYYlB7X-Yy_x2uotITNLPo2Yc),€2040.78,Inconnu,
5/5/2022,Les Allues,Inconnu,,Restauration,Challenge des 3 vallées et repas bureau de vote,image.png (https://v5.airtableusercontent.com/v3/u/58/58/1791108000000/vOb4mF4n-pYFaP7w_pG2lg/YX6WW9mqtAc8QZoArpbVSaT7RkrG1oBKgIJlCIPqcazmxG6go1_EoOWIwBhAVyf-T1TfLlxHi_iPMfHI3ePAKfuniilFmUNKT_w4z-lGQto7K7oMBS9xBSbvzj9UXHistN4n9LLoV3CBQMvQ_-Hi9g/bRHj8BsOAPQFkvsVA9lYYlB7X-Yy_x2uotITNLPo2Yc),€252.70,Restauration,
5/5/2022,Les Allues,Inconnu,,Restauration,Déjeuner Comité d'organisation des Championnats du monde de ski 2023,image.png (https://v5.airtableusercontent.com/v3/u/58/58/1791108000000/vOb4mF4n-pYFaP7w_pG2lg/YX6WW9mqtAc8QZoArpbVSaT7RkrG1oBKgIJlCIPqcazmxG6go1_EoOWIwBhAVyf-T1TfLlxHi_iPMfHI3ePAKfuniilFmUNKT_w4z-lGQto7K7oMBS9xBSbvzj9UXHistN4n9LLoV3CBQMvQ_-Hi9g/bRHj8BsOAPQFkvsVA9lYYlB7X-Yy_x2uotITNLPo2Yc),€287.50,Restauration,
9/20/2022,Les Allues,,,Transport,"Frais de carburant pour déplacement séminaire et déjeuner notaire
",image.png (https://v5.airtableusercontent.com/v3/u/58/58/1791108000000/vOb4mF4n-pYFaP7w_pG2lg/YX6WW9mqtAc8QZoArpbVSaT7RkrG1oBKgIJlCIPqcazmxG6go1_EoOWIwBhAVyf-T1TfLlxHi_iPMfHI3ePAKfuniilFmUNKT_w4z-lGQto7K7oMBS9xBSbvzj9UXHistN4n9LLoV3CBQMvQ_-Hi9g/bRHj8BsOAPQFkvsVA9lYYlB7X-Yy_x2uotITNLPo2Yc),€162.91,Transport,
12/1/2022,Les Allues,Inconnu,,aucune information,"SALON DES MAIRES NOV 2022 (billets SNCF A/R Chambéry-Paris, Hôtel,
Repas, Métro et Taxi, Parking)
",image.png (https://v5.airtableusercontent.com/v3/u/58/58/1791108000000/vOb4mF4n-pYFaP7w_pG2lg/YX6WW9mqtAc8QZoArpbVSaT7RkrG1oBKgIJlCIPqcazmxG6go1_EoOWIwBhAVyf-T1TfLlxHi_iPMfHI3ePAKfuniilFmUNKT_w4z-lGQto7K7oMBS9xBSbvzj9UXHistN4n9LLoV3CBQMvQ_-Hi9g/bRHj8BsOAPQFkvsVA9lYYlB7X-Yy_x2uotITNLPo2Yc),€1738.09,Inconnu,
12/1/2022,Les Allues,Inconnu,,Parking,Parking gare St Exupéry,image.png (https://v5.airtableusercontent.com/v3/u/58/58/1791108000000/vOb4mF4n-pYFaP7w_pG2lg/YX6WW9mqtAc8QZoArpbVSaT7RkrG1oBKgIJlCIPqcazmxG6go1_EoOWIwBhAVyf-T1TfLlxHi_iPMfHI3ePAKfuniilFmUNKT_w4z-lGQto7K7oMBS9xBSbvzj9UXHistN4n9LLoV3CBQMvQ_-Hi9g/bRHj8BsOAPQFkvsVA9lYYlB7X-Yy_x2uotITNLPo2Yc),€20.02,Transport,
4/21/2023,Les Allues,Inconnu,,Restauration,Déjeuner Direction Office de tourisme,image.png (https://v5.airtableusercontent.com/v3/u/58/58/1791108000000/37s_WuqqwmhV7AvSIZz2Og/4RgRPJC6rntoj9dLnqRBKYyTrpVe-t96S2oTxLEu1O1DaBEKXNcE6IYLYMc89T2ewNxVwIeVOjyVmI-5ZahHLvrLnk7aDt5TT7Ch4ZKIrBJqJgC4lLjEKrjYqaSaA1E8BevcYXCDZZf6l6vxcfyjrA/vIDrf2MvK7ogcwwFpP4X-9bEjZp5bNdA9jSU8kX130k),€172.00,Restauration,
4/21/2023,Les Allues,Inconnu,,Restauration,Déjeuner Comité d'organisation Championnats du monde de ski 2023,image.png (https://v5.airtableusercontent.com/v3/u/58/58/1791108000000/0IOpg7a39ckiNstPPSswOA/lgBjrN93uuCPl0cdenc0qkvzTSe-nNlsdfnPPEXzVmhfDWZEs8NS_y5zSza9kjiep3muokTcryMiMbIS32S2qfnctTKnXISSh1gEqlHxo1pkcB8_qKhrk3-Cicv3mUVS0bSlOll_ePncxS_P8fwvcQ/HLPrfbmSW_v2YJnB9K07V4UCFn0vCYZmHjNpe7kKbiU),€282.00,Restauration,
,Lunery,AUCUNE NOTE DE FRAIS,,,,,€0.00,,
5/15/2023,Marmande,OFFICE DU TOURISME Millau Grands Causses,42952798900025,Autres services de réservation et activités connexes,Nuitée et petit-déjeuner (assises des petites villes de France),Screenshot of madada.fr on 2023-11-01 at 15.16.00.png (https://v5.airtableusercontent.com/v3/u/58/58/1791108000000/oqWwveKeDfgiVtTVfz-KvA/mwBxNPmK6AZ4GgxDynwfJZ3-aLpb_pMHGTGjXC5gcH_ucP5pMH_gnTGFQIQeB-EVKYfF2JjraZ0-iRDQ9MzFjzEFdudr_rkfVesQVnbdsRhgXyyUYmgIaxDnyGWhF7HIEFm5Q2Ya8nmpeZnbOnKxrtbCvoWIgsDOWyHZrRffi-BAMpflweGZOwonypzLGurS/GHBm6LQMwanJgtLbShbTeZdCaWAmqQsy5vmnPYbcWvU),€96.00,Hôtel,
6/1/2023,Marmande,Q-PARK FRANCE,37888823401562,Services auxiliaires des transports terrestres,Parking (assises des petites villes),Screenshot of madada.fr on 2023-11-01 at 15.17.59.png (https://v5.airtableusercontent.com/v3/u/58/58/1791108000000/LAUtjzvjmDNjq0mCyhV24w/SCaARfUhkwPac6lssMnxh_iAJ-kEmSjhD11ik3vmZ-TTcrGOCMpIFykQALiLDKA50UrsjdIzahO1du9tii27Yp4yWJgCng0hjKLyqHbAYxpw_xeSjFhZCIXzRbe8N31_7c0EWZDxR9gVGmqxJHR19k-emYYK345kHY0GhiT3eKHoe4obriOKrYn7uGuZLKB_/7J1lVn-hP8wV6Ddi8PnK3pN5OKSlavt0gs_ne8Ejz6A),€14.20,Transport,
5/12/2022,Marmande,Hostal 4 Esquinas SC,,Restauration,"repas (déplacement ville jumelle Ejea)
",Screenshot of madada.fr on 2023-11-01 at 15.21.42.png (https://v5.airtableusercontent.com/v3/u/58/58/1791108000000/-5INmYowo5FBAryZDRbJfw/H3QlHTA6P9IPLRY_C-JsAkbsF_Wa_sFZNOnJuX2_m55-78jt-pkP6mN6JZs85nAs3prfxpjNOjG1SZkDW4EfPR3lRYICbMf0jOoTqFkT3emVWnyEzxNA-MXxAjg4SlhC7b9YIZgWHIrP3GtWrVy1NA-VQOMvtj0EYDzzqXEuupqQrMAAFcU9pO1UlcHjo-4g/jj-IAwGHiP6Wd03al-v9F7KxsH1uSwHVAbRZ8JOis3I),€36.30,Restauration,
5/31/2023,Marmande,LE GLACIER,45153519900017,Restauration traditionnelle ,1 couvert,Screenshot of madada.fr on 2023-11-01 at 15.23.52.png (https://v5.airtableusercontent.com/v3/u/58/58/1791108000000/Aua3X317sUenmJEGEpT5gg/aW2ldLpJdPbaPsIJQ-z47rff1CPzq_OjzNAaPbtx36_6PVXXgqXRwG8U1kZUyGwFvk70fvufMajscoxZ4_1MBxOY19oQpBlFak8IM1UORcInXTIDsoHjdUiMUhPn7BgLkQx6ZP84a3Mb9tkb5yMBz_AH2z3vbS05hKwiqvFrxN8rc2OfohA0iNsOMAUrLSMX/OI7CF2suUeyiGh1wI0yan4CvkrR6oEosIf21YwWHOo4),€25.00,Restauration,
5/31/2023,Marmande,THE A-B RANCH HOUSE,34311596000019,Hôtels et hébergement similaire,"1 chambre double, 1 petit déjeuner (assises des petites villes)",Screenshot of madada.fr on 2023-11-01 at 15.25.45.png (https://v5.airtableusercontent.com/v3/u/58/58/1791108000000/zuQLnJZUz-PY10na2fttzw/NkAcOAiagAqxc3FFt0zmaPOAZPDU_Bkb2KmSPi8Rwe1SsR3Q7gQwf3XtJRhKW4N9iAwqoV3swL9BxLONGlgm3FvM5R-ISs_r8tdC5NBLTuaCtv1Gg7ATwMX0mQG9sPaknCCPGlS9R0pBsgssM84Hwe6yqkhghj68_i48Hl3x3Im4uQhXXJ-XPc7VVPart47c/7VdRpaTiNfTI7rFfYzXwYYU75a8SQ_4_myol9xd5H6Q),€81.40,Hôtel,
9/5/2022,Montbéliard,véhicule de service ,,Transport,Transport jusqu'a Besançon ,Screenshot of madada.fr on 2023-11-03 at 14.44.13.png (https://v5.airtableusercontent.com/v3/u/58/58/1791108000000/XG-8SPswMAQbSniSffMoPw/zeTDaAtKIFmdRevpo3_yQxe0sZn3NxJ3oj4MJVfOuwtN_tswQwwb2Ej6ifmldKtGIjDJKTXj5XMdGDMTvv_GEChzxjh8ArwiJ0cCyNp38e-C62eViAw8GodZkbMgd5NUpvBH9KVwLNLmd7vmaOk51D74mcb3Q7rj-sVI5Kc1h-oXBR13eAEzHTL6C2g9E0zk/ZvEwcKeX4JMjjq9qf0PPKVdy8XSl6PzcB3SSlWtLh1U),€56.50,Transport,
5/6/2022,Montbéliard,Le parc. P. Chamars ,,Parking,stationnement ,Screenshot of madada.fr on 2023-11-03 at 14.45.05.png (https://v5.airtableusercontent.com/v3/u/58/58/1791108000000/vkkj6_dwQqsWYC2aQaZ4Mw/z9By3PzpqqN83i76HIU3Ep9rKNe4CVMNtfdSLM59qwRAGKCjtTQ7bYsPuYIVVUIpAG9eMXHh-cPUA-RKXHqtqoAGbt7eRH8hwg52JY40Z0OpqWR3ooiLV5Vl_FiEyTKkBFRxn4rOHr7reSnZpEoqNiLtWU4-cWLzj7amECBFH2o4-vWt98avpb1MI-FzcOer/74J0k5HvWCgsnju2I_2AWO4IdGEx_VVsbBr2_g2CX58),€4.20,Transport,
5/9/2022,Montbéliard,Le Parc P Chamars ,,Parking,Stationnement ,Screenshot of madada.fr on 2023-11-03 at 14.46.02.png (https://v5.airtableusercontent.com/v3/u/58/58/1791108000000/PtebS62GBPzbVEtQNeM-8w/1d53jKoygxiwJuAuBW_CftoHhFP8bnfukFb7rEFfETFMaEx_RBiT2Sk-vkcXfMzRbDFZhiwthJhknxgZRwj_EU1mAW5CBo5p2w72lLEkPcosljaJX331hpameOZjEh8oxm3D0SIR6xQ2jET7swilf4gGO9ifr9sJ2jS_muxGxLU80QvJobSDHC1-bLgd3JTX/4Ve8QMijU6OxtEqopGzE8gIs5c7AxE4G2ZMBPODgux0),€4.50,Transport,
5/11/2022,Montbéliard,Le Parc P Chamars,,Parking,Stationnement. ,Screenshot of madada.fr on 2023-11-03 at 14.47.44.png (https://v5.airtableusercontent.com/v3/u/58/58/1791108000000/6q2KhX4VjMrNXicJWJIsjg/D8nHcJiS5cNZgSHSqfbk9tZoFW3JAFPBx7Y35Io2KGQClnPagE_fHy4WrUrMmvmb0xventOQA4Gd8RW0FNvJWrzymNlZF64BswJMJDCetwo1LLpfjaMP431rZsslq8iVKheelkDcn_83ZCXxbDsoiWTIfWX5dC4g-VUlMOd7bHxssV5N3mpUKnTalozsDxyk/1Mg9-9uI7T2cCBQmu1t_ExAfMgpxM8sBnS6YqC2mT9Y),€3.80,Transport,
3/21/2022,Montbéliard,Inconnu,,Parking,Stationnement,Screenshot of madada.fr on 2023-11-03 at 14.48.22.png (https://v5.airtableusercontent.com/v3/u/58/58/1791108000000/aUqELG8H9lybsibkkbfAmg/mtIm2khpyN1sFCN53bT1OqqrjXLtOf4bbv4AIflLA4EXk7ajVjwWC0InnChFxQg1N9ztDTaxOW3HscIp-pQItYb7RQDakq2t0di26YBugQ37xOT1Lf7yEemNgbBQUhME83apr1wLfifJ12Q4LahU31s53SjoGn9JBjWWWA26G3mr5mRd2PZjr0oX8G9GjP0a/JaPTNmF1ORG_0FSY8FkrzgrXNxSeG1BgubO-W0krU_0),€3.10,Transport,
4/11/2022,Montbéliard,Le Parc P Chamars,,Parking,Stationnement,Screenshot of madada.fr on 2023-11-03 at 14.49.02.png (https://v5.airtableusercontent.com/v3/u/58/58/1791108000000/OJLJHr8pVCrD9KACbRsq7Q/j2brUNDtP0tC7QAFeOGZt2mEX6Hn2fqSeJtCPUcYi5G5B3Wss62bFRLkfryzbVVlk5RHD1Wezx2SyHR6Hdk5dnZ32YKz1mpuT0Rdc82cgkwitPjqpD6RucjHHuHdlPL5gAKw3tVT_HWc9dNBzdOAM4I4BaG_jr30CsKCyXk_8wWh0obtCaVuRxRhgiEJ3P94/PjZjTl_Z1-dnyWAFL6r_r-E6W5KmGTcqZ6A5IQxaXNE),€4.50,Transport,
5/2/2022,Montbéliard,Le Parc P Chamars ,,Parking,Stationnement ,Screenshot of madada.fr on 2023-11-03 at 14.50.23.png (https://v5.airtableusercontent.com/v3/u/58/58/1791108000000/vs1Dv8xJDMgkcUSgVLk1Sw/B9J41EubVRE10xl2Dfz1X9LfllEC26RhgnCG9YUcaUX9lyKYRpwTMcbmbmFKyKrAm3zie2M23MJ0Vgb48gPa4aAE5P8BVQC8w2pvi_jstJAGks22Dh-XK7StDr2uxEYz_N0efQbGW5C7okekbDlJk2mF5kbONEe5k8aOEkcp85gjt3cfB55giH_zJiADfHoe/tmXVk3SJu0E2LnmnFL2e_SQodSKaCS-_st22lHWtK6A),€4.50,Transport,
4/5/2022,Montbéliard,Inconnu,,Parking,Stationnement,Screenshot of madada.fr on 2023-11-03 at 14.51.32.png (https://v5.airtableusercontent.com/v3/u/58/58/1791108000000/-YFtUb4_u8BOAH29OXNTxQ/erGjSGVlYul6EHGLLKxE2nFbJvTeY1Z5_Kd0EGNKryCFGVMSMvkWiy5S5U-N9_oVKVjbIHk5J-tKceS031bLWh5_Ch1woD6_qNvCPROzxFIFq53pRBuEbgsLJpPkKl_E9ozA_r6nacLy-urMuTKRmfrLA4AZaEAlNw7TM6GeKffQBdc5CvDajSNutXBdUgE7/1StG571F2anep52f6WyoWA_8wvP4-edm6XIrejS2ZAE),€3.70,Transport,
3/8/2022,Montbéliard,Le Parc Chamars,,Parking,Stationnement ,Screenshot of madada.fr on 2023-11-03 at 14.52.47.png (https://v5.airtableusercontent.com/v3/u/58/58/1791108000000/CI80HMRutMUkLGN9nN2idQ/bBr4oSEM5IeBSS7qRHVeOwiDSCauEptEyNwA2lJOgKik3hA-dx9o-In67V1Oidt41m4mMkigkhOUAhFvtD6Cuat3hRRGZlwO6IGCmnB21ARqg9lxRNUldL5MhAYWUI2wcZWiP8XFQYN_A6pu3r03RPJWPKDbcvFkwwlLY9rF-DdQ6bJjDgUYwOHE4d6YJwmO/wkiwMusklSY_dlPbKE4LsenPT1XsEPaFDbzNkI_WVwQ),€4.20,Transport,
3/14/2022,Montbéliard,Le Parc P Chamars ,,Parking,Stationnement,Screenshot of madada.fr on 2023-11-03 at 15.00.26.png (https://v5.airtableusercontent.com/v3/u/58/58/1791108000000/SBs22zi7iNXVM8oqYznIYw/y8_tllA6pP-YXEmXn_oK-_sT-tcQxI55D09ohnTyGosa3WyFh4HOia0xfG4iaqDT5fvu1oKllCpp9xNP9c61J2AZNlk1HWnDWZ_YNQyWoNHWh79K8QNDjgxFSHdRoHwXXckYOuHx4c-N3CkaFuU5J7AW-m79uEsZlxDliEtsYFbIWCs8fk1YiWbCRGgtkVZm/qWB9vYcoL0sG7Feg0HZEvUhE2pPtapGDWjB2akXDftU),€5.20,Transport,
8/30/2022,Montbéliard,Besançon Nord ,,Transport,Péage,Screenshot of madada.fr on 2023-11-03 at 15.55.58.png (https://v5.airtableusercontent.com/v3/u/58/58/1791108000000/OCdEgNBEgX_uos9Dwfi1NA/2EoeP-ZK2PplIHgUW5nQbmh5I8jE1yk0-QHGDUiUQfy3DN4TWK7QkG45YbI3Ub4-MGAoL4fQZ-kW-3y7YfmSXKTw0uGgWHXjBSkwLpIgncrUeuPuudFIOHL6rJr3QN_JcuuhbdoZD3tHMpHObKJa-Y_g2uHP1b85mQj0XngouUidCCBX86noIH22xhfNd89k/oB3ZTgkPfv-kwCsJxUTVOzFcB70P7go7zhy65VdLG80),€8.00,Transport,
8/30/2022,Montbéliard,Besançon Nord ,,Transport,Péage,Screenshot of madada.fr on 2023-11-03 at 15.56.45.png (https://v5.airtableusercontent.com/v3/u/58/58/1791108000000/Y4uFALtd6zrRLRipHxf_7Q/A29TLoCtMWIoNBYJpPLq9kfDHSqIwnghqgdqdu2y10pzBqvdijVkVmbuMcZrb47L9R-SYs_xsYYdSaZUl_LYHHWdnG2tNl9X_rijpOoDr8JlZW0h72w5ut23t5uoU80KLQMWiT1jPc9uVFJea8nQWgWGXeoTYJMKlRTiZ3oH5XSKwOGAE3ia8G9uErh2v3rL/eKgsTsMkdnbZYz3nYSIQox8ATYrJIzJNwpsF8H8pvO0),€8.00,Transport,
8/30/2022,Montbéliard,Inconnu,,Parking,Stationnement ,Screenshot of madada.fr on 2023-11-03 at 15.57.05.png (https://v5.airtableusercontent.com/v3/u/58/58/1791108000000/nigv3zqQTbWqVFzcN_J8-Q/UvsBBn-K7bKCZAU95M--0knyUd0sm32p49VSLJ_zMaaPay9IQGTSDYkWqozkvixc4PkcKHtQfCNxixhgbQiYmtnlhlvZVLRq27ToPVqo-7JfFPk8Dclo-bBwrG0dW2a5ME-8WpJAsOmsVkA-pRF3Dfv6ntz5EG6La0cf-xnFM-1U7DuZFAXtWOJJoXjodfA3/4WDcpULHa8g39p7mvaTEUrBWXfOtywT2FK8CEFNEavw),€2.80,Transport,
12/14/2019,Narbonne,LE 89,80880524600044,Restauration traditionnelle ,Buffet dînatoire,Screenshot of madada.fr on 2023-10-28 at 14.14.13.png (https://v5.airtableusercontent.com/v3/u/58/58/1791108000000/OYVbRdF0v-xevl6mpYrEnQ/mCL0q8VgRy1QtBFU_xDXCObk7I7ukTHLX5qEQhdYa7rLVv7XgTh7R4qBhgSw12jZ-U9einu9IA1jiCW45sKwEPO32BIoxI68cxv_j7lhFp9hXn2eAKbXydynz0FUKw1TmWnRnTgQw3VZ0d63_PI8G7LBVswSodlxxTmCESjeDpx6Eh7qXMYHV9JUygHN3f_0/Uao7x_m7eoNcs24egpiCMfRV-00H5-cuP7gGk6XVjik),€600.00,Restauration,
1/8/2020,Narbonne,Mercedes FABRE (YVORRA) (BAR LA ROTONDE),97634075200014,Location de terrains et d’autres biens immobiliers,Repas complets 12 couverts,Screenshot of madada.fr on 2023-10-28 at 14.14.36.png (https://v5.airtableusercontent.com/v3/u/58/58/1791108000000/xz_Sikpf3PZcI9wTm0dMkg/qiOWKK_-rNL0OVninWvDrFPFu3HTZZCy8mp_PORafWBFQ4ulpLjmD6bhG6i8eFVZC0o8XgEG_1tW60_kRLOo6BNio8CnSq-yjOmn3rkh5DICl3xQFofOYz3HwMOnO2kU6_Sa7gfHooRgo8wtEmQeysx52WxB2-uB9sEga9nrSRnhivbbQY_v83dhxnFZHXkx/FSeEREAcAOuKTDGGajXWfXH2ZISBa6HYOpIQydj_LzU),€193.90,Restauration,
3/14/2020,Narbonne,CHEZ LULU,840472690000,Restauration,repas complets 8 couverts,Screenshot of madada.fr on 2023-10-28 at 14.16.12.png (https://v5.airtableusercontent.com/v3/u/58/58/1791108000000/2RXeM1qgxofgwI9axht9Lw/iPjNJaYPjLI3-w_SFlYHCX6YtHjjn4RDjM3HiwGXH1uf2muxDqcjZamh9kKdRBNnRSIA3C9emctMjmgWqsR9sTPSls5XDa3YAYR5opxY4Z72l8SuzKCGmX8lwSV5LjX9Wz0KVvazKYG2Ij1CwZTqdbozaLtJyqQIY_LqLspy3ONRGwesfgRXo8tflqjnrARd/Vckg7PKUOCCN2E0lOSt08n9KXSK4UPZ1bnfegmYyrSo),€144.00,Restauration,
9/21/2019,Narbonne,SAS TENNIS LE SAINT GEORGES,50112051300020,Restauration traditionnelle ,"6 menu, 1 entrée, 1 formule, 1 verre de vin, 1 pichet AOC, 6 cafés",Screenshot of madada.fr on 2023-10-28 at 14.18.54.png (https://v5.airtableusercontent.com/v3/u/58/58/1791108000000/meGsTpIbR6piy_FTOxf5Zg/FcKrFRULq0Q-FeuL8gtlrvqTuIo01qOuVapnswSQifClAt9VgBwQcq97xpLG8TTf2ov4IBfw_76h-eDn7x6jTKRS-kZ1WBPPzSKxrpTbslJaUAwXkt4wjgtEHRdURpJdOVmFpY4VoIMme89IrT5azlsk3Q--rWXvbayPeFh7l5_fQrBHRthv7OunhP_E87-N/S_PYQ72DijkaKUGveNV5gcBvfI-Q8OdYBixtONnxALo),€137.70,Restauration,
12/1/2020,Narbonne,LES VINS DU PALAIS,79117346100025,Commerce de détail de boissons en magasin spécialisé,5 menus,Screenshot of madada.fr on 2023-10-28 at 14.21.50.png (https://v5.airtableusercontent.com/v3/u/58/58/1791108000000/xw2iu7PdeopxwmMwuSyjtA/pG5xNuL9JcS-_mpz4xfgs0sjV8US9ef29awyPD344lVv-bPmIm46zeVS2F48I_AeHS_c1kN1JEwPXnNZTxZ3VPWci6t1rwAg1gCjB1HzoFlojnGkB2mm2I3RkUrSaqBzxiwyQ8RYV_E68YEq8ZASuVvVag5uowtxUBtZU82-xk4vgYxz17I0UWSwC1LW-1y6/BK7DP8ebJP1EzzKuzVUI56YzHAL329KRjO49d9rNMSY),€125.00,Restauration,
12/3/2020,Narbonne,BORJA INVEST,87947624000012,Restauration de type rapide,40 menus bagel,Screenshot of madada.fr on 2023-10-28 at 14.23.09.png (https://v5.airtableusercontent.com/v3/u/58/58/1791108000000/ykR2hJhnWXC5y4Adv0kmhw/8mwp_d4OYz4yv9Nlsl3Kl6Jy1f67nzDmBTtELMt3zzmWZNTOR37b5Em5ocqVKNAelQDflF3ky_41z6Xzo689jmLpV7PukZxFJD1uv0_AhXA_4RouQ5UbLlgqFa27frTJzTOEsE8vvb9fYjv7XwXnJma9mmH5r4Q8TK0Mjm7DfF9AvMScd1FCJqAtX5c_Qa5_/sZftMbPtkXklQsAoqYxcuqvwZtD0hoLQqWm86-Bhj4s),€396.00,Restauration,
12/14/2020,Narbonne,BORJA INVEST,87947624000012,Restauration de type rapide,8 menus bagel,Screenshot of madada.fr on 2023-10-28 at 14.24.58.png (https://v5.airtableusercontent.com/v3/u/58/58/1791108000000/_aU6_xldoIaZAOSHU7np0g/dzLxQY-OVDnqsqg5rRgxm13WuoRns8pFl3342OSIIERFDR5aqomOINufonRS_I4KhVr3nCan7eSPla_GJZBiL_vMeDLvFsUlTE7EdHNF1yRt4v_Gbt57hPYUXtQlAl34F8D-Kw0nBwNwgLP-dfTXcfHs5n4xHety2RKojjIRwty3F5KUdnWPKdWLDX4uItGt/iQTlX5Ih12P90cQnYM-GMjqpWKlPwWhBcwZU3A7SLGI),€75.96,Restauration,
3/24/2021,Narbonne,TREPPUR,81856465000013,Restauration traditionnelle ,4 repas complets,Screenshot of madada.fr on 2023-10-28 at 14.27.49.png (https://v5.airtableusercontent.com/v3/u/58/58/1791108000000/tM1ewB9alO9AZy2userEpw/0Tx742FSRXBINzBhfLz5f1142b4PfimwbSfNYvzP1s0g_E8sCsufL9S3_a_lKUED_jQqSl4U_mfh7C8n2C5FTBBPxoidV-fC5fvdcxOh-lGvMTV1J9zoIE-dqDBq4ObTKTNv05Sw_nI4_IHl453gN1hFKEFCKMj42qxvSGqCjM9c2uQqgTN0Fgt4hN-CEOE1/6uXvyvZGGEcAxHaDSB9cUMoaAwf3vV-EjSJE25d9MNk),€105.00,Restauration,
4/2/2021,Narbonne,TREPPUR,81856465000013,Restauration traditionnelle ,4 repas ,Screenshot of madada.fr on 2023-10-28 at 14.29.11.png (https://v5.airtableusercontent.com/v3/u/58/58/1791108000000/tuUdxOA63RW0UO4SkK-ABA/qoGXD9SmfY7ZEsX_hQFkWu2R2RBqtz9kqrSylR-wNqfgCQCJERNCc9V5C1bV_AT5X-EQr6fWT9zMGFzAhf8D9a6PteDdNg-3gDUv2wdCd9pX7D8xF_Z9aUJ_In1lfQr-RPgGfeI0FooY-XEKVpoDwhX74XHuKrrBK5YYCvStVPe3uDk27xn05KkEaubOAmFq/IH3rUIbs47aSpIjsp0NUG_UW8QW5nmDysgg9c2NHDa8),€105.00,Restauration,
6/9/2021,Narbonne,LES CHAMBOURLETTES,84485687200016,Restauration traditionnelle ,4 couverts,Screenshot of madada.fr on 2023-10-28 at 14.29.57.png (https://v5.airtableusercontent.com/v3/u/58/58/1791108000000/QmmXbDJbjknsVpFDPUlpjQ/K4P6UOZTvGPAvVDQ3R_kMQEnhx9n6MmmOGpNZc8j2_G6RitSCNd2xRefbfn_p7l03j6lJgF4G3e-wimmLN6g9C7UeQodEZusviN6JMtosFevcvfx3SDdr_IKn1zf9eMQ49mYG7wBlxYdCPP8_zx4kKZ51Wmw1mYIIMl7T2EpGgF1FyN4hrhpMp3_TVag-vhm/gxiekQmeclblqHOj3HdlmgWj5n4NGnKZSmqEniB2Xvc),€99.40,Restauration,
5/2/2021,Narbonne,LE PETIT COMPTOIR,47928686600013,Restauration traditionnelle ,5 menus,Screenshot of madada.fr on 2023-10-28 at 14.31.51.png (https://v5.airtableusercontent.com/v3/u/58/58/1791108000000/0l8jgQfhxpXEYNEEOC2M2Q/yqK9UZny6tQh4pG7csBS4EGFJV1LpjbgvmbbUiQS6-WxaP39m01liZhlnv8iCxbvhtTxWkAKXAu7Gp97_yazcNmXu05tKZIm6XD8_ylPb15OBcOtdcBX3Bb5bz36LUlMOXCC9PGM0uCMmEPcRnW-vBoJHqvFepwmegsuiaqT7foPBvJHWeDcOwXjNwBwlbo8/jL02nvv91NTBPjGirM3KBbHGGNduEHMZ0ma9kns8d7Q),€100.00,Restauration,
5/6/2021,Narbonne,LE PETIT COMPTOIR,47928686600013,Restauration traditionnelle ,3 menus,Screenshot of madada.fr on 2023-10-28 at 14.32.54.png (https://v5.airtableusercontent.com/v3/u/58/58/1791108000000/23Rzs3MM7kFW_1zhKIWWWA/f9HBBwxzNDpqDUXuf1INrae9WYe22cQIUJA1REQ13MzANS16tyG1jGJjeq3Vx4j1BeT_2KOM-rUfDLsfb1Gz2Rcu2FP3cOl39z4WI66vlPVqkDfUV92bNM7rzngNf9PSxrHdkee82QppjHSQYl6ks-QEkdT6SxdViS8EYmw5xuedVClKHHFdO1A8Y01nr0RU/SbdHul944OQSkCul1xjn28U_S0RuZsgEepBNoOUePf4),€60.00,Restauration,
6/18/2021,Narbonne,LE CORMORAN DU PETIT LAC,88234683600019,Restauration traditionnelle ,"2 menus du jour, 1 entrée plat, 1 entrée dessert, 1 perrier, 2 peroni, 1 sirop, 2 verres vin",Screenshot of madada.fr on 2023-10-28 at 14.33.46.png (https://v5.airtableusercontent.com/v3/u/58/58/1791108000000/qO7-9Z-LsuOJF4vvn8ZrMw/n_PagssQ5QDlJh7NmMND21jJLlbGh-FK2KhDeP8eiDhVY575N0odqrxHo8maREO9x5Sw6EtbNt7Xu77PS07uFsDKI5TSLG_-oQTn1n-Q7wGH36CDSgtUK0B16tHM9W8or8mCi4odgh5ytg_owFvSISCuU3Xhb7eOwn7Vm5xx37BohWD2AqCL_mwJ_pwJ6Nmn/HBwRVbX42YWccCa_o6wHbYm5uz5ONNd3R3jhOdRnhkU),€99.40,Restauration,
8/24/2021,Narbonne,LES VINS DU PALAIS,79117346100025,Commerce de détail de boissons en magasin spécialisé,"2 eaux gazeuses, 1 eau plate, 3 mozzarella et mortadelle, 1 jambon découpé, 1 côte de boeuf au kg, 1 croque jambon, 1 epaule agneau, 1 retour de criée au kg, 1 frite, 1 cocotte de champignons, 1 bouteille de vin, 2 desserts, 5 cafés",Screenshot of madada.fr on 2023-10-28 at 14.35.44.png (https://v5.airtableusercontent.com/v3/u/58/58/1791108000000/kWdMu5-iCEeHB26qM44J5A/NjIlX-T5M3vEk31AhtAbtLjDd0MoFIB4EAPJDbOSnUBrKAbnbsKbF4hXBwbLqS8tePhVhifqmNx1PEpXG_JiK4UkSdKRF24YeSyAiC6TRGraO4ObV7vHQGXKI5tfm5ODtiji3PpdSSXLyP2LGuTzVYNQp7NXcJ-q9Xe3SmDYxJRRNzzlLlPoOVDYT87V-WAM/pJfmgW2Tvvfc6p9OAF7i1lMZKYlCJ1TMG14rw1QyMbI),€392.90,Restauration,
9/3/2021,Narbonne,BRASSERIE DU PARC - CHEZ SEB,81850792300014,Débits de boissons,150 tapas,Screenshot of madada.fr on 2023-10-28 at 14.41.18.png (https://v5.airtableusercontent.com/v3/u/58/58/1791108000000/aFBhqd5JimEDdEGztzOHAQ/tzaqgbHUpGRHcd1Ber2K7DE5sCBxFAGt3wmYp5Jc7i-vuCDxGJotoGIL16Uoi1wFgKIsG00JcDdy0gte5pkb-h1Zo8EZ34RlAxFtCv5imlD-8Xo3xdSim3mZ1z_-uAeAlLXeSS_bA6QVmRTXxhj0EqYeGPKXQoJQypEyOjdpSuTfmG7jU-HWPTgExS_irlSE/O5b9IVpNRgwGbZqnbpjkIoUGRh-kywI-VvhWBMljC9g),€300.00,Restauration,
9/13/2021,Narbonne,BRIOCHE DU MOULIN,32218653700013,Boulangerie et boulangerie-pâtisserie,Mignardises,Screenshot of madada.fr on 2023-10-28 at 14.42.11.png (https://v5.airtableusercontent.com/v3/u/58/58/1791108000000/vRAlqLh4trzWVB3erW5WAw/hww0aJD3Rg719esk5VQcCrPLKxtqb0vqlHsJTRzLJ4mAmPusgOrDXxVfEvVwAXx89j32feSlI6oRcCNXXYLMNRjROogW2i9BUSX5zeYtGInLDydlG_IMnQUk3PcStukhLYUfX0eSJp3_l3EldY5DP5Rtbe3tSfi0eQpRbbhbNeFZoxhs5u6jSIpVWbISg3mJ/DAf_YoRqJcEI8ldKlpJ0x6TN7y9Xd_TEbztA0pcbQJ0),€99.04,Restauration,
9/20/2021,Narbonne,HERRICK KITCHEN ET CO (HK),83199749900015,Traiteur,"2 plateaux de mezzé, 4 plateaux de 12 wrap, 3 plateaux d'aubergines grillées, 2 plateaux de cakes salés, 45 egg pot, 2 plateaux de charcuterie, 2 plateaux burrata/chèvre/cantal, 45 salades de fruits, ",Screenshot of madada.fr on 2023-10-28 at 14.43.29.png (https://v5.airtableusercontent.com/v3/u/58/58/1791108000000/zEYc9iRsJuFPrX7AjmvZeQ/iO-4Z01E6raRT3nfFL1ENACxi3ne60xAfI1Cwx4b__-_N1uQ_NtXoVJQl0z6FXrJmnjmi3lkufIrrWgLbBcxnbGBoIY8-qiMi-BI8BrEKV9nSXG3BCMV_sPggE5qs1SWtwvP55PUisW7qi0vgdXtU9wHGKhbjNHDvgHAdyu4rH_zOBRzN9dZw1dhcZhcF_DE/K6ikGTxi5GQv_zfuLX-DhZPuPhL5UZTZa8yDa8E1cro),€945.00,Restauration,
10/5/2021,Narbonne,LE PETIT COMPTOIR,47928686600013,Restauration traditionnelle ,7 déjeuners complets,Screenshot of madada.fr on 2023-10-28 at 14.47.17.png (https://v5.airtableusercontent.com/v3/u/58/58/1791108000000/LjOEl_sLVEkDbyIY2PEQcw/_kJ7I9C78S7Jg5tiRLxsghUyw03dyolsZkH7fakHL4puihftp1jwhH4RX5EYvpcOozraKDbz-wdep1tneirWfAVN32novRJSWnHptU9cQIsHVXz8oOPLkPpG20CGzOFD8Mk8XcMo3xH0-oT_6a53p_I_K4sAd_d7MKhjGdCe5FOM2mazS6zzkprALVTCR9lV/ZOyotH0VCv0kz00hHnhaKq2g2NAKxB806tmykPhZDYA),€277.00,Restauration,
12/11/2021,Narbonne,GAIA,82123173500019,Restauration traditionnelle ,13 repas et boissons,Screenshot of madada.fr on 2023-10-28 at 14.48.00.png (https://v5.airtableusercontent.com/v3/u/58/58/1791108000000/a75ZjZ4q3XUeJ9b16_7_vw/vAyVF8Oz-dQozMkTVFruprqdq59glsA4LaA5p22nEflNDfOvthXNocIQEk1djREcLP01woj9qiMr5rb-WfDthjktLZX6zWEFTzYc5km-tUYpmbMOL5rzJh7BLo3QW1FPqCi40pduXZi0qb6SA1sHx3c1n9JwHpcPCRCtk_84tUSvSUwGSkPfnT-Kpi8mTzO-/KAwPHQO8MdAsFmncaJoI5xu8FZCOUETPT3FwzjDLi_c),€900.20,Restauration,
12/2/2021,Narbonne,A.D.J.,80890876800019,Restauration traditionnelle ,"4 repas, boissons",Screenshot of madada.fr on 2023-10-28 at 14.49.24.png (https://v5.airtableusercontent.com/v3/u/58/58/1791108000000/3uGFBOd6pQYvvuRjrD9RDw/ZqdUUPX80rehdGuJ9DO1OdH0OCjrrZuvXUbO02UJur_yKq-mSa5j-oOFzgUFCFTGAEb-Vqn6chsFqqpvx5NxHrH-rJ6DeoU3H9fNNFlm0NFmrqMBEzZP15YcbYgR8uBu6E1t4pjy25-53jbRv9iwcrnK-YnQmHfLWFiikD5HjMc4GdHHwDDQ2cb0N0emrw9B/999tkf9t6j-bSrCeNWaddvYdv6RJ6BlsiEW7xyrGkt0),€117.00,Restauration,
11/9/2021,Narbonne,A.D.J.,80890876800019,Restauration traditionnelle ,"5 repas, boissons",Screenshot of madada.fr on 2023-10-28 at 14.50.46.png (https://v5.airtableusercontent.com/v3/u/58/58/1791108000000/OSvd4ifmYoy7Xcr-iEniOw/JxGein39rkVGKGkxq7cD21-hTcDlZ5CXRV5fvwP1P1G-sz9D1X8EBjXrTZKiRiP4iAo9vFpPeePudgu6SjO_tTqUw3JxivW_9eSVtjw64W_QhzU49y8IV7RHsKZw__0lfdhocflExVRW23HRHC8wYw_8p-GICYFet7nDZgQkDFJjT8UxMrfSftz8_rpFjK2w/MIB_uahDUpxWjPfr2fcossVcEDiBceo8FmVoeLrWW4k),€154.50,Restauration,
12/10/2021,Narbonne,LES VINS DU PALAIS,79117346100025,Commerce de détail de boissons en magasin spécialisé,2 couverts,Screenshot of madada.fr on 2023-10-28 at 14.51.57.png (https://v5.airtableusercontent.com/v3/u/58/58/1791108000000/zNncbMfFYbYBbVnJezpAjA/0DJIMBFW2U02Uc9RjOTSASR7HbvTx_ufT7bZtrjXL209JxD0EifFky1z7I6YwXWrb-B3zM2ebfaBTOAHW_lQgbTt29qwQI9VKocIh5fEZlC0U5C34zl7GBGqdC332QqjMksXW7aC9yauacu2FKt5liQQ1Gm_aBXlMe8i6oNdb7YoQBftRp7WCHDTPSXXZozf/18V7A4Y3-itrV1ezt6V_w318TaVobtG9Lhnj7upcSEk),€49.60,Restauration,
6/21/2021,Narbonne,LE CORMORAN DU PETIT LAC,88234683600019,Restauration traditionnelle ,5 couverts,Screenshot of madada.fr on 2023-10-28 at 14.54.06.png (https://v5.airtableusercontent.com/v3/u/58/58/1791108000000/TyvfO9LQ2PmeRdTuj-KA5w/Ovj7kgIB4F0MoQzTgUu6pZiXSQgWUjWsL8sngcigCJSpT2L_urdBG3aD_vjjsinUTxxTSrPfVIghGqemYP2NT5YgYmEkLXxHqzTp67UQos3oTlcfYGDDxKd4pziMIf5dXqNcCtqV9DwmD1T0sn0wT3mIDXHXOx62ICv94He8BlYjxoXmS3MXTYa--NNtKtIc/HNHKKQOSa3HpCea9mufp9RyVOYDTXWQ_i4hq8u0-Fhs),€143.00,Restauration,
9/2/2021,Narbonne,SNCF INTERNET,55204944776279,Transport ferroviaire interurbain de voyageurs,Congrés AMF,Screenshot of madada.fr on 2023-10-28 at 14.58.49.png (https://v5.airtableusercontent.com/v3/u/58/58/1791108000000/5gUYOGwT5oDXQquAPHU5Zg/dwDS8sTu30X0xdVLDQ0vkdlgJUd8EHuw-Cnq10jMyJl7ZG868oUwUUqlP2mMQfSVRVxMgMT7mYsQDdY-ubzpC4vHqWHM21nSp3aZMVbPjAEA8BPrcTPyw7eafkdIp8_2CgqPhU8zpZxHcsDfsiAJl7FfvEXri9u1a5LJCcaTmGyEZiXhhuSb0N1Q3eKvYQGS/T4-wSQbxBj1v50KwTgXujD-mis5RULOVPr0rNI23SZc),€488.00,Transport,
11/17/2021,Narbonne,RATP,77566343801906,Transports urbains et suburbains de voyageurs,,Screenshot of madada.fr on 2023-10-28 at 15.02.27.png (https://v5.airtableusercontent.com/v3/u/58/58/1791108000000/ZwGzjNar9pzwEaAj95PpWQ/g2HZJxdUHvWyXuTJP1twA5bYy_9W4txgPDMkvEAh9zw3UeZq9Q0ISQRpq8EtJV88S0FoxiZ7iMGDkSua2L_7lv2YIhkItL_CqsKjdivSzPQm2ZIbKhdd9Ysr4pifa9gNC0b7dwuccAsilawBSjc0dKI8kqKo3NUF7aI9HOGpAcB4I-YVk1lzG9A0Ozpi-sGf/f2dIPOdeiuz_UvPyQKbR9gG5gXsFHa0iJmm1tLIq9y8),€16.90,Transport,
11/19/2022,Narbonne,Mr.Engoume,,Transport,Trajet de taxi,Screenshot of madada.fr on 2023-10-28 at 15.03.25.png (https://v5.airtableusercontent.com/v3/u/58/58/1791108000000/f-Us_l5dbc7wv6N43WJONQ/9U_V5paaI-hXwCQ0hpZUIZG2lp7R9KpXu5z2x60ORgVmqrbexKFU85bB6AOSbGywsnurWg730kwpvZbV0Yrcm_D_Wo0tq5AaBuQSCDPjxcMIyk-xyChZaS6JEN6nNeiFKltqZJXEsCVvGSQhCo7UEaeLXq2I2qXsdtL_YEiZo0ALG_KcLi3uYX9FWRI2qe7B/e9NCg6xicFkhPoqaowQrU7ofmiglfudteXa1y-YTFbU),€18.90,Transport,
11/17/2021,Narbonne,TAXIS PARISIENS,63202143200075,Transports de voyageurs par taxis,Trajet de taxi,Screenshot of madada.fr on 2023-10-28 at 15.07.09.png (https://v5.airtableusercontent.com/v3/u/58/58/1791108000000/a4WSI3xGnTGpIc1sxKi01w/XCGbz9AyH0dQd_eRlHiQXHm_RmfS8F7TJkYSSnDILPPzH2wEdg_cqviazDnPupM8HHW2DKb0-sbO21VkgqMReRgilrctnR53LXxjcY87V_7Jlau7pAUo8yS6sH7K8tK4zD_wuQxvh8O2_OC-6i7xloHxJHOryCU4FU54BX8bT-qkKfDoCRa7BjbcWx5AdFQ3/OIwJFdl4uUIKcOaCohrzakhMadT99YVyDlbwDhg6HYM),€11.80,Transport,
11/19/2021,Narbonne,Taxi Mazari,,Transports de voyageurs par taxis,trajet de taxi,Screenshot of madada.fr on 2023-10-28 at 15.08.04.png (https://v5.airtableusercontent.com/v3/u/58/58/1791108000000/iVpBg4ABTSBKLGhT4UfUIQ/L8AfAjaMOXniePq0C6sPw4Bcv24yCHHJx6df6pH_8d9oNOozzp1mMcsjJqJ8cIjYCx9_PzLY0n8vSUg196QqW57H1wD6A74QOVFzQlvtlL1V_6os_Ua8OYe0Xq_uwvxpIg6ALaSLtkvYiCuousEOXOOHgm8q6fhLPFVDRQ8jL-vDF7QhFw4k-8Ozk7dvlv6H/cJCHxmqpx-fOk3nE__dKiedHdxF1BcLL06Vhr7ExCHY),€16.00,Transport,
9/8/2021,Narbonne,SNCF INTERNET,55204944776279,Transport ferroviaire interurbain de voyageurs,Congrés AMF,Screenshot of madada.fr on 2023-10-28 at 14.58.49.png (https://v5.airtableusercontent.com/v3/u/58/58/1791108000000/5gUYOGwT5oDXQquAPHU5Zg/dwDS8sTu30X0xdVLDQ0vkdlgJUd8EHuw-Cnq10jMyJl7ZG868oUwUUqlP2mMQfSVRVxMgMT7mYsQDdY-ubzpC4vHqWHM21nSp3aZMVbPjAEA8BPrcTPyw7eafkdIp8_2CgqPhU8zpZxHcsDfsiAJl7FfvEXri9u1a5LJCcaTmGyEZiXhhuSb0N1Q3eKvYQGS/T4-wSQbxBj1v50KwTgXujD-mis5RULOVPr0rNI23SZc),€183.00,Transport,
1/6/2022,Narbonne,LE FIGUIER,83085641500021,Restauration traditionnelle ,4 repas,Screenshot of madada.fr on 2023-10-28 at 15.17.18.png (https://v5.airtableusercontent.com/v3/u/58/58/1791108000000/1QbtvbtmWiGsJW3tn1fy7A/HXcXyXQIXe0Iiun6oTjGSDAxkrCsRU_7QlkjoxlPi4qdVTOEMmNEXGPSw2weCnAR_t8WbApZYXIH2VR4Ac_qJnTihEhfHK0Z2up8dh0h370fl7Y4-vkgar2nne7m_Kyiv7T8OzrcIf9LGvFy67-9ObVjAL_JRhLBJMoTE2ci1I-jcDLI5m7I8Kn39mUDGWeT/CIc_57nmw3i5uyrDDD8uvQQARNO4t5w9mBucKQAx_Po),€103.00,Restauration,
1/20/2022,Narbonne,Le petit comptoir,47928686600013,Restauration traditionnelle ,restauration,Screenshot of madada.fr on 2023-10-28 at 15.20.53.png (https://v5.airtableusercontent.com/v3/u/58/58/1791108000000/PDwyoa9CK1OW-wwgNil5_g/UUvzMFOocF2HA14qyOVD_OA1ANF6uWfXUAMJ5LY3t_kmPXublGgVPZILWdpovsOFDue03yZddgFynY3mTmdUwr7Jzc7oqH2F7zXC_ZM5YBMcZOrZInaK9F-2RX21lmxugDEHgLRN80RFcx2-2MwPMNqCXgDD5k5lLJPIGhPN2qUpBiUyNcgsd-VCXmC0eelv/ZW5TRcFUE7ugjO8Il1cwLR0iMKvhKK23nTn42kaWukw),€336.50,Restauration,
1/18/2022,Narbonne,LE PETIT COMPTOIR,47928686600013,Restauration traditionnelle ,5 repas,Screenshot of madada.fr on 2023-10-28 at 15.21.48.png (https://v5.airtableusercontent.com/v3/u/58/58/1791108000000/4KWzbYw8OIDa3oStxYhW1A/dqLlkfud89OFdnDjDDpLRGAUZrxdBGlSENXvWTh5xFDx7A7BMVMSrvru63xcXsKgyLJ1excrv7psW4TPTVHp6XuXHn2d24FhNjqGXxoU7Sc80J4Epfm6a6IXAN4r1ccfNmB33NChHZ6IMOhWhTi0QVNO228XhgLVqnIiSB8uLZlfwkOgtGlKxKrMg6rBrhml/qz48RFePRW-Q-gE92R2VT67jqD5_T6zqHfTy7Nu5f4w),€158.50,Restauration,
1/13/2022,Narbonne,BARBACK NARBONNE,88976478300011,Restauration traditionnelle ,3 repas,Screenshot of madada.fr on 2023-10-28 at 15.22.40.png (https://v5.airtableusercontent.com/v3/u/58/58/1791108000000/-lrlLwvOgFdtgMAbk4MVeA/Ih8TjG8kov4rxKL4VaNMishf1VqWsyQ7RCDkQcr-0xuofgQjCzefKgViIxE8APMH7e1Wi8k2_Kz5vSfHyu64jSxSLil95WGNI-1egMsXn4LPCAf2rE1KhIRwYNraiKtCNBYeITowfxQAZabmouK0I5ZlvGqCzvzdBuYuPLcAkgou3lcn1qNbZbrfbhpRrEnp/Y-O9QzzJBgLe7jI9GT8T2FCK9imWIDDOmCieKI_LcKc),€83.70,Restauration,
1/27/2022,Narbonne,SARL REYNEA,53203508600034,Restauration traditionnelle ,3 repas,Screenshot of madada.fr on 2023-10-28 at 15.24.04.png (https://v5.airtableusercontent.com/v3/u/58/58/1791108000000/vqKTH-FXYDBc1TlL8HlXqQ/qK7E9l5U9Ookky5HJUXDy1FJFVwy-xOq9JfoX1efdV2OhFEerArnq7UZupq__REVXhvVqz66YiXCtDVSBbZSGXsh5upOAuzlK6uQnRc7BdyNkdd6CyqETyEDhq-2h_jhr9I5AOBodKbYpHFhq4XgqdR4fWaEKwZ6dvXenias1n-QfpZu1BTUbU4O5Ttm7Gwn/oqtRXPaH43sC1rKxnc6gWdOUJVymbzx-Uk8dgxg_OyM),€204.20,Restauration,
2/18/2022,Narbonne,LG-ART.C (LG-ART.C),50393774000010,Restauration traditionnelle ,"2 coupes de champagnes, 1 bouteille La Bégou Maxime M, 2 verre de vin rouge, 1 eau gazeuse, 1 eau plate, 2 plats",Screenshot of madada.fr on 2023-10-28 at 15.25.37.png (https://v5.airtableusercontent.com/v3/u/58/58/1791108000000/1y_muEXM2iYukUVKATmdHQ/dfnOL1hxQsHhBEr86CG2_SAOiz9YKVKqdsrVQEdrr39DS4TXiaNSZsSNcRVH0FB01dfFWHwTAdVXaNSdG2Z1uGI8UbJ1XXQExTIkB6yWolcbame31wDX-bM90sYZsQq4B5kmDXT6O4V-Ij0n0J0rLk_EXVDqj58MI9LPe9V9pPS9q-xNQBWKxtJhWhBvj76x/qJ8e89CkrpbUeZTENTqMqBCb9sjHDvthkwIu3AzPLX0),€377.00,Restauration,
2/17/2022,Narbonne,L'estagnol,,Restauration,Restauration,Screenshot of madada.fr on 2023-10-28 at 15.30.30.png (https://v5.airtableusercontent.com/v3/u/58/58/1791108000000/y3kRhVuqfWy7zDdo2JIDWw/4c2tnbIZrXRpt1uDPfYBPoq9K31Jgk-yuhQYX_i632QQS-W0AfEuYdXcpuizAoQdVA6RqLkNMuUxMxmEkkFtGTSUR8UmlfX3JQv3gprbCvac-6L1UI_GulPj40fRspmNyAygN6v5SzSn-zScxT4qPZNMU6OlGKXlyIJ_80_kpf63kXpUldn1cSzCwPNh42Y6/OB4CK9Gf1cUBf-HVt3S9kmw9xhU86AaQBkL76vXFOTA),€291.40,Restauration,
2/16/2022,Narbonne,GAIA,82123173500019,Restauration traditionnelle ,3 repas ,Screenshot of madada.fr on 2023-10-28 at 15.32.41.png (https://v5.airtableusercontent.com/v3/u/58/58/1791108000000/Wod681cfxYqKZFk1CdcfEA/yNKvTLVamA5kk6q7D71A6dqEW7xyzbY2QR-gNHACs2U8rKQw4UgNSQMpzWb4ES-XUuCr3q7QMq3YWtnNfEZ5-lok82sQYz7XSmZvV3HYuId4vTG8LJ3kMR82HJaVOPVUIFZY2w3Q8_O90cVe9zzQn1lMfFcuNUzd1dr9fv_Vsmi3lcZH_tt8KkShIzC7M8GC/eKSxQtvXd_lUpZqHVmecHoFDoMz9piOL_hOS_R9CsHM),€89.10,Restauration,
2/10/2022,Narbonne,LA FAMILLE,84085972200018,Restauration traditionnelle ,6 repas,Screenshot of madada.fr on 2023-10-28 at 15.33.55.png (https://v5.airtableusercontent.com/v3/u/58/58/1791108000000/ssjV05M6q6uh-5S3LNRnzQ/3RnA0Ulq7ILrXD3wZxS-6gEA_RxShf4FMh_zXxfIijw-FxOT1S7LWqV9_FRlai66UGQsHiHdKl2JrU8FcK67AVqCOc5_9dLCRD9qM6IOPOGPAy76nnZJErbqKkpbLfyKW4nVzgF1ujqKq-ZaV3BdkZCvKImQRdOc_UnUJ1chO9qVke6UbUoS0Vi1ikqZH66m/w-5McMdeeGUw2OmWaHBS8JxTSgt1PsbjpYiaRtqLAK4),€155.00,Restauration,
2/3/2022,Narbonne,Antonio DI FRANCO,42373537200025,Restauration traditionnelle ,Restauration,Screenshot of madada.fr on 2023-10-28 at 15.34.55.png (https://v5.airtableusercontent.com/v3/u/58/58/1791108000000/zP7IEuMQQ38iRJzN1FA6Zw/H09v0akQOHYKqEZNJEN_ZjqtBmWk0Llg767yEtIQJC1Omh_cIiHr-1AqWqPSU1VmKJiIcHr83X0BA0Y_rAWDRs8QsdoXUnlGk93kei4rDkogJLZg5UQQpeuVUu6J1Myeb7mEfUAh9hmsYrlEqVuyseFueB18-ffAgT7dOvBk61i9s7mf7nnPFQWpbq4-9p4b/SJuggDZCWTdasa2sswZuSpoOkj5SqdCUzhI5fNK2Xb0),€80.50,Restauration,
3/10/2022,Narbonne,LES VINS DU PALAIS,79117346100025,Commerce de détail de boissons en magasin spécialisé,,Screenshot of madada.fr on 2023-10-28 at 15.36.11.png (https://v5.airtableusercontent.com/v3/u/58/58/1791108000000/U-NAJJ0JslZmwD7DrLH8Xw/_obVWGksPcIdXjkSMQKsYw0KyPRa6QIfcwuoCSDva8VMwBg8E33CoLuNQ0jTklLubo0SFUDRH8LivBDHlTBzBJPhMH8S_dtN926N9V-HVxPt3oN9O5DEIU8njRTnCKm8Xy22t_47bQP4U4DSCL_71Ee3D08OjqThHN6pRPqM68ayxCyOYHI15GFqMe2Jj7E5/W7BQPGBgdHe1mCnL5rxxboDMUIqiuJT6WZzWKoNuHgo),€258.00,Restauration,
3/11/2022,Narbonne,Chat.Hospitalet,,Restauration,,Screenshot of madada.fr on 2023-10-28 at 15.37.15.png (https://v5.airtableusercontent.com/v3/u/58/58/1791108000000/CHxxxu2SHRZ5GpY5FURTbQ/cFCHnd1_9emteacRIwNDVeDnKunYey-97wEPPf7W1rhneoH1VILO6J36KStip4K6BfazYvaoq5bSr14GCfzZE_A0y02-mj3Lr3MoOrpcpPcSXu6M2DSEHDeqYCk32Po8MFsCGUZ4AtmyekZrtmS2vzQbiXW1K-tNmiWaKcguAQZ5beI4zvyyGA2xDES1JYgm/BcwzxnDsf4tOsEuEnZR8UZeObtTQfZhaNS04FANrTdE),€116.00,Restauration,
3/3/2022,Narbonne,NEW CO,79936319700010,Restauration traditionnelle ,3 couverts,Screenshot of madada.fr on 2023-10-28 at 15.38.19.png (https://v5.airtableusercontent.com/v3/u/58/58/1791108000000/SSvtBXikGJURIdZXtoe91w/eDnL839XLP8jZvSLxqePGNqc6rd33lVvR8uW-I0G4BgwMYnjXcxbF1djvszplo3scrbWu5w-AgsivWb8mvChu75Gf9x14g-ddTRK1O__OtaNl0pP1GL1CxYJKhy6c7pXYKyLf2cl5ucws_ep3ITdnaLZ5ZUBaAdOTbWNhhvByVKcmXrG5s9HM2FYGefnHsLC/W6pWAgj2mcNkDxfg1ZeXZ9xx_vsQZ-xsnojbw20_giI),€62.30,Restauration,
4/7/2022,Narbonne,O juste,,Restauration,,Screenshot of madada.fr on 2023-10-28 at 15.39.39.png (https://v5.airtableusercontent.com/v3/u/58/58/1791108000000/uS4OPRp-jLkHr4i58oORgw/EB2ZODX92Qb6RDcI1f8t5vZYYlfipii4ox5kFAdovrKOBb6-H2wnRzlxjBnG0tqpZdpumHUq40s8o2WMLbw2H2mTrPOZGfzlobMfuoMGTLBD3zUKkIUbFj8_VY3WEUplMvJhMGYR7cVsPlp_Ns9M4TdUR_x-BnRzQRXGFexf2e1SquziU98m8XZ_HzOTIe7p/FPYMIcdXRvj9HHC3wnJTyicJh4Autzl_UIlLDMMV-s0),€187.00,Restauration,
3/31/2022,Narbonne,Dolce Italia,,Restauration,,Screenshot of madada.fr on 2023-10-28 at 15.40.57.png (https://v5.airtableusercontent.com/v3/u/58/58/1791108000000/1nRWTivMH6VtIJBtOscvBA/z_BqtdrWSWPwwp5S4rgdIk9uRglMMn_w65rV1TqKE8fn1anZ8m0G0qwdcLy3ba-03u3Oo-NBdg5_n5GeuL5cUoSMWkH4xWk3uCcRxUVfUOeqYk3WHyjWbytAzhrrVyT05TQwB2KpGHPaN-6Gutxg56ltTCXjVaU6njV-2vQf-VmqX4g3x8h7jtj1mOIxVgtN/wcXUPD7q3gmShuT3UcR7D2nQtedsYvWBOSYR6ZcTVTw),€125.40,Restauration,
4/1/2022,Narbonne,Chez Lulu,,Restauration,,Screenshot of madada.fr on 2023-10-28 at 15.41.32.png (https://v5.airtableusercontent.com/v3/u/58/58/1791108000000/y5GFmCYTl_Gk0bTo8VjWDg/Zuxdr4k1Q1zZw8hkSbYcedxElgY-CrEDjo5-kDkvu1nLJ7dEOXHCFaSfhrSy1UYoyRezT4B633HlyYSKIkjlzyWtJL4fA9Swg9C_f5Po2G738GpXwGZWNrafreFHmXV3CkVdbYR2fcgtZw9Uh4VBJRfnFaDeJOuEmJutuFU-etMFIcxwKNhVfeNxTd2hEJOd/ehrxHa-bjAWutY0nj5blHLIIoICwG6GTZMgzQHr7zC0),€257.00,Restauration,
4/25/2022,Narbonne,CHEZ JO,,Restauration,,Screenshot of madada.fr on 2023-10-28 at 15.41.53.png (https://v5.airtableusercontent.com/v3/u/58/58/1791108000000/KnmjzU2y8EL1I15VWDWlmg/cebuePI2L-87tOMTQpbKWGCAaVpCyyrSySgxQAHpmSIiCV0uYcwYLlQMpURB5E7iQbWawftfZcLYiOS1abJn-dhnjmM-q8PvjMNTtYRmyDutxStngsITacJS1Q1-KWf2InjLwOP9df-DOyDDd48m8P41zQ2A2CE99DGvmeIu_EydoKvTNAaGEi74hQo0ytPB/Rxib9fRErRSKnnYzFgd8MMr1YIudYXVG6iJV9ssXZwI),€103.40,Restauration,
4/9/2022,Narbonne,DOLCE ITALIA,42373537200025,Restauration traditionnelle ,Restauration,Screenshot of madada.fr on 2023-10-28 at 15.42.17.png (https://v5.airtableusercontent.com/v3/u/58/58/1791108000000/V6qNWzBHWoB_3IgJ4k4Tlw/U9429UOlNHp1I2Bjb9XZP4yzchMf-1IEzu8reoAClB4c9gbEw16T8KA3gxInrHy26bbUBsHYoBR457ysn-eExfx4dHnC5ZdAeYeCv8AezbClGG3-dkW-nHPIrBQrurGvx_JJj8H1Uao1rsEp-nrEXcV1cqvnaWZmaXEJm7Lf-aKqIX27FXjfSmTJ2ewXry1s/1r1b2ZE6wldtLrss0oL55gkfePztVXUql2Uz_pSS-Cc),€211.50,Restauration,
5/24/2022,Narbonne,DOLCE ITALIA,42373537200025,Restauration traditionnelle ,Restauration,Screenshot of madada.fr on 2023-10-28 at 15.43.34.png (https://v5.airtableusercontent.com/v3/u/58/58/1791108000000/Ae-UcmOw7QZ41jBZVv519Q/hIKQ3_J2xwfaLASPSDCYOCOXRbuhW5Ws-raSLGMllByUuzF0O1LvMOMPO5j9JN_R_YcdHlTXaW0l4pCVBb6U8WTzEpP3Uk7fjh4PmDkEi75-XBADvC_7XzSAKV2P9sfxKcb0ujIFINUe3uVp-dEjyoR_U26SRCXYPUmklMnz8hEng7sxbIZc90ZZIUc3tNaS/-6-oSeIZjqGf97N2DGAIpuOCH__TYUIFbm-pgKsHohY),€168.80,Restauration,
5/5/2022,Narbonne,Chateau Capitoul,,Restauration,,Screenshot of madada.fr on 2023-10-28 at 15.44.50.png (https://v5.airtableusercontent.com/v3/u/58/58/1791108000000/LUU7URIXeclV_vCG9R0eCA/zrh9yp0Zof6sh2bxwjDC9LGfWc-jM3OwbsqfmNmq9YrtZ5bdq4GFSb4S5ohCcxD43tRtE6MEODY3R5sl6RxCuY_RSUtupJPQXG2pmxIMkUfniErgmM1xWqyDuwvFrHqam2q0_9-_gARbAfz30Rz8Ao3Z1P-Pn_n39TA8hc-8goUX_4MWrUqmXfv-GBYo8M24/fXa4qW_iBH11rkibyH40mQg0QM9N5ygDTJkiUm0ITYY),€370.00,Restauration,
6/17/2022,Narbonne,Brasserie Parc,,Restauration,,"Screenshot of madada.fr on 2023-10-28 at 15.49.19.png (https://v5.airtableusercontent.com/v3/u/58/58/1791108000000/hzDtw6xrq727c3HXsPMrvw/L6wKkRcHA5u7nIAjghG79JDQEGQDRVHNzcTeg5E0gQSOxo66pCjs_-B79oGK_NjhMvYg8oTXkLYP7y9NV1WVue4d6aKtdVSj12DF5fKr5W2ghilsju5zdiyJEHDWRdrjacbC6mjbtv3R02kB7fh_PezOwx19KdK3LiWeLStrbIzzxgGpfWkTbwTC1LWfiOTE/HnGJSMc_KKYgB0JxPmam4tZS1IXZ_r4n2EEAX5-m0ro),image.png (https://v5.airtableusercontent.com/v3/u/58/58/1791108000000/kxsDmcPze8DNrlceCyWmgg/sgqiAydbT2DS2WqAiCAqX18lrzOpIaMwew_gG2Kn7NVEwOE_elDvrFKgUiu2UpaI07tG8hk3ck7SCfxBkTuZSZ39t0NEkJnEkjylUPKOXB7SpaUAmBSl0RqdqPyYsjzBUeydkaRqv56ezssuWQ7_3g/27rqGhx3xgm9aMOsT7_XxskwneU9K78LeL3Qp_uZRsM),image.png (https://v5.airtableusercontent.com/v3/u/58/58/1791108000000/E7miY_9FB2rZRZeKT3NoyQ/hbGQnBlbv6acbhlmcXQeTpKcx7C5IJ-T65xKbLqN_m_l6TpwGtxyPRe1ogYrgaKyhCrWukvj59DvIGcdkcuiJFPHT-ZICpqS67sT6IWHVTYqoZFNqc-TSl-cFzd7COvbMReVAvBVOFkr_EsQ9nhwsA/0rUQylwHpFJDuG0SzrTp_fxkNgrVNnn4jZLM20_db9o),image.png (https://v5.airtableusercontent.com/v3/u/58/58/1791108000000/oTRFe80Fyuw_8VnA1zbJRg/V82SZOWQZLNlHGo59RWfp_P-3ZqVmyVF-AJmbqPwPOxYtDUKkF0zEgIfgQdXZUDxmf-6UTkRZs4RYvb66ROfuStCzOWaMW7GIihXCUPaD5YJMqjGZSs4O-BqSsJBGG_97HTile2BvMPCwVKM63fjxg/EA55Yu5I1i-w6FLvo00kytDZwnYl1QAzW4ZgMWglFnk)",€513.22,Restauration,
6/19/2022,Narbonne,En Face,,Restauration,6 repas ,Screenshot of madada.fr on 2023-10-28 at 15.53.10.png (https://v5.airtableusercontent.com/v3/u/58/58/1791108000000/A-LjiBQLC9j055IqO_aurQ/4Mw5qXhxy9XhJRvATcZMNU1dovmrAA9riDykjOqjCYYAxOU45RIqgsyc0e46DbKXSRzdMylXNhzhkYKyZb3mVIICnBVOyYVRrTzweDvQgeQbul0fizfcBuSzRM1gSBRb4HGlvEfSLwh73tKXVDEx5SHgijg4r2Zi5fmyvmobdave_8kj6vyO45n1ZKFt0Kkc/ch-2c5Fwk3ALzeKM3484QZ-ZAAdDNQHfZ97niuUZDDs),€118.50,Restauration,
6/3/2022,Narbonne,SAS MEYNADIER (L'ESTAGNOL),51129712900021,Restauration traditionnelle ,5 couverts,Screenshot of madada.fr on 2023-10-28 at 15.55.46.png (https://v5.airtableusercontent.com/v3/u/58/58/1791108000000/CmN8K2tXFhSSRjwIreXhww/Ju_uostXVGGcIhpSxGlJtptQZncxrxF7szSoOnhHlFTGJ2ygMRzLdigH-7uA5aCNRKFpGoQWtmubUUOpdTnFuWQTNyqeTEK6tmEItIX0xU5ZKWiWf7iWuFoWisC3OQXBAZNycFfv-4U2hpa3mGNPUqpj_RzHNhjpbFkE4Mxo4C9J2qW-6HIT9Tqi8u6DpYdD/OnWY7uqs4m26tsiTPPtHdsy1PY2Xym_O2V88gQj1LNo),€124.00,Restauration,
7/12/2022,Narbonne,SELAN,89086261800018,Restauration traditionnelle ,6 couverts,Screenshot of madada.fr on 2023-10-28 at 15.58.51.png (https://v5.airtableusercontent.com/v3/u/58/58/1791108000000/Y8P9LI5AJlzIlx1jVqqUBA/pFHVHSX2ZYDIGGbdvehJQSayCE7-Cba960dr2-zw_STDRXprB-_0ZWw0WoZml88LH5cHWvi2052MOy0DF8A1nf-Z8OMAa5J60kt0vKQqjnL9_5Oabrs4TTbSVppRG29Zx7STDSSd8CiFgBQkGS-dhCLZ9NwMQ8eHdXk68HgHWoauxME5JlEVrWSLLjC_vmf1/4yTKSYTSA9CmBjK1UNUy2JagkFwzoztXkksmHoGs_w8),€209.20,Restauration,
7/21/2022,Narbonne,LA MAISON DES VENDANGEURS,80886193400038,Hébergement touristique et autre hébergement de courte durée,4 couverts,Screenshot of madada.fr on 2023-10-28 at 16.01.58.png (https://v5.airtableusercontent.com/v3/u/58/58/1791108000000/JP4KCOo0yUQihnWW_k6aYw/93mYzg1fp1qP0RvFyq2K03tvwPdXYIhn0fTVQ6cuy5YgjOc1Jzcsu0uyJG0CrlmqXigtNPi0rXJwtmiXyEE1tAJxOHIA5U-hxho7eyXSZ--qd0Jf8shotddZ6SY2_63wLe0uxq19c0CBPdIz3Eqjvm6TDClGEqEo9xWd9_vlK8pOzWT7Um_3JuTSxi_4epwN/OtEHSoqEDALN1-RDRpc4CiZ7KFvg_TJR4JXpxHMX4FY),€206.50,Restauration,
8/2/2022,Narbonne,LE PETIT PECHE,91123231200015,Restauration traditionnelle ,2 repas,Screenshot of madada.fr on 2023-10-28 at 16.04.26.png (https://v5.airtableusercontent.com/v3/u/58/58/1791108000000/0JftwWweqAPlhTxslOKM5w/4-GU2zTdTTI2JRjmwmNDMF8wCEqjh5GPqRs6KZ8iR1mmuKGRDVH5X4AxIkqvZCJ07JQ8wAK9p8bNNOUR26uwV19PglXEvqJGkY9nRDONYgRsxH28kuOmMWY8rjr3WV2Npplbdd-MiIoZRzk-qk5Urpd8D3OjUem15b3MJZgHopWgngO-u_akKKUJTRTTulHC/SrUUP1WFZNXAm8DOd5L5eyQTg4_nUfMnGTjr7WvQhKE),€51.50,Restauration,
8/16/2022,Narbonne,LG-ART.C (LG-ART.C),50393774000010,Restauration traditionnelle ,3 repas,Screenshot of madada.fr on 2023-10-28 at 16.07.26.png (https://v5.airtableusercontent.com/v3/u/58/58/1791108000000/a_NfbDvoJYm79AP4mmj3NQ/lhMfQ5QyfFsDKb03FYXPwCHvrkvpHzN5Dng_xYjHquHNCDHhFrQM0soP3qtiUM8xvFZsU_R_7xEuYAEwwfYoP7eugSjh5fEigLNJ5TmP1FM-nsdJ6ysd4-VJM3WoZrewVW91OxJ5_scEPvK1qpz8M1BGNzwRYJn7vcqwCijlpFbTocqQbS-uoq68AoYxfP20/WZo19j7Xl5MV4NrF47p-CAU-ZMWPC2cDqQQ3jYwxgl4),€419.00,Restauration,
8/16/2022,Narbonne,LES VINS DU PALAIS,79117346100025,Commerce de détail de boissons en magasin spécialisé,Restauration,Screenshot of madada.fr on 2023-10-28 at 16.08.51.png (https://v5.airtableusercontent.com/v3/u/58/58/1791108000000/0scksyakvFxUTwaxi-BuoQ/kygbWbuSVg6QtulNqRPKGpq88-ttHIG8Jhj2wZVOxWtILBfu4HoQ1MN5tIQRmo0km21sWBxNzN6mn3EaG37JyaBftjiGU9uags0TBKgi6j0YbDpGC_g2FOkmkQlfWfchA2EZdx3Aa1_1IY1tYGbImzJ6J5E-5bgCciihPRTBqMnFTM-YkvdyDveyVn3Geij7/Wnj50l48zY3-69RL94VTbzTPv1MX5fSdf-2RzIcKnpo),€45.80,Restauration,
9/1/2022,Narbonne,SELAN,89086261800018,Restauration traditionnelle ,,Screenshot of madada.fr on 2023-10-28 at 16.11.06.png (https://v5.airtableusercontent.com/v3/u/58/58/1791108000000/wOq_0b2GA9uPTnO1LXH85w/X-W-C7UBlOzTHDU304IoPXtyq5UA2eWJxXtNVrSfgSTXUKKE7ZIpXBvsaNLa38E0iOt_4a0GRBhfF1uVDcV8mABXpBqHjje4l9IBF1Ohts6q_d89admManay2dGqZ3zOKf2w5vy14YIc1TS-HZZnxsHdLNO98j31TUJEy4djlaAeH5C4HF6_o_JIyHOnhWZ0/bv9SQi4z6MxrGb1hjaRRlMey8jWuaS8FUxfTJ9FhMwk),€54.00,Restauration,
9/1/2022,Narbonne,SELAN,89086261800018,Restauration traditionnelle ,,Screenshot of madada.fr on 2023-10-28 at 16.13.33.png (https://v5.airtableusercontent.com/v3/u/58/58/1791108000000/CPWu1SvNsSVvvP9jVMgrzQ/2nFPPESo6klg8_CMiaUpn1H0AfxsFYfIW868ml-3vRkRPtOeEPmzm4A1gOcozgkwrziUNrJlmfKkw05a8AJDVsuOWzcRpLqPGq6bBqpOnro0qBlJ2DlxZ5brqeGL52hJ7BlxdHottN2c_osdJ0HWce6FeTdfHQSCuw47qGfGvf086eFCCx0GbdQHqAMCYDUa/vlhowRAHR7ptKUmyWbR_7UtmGcdl0bxLcjIfEdbDcfU),€139.70,Restauration,
8/31/2022,Narbonne,Entre mer et garrigue,81856465000013,Restauration traditionnelle ,Restauration,Screenshot of madada.fr on 2023-10-28 at 16.14.21.png (https://v5.airtableusercontent.com/v3/u/58/58/1791108000000/xuVwZskMTxcBN0e8q9hU9Q/WhOE0mxoiSY4XZMSZFd4mVWWdnOks_7avyt6Px7C_9eYDXuhKS887g_1_urW8Lz_q9fPjosmgBDeyc7OWhtLXBfMp-hod674qh6yG6moqDUSAru_oulL77wMbLvimaEBxRLvG_TyyzdUjFY6gK0i7C0WLhFmE2XsTGtysfVLbjU2wRmC1SLfteHvejYXvETK/vIMpbefH9XS9DMzhW5amimdB464F3qlCK-WFYdPiKlQ),€262.80,Restauration,
9/7/2022,Narbonne,BRASSERIE DU PARC - CHEZ SEB,81850792300014,Débits de boissons,17 repas,Screenshot of madada.fr on 2023-10-28 at 16.17.22.png (https://v5.airtableusercontent.com/v3/u/58/58/1791108000000/CPJmndExAUWvSCFkpbQw6g/sLcvCRJ099pZDyTvx8uwmy3SJcabdTDzn5qTbR1llTSf8EQdYvmDmcakUuldFOOvTqPX7MZvTIE6kOZYVWkFrqjSm5moIdewImzrkQAiNQeBI1cDMtKq6rtUb7GtMLsVdzYApfMWQe87zIJhuN9B7yjBvtfpJjqlzQOQiA51QItbYbgqPP2Ca_d34npR8IWG/tdXixFcmF1KXILTUEJp7B7V9aaRaNYvOZzgnZcRhAyY),€125.00,Restauration,
9/8/2022,Narbonne,SARL GROUPE HORIZONS,44396080200058,Restauration traditionnelle ,5 repas,Screenshot of madada.fr on 2023-10-28 at 16.18.57.png (https://v5.airtableusercontent.com/v3/u/58/58/1791108000000/ZKdJCZTR8Ss2x5N5E8FWqA/JSkbH-k30-jMmy-JxcSXGMv7-kB0hW6bWt7fP-VDFjDF5IG0PUmSEwMdi-TI0NeJisDzYn6bVYjsEFwGb18EvphVH-UmP6EM09wK-IKChbFNoTlVTMEW8wxjcAVlcjBZSj5QCKVKyF6Kedlc8-7bq-2MA7T7nXabKY8MzwEpxNMnDjWptGnq-t2s6LmV_xbu/XmvUgZ2E43ljwLe8qNS2h-a-OKipuccMDRH_61DFcTk),€211.00,Restauration,
9/19/2022,Narbonne,En face,45113339100016,Restauration traditionnelle ,"6 repas, 6 alcools",Screenshot of madada.fr on 2023-10-28 at 16.20.21.png (https://v5.airtableusercontent.com/v3/u/58/58/1791108000000/V5ajFM_oGw3hnbs8-Vmadg/O5YYbczNBOu6bOI6wafPO91ZbLvfqTVghUdVq2XieptKDMOdgxD7EAZJ9s7mOSEH0m1DMbnVL8dItrYRuCIPsGagXgUdnaPU8FKEqRsF_g_MmLDRUyXAtUd9n68gieRT2eixKyz_lpPkXae5bkJLLAXaJWRwSokJ1xoREQJFYCGxQTfXSnKp0C58s22wQNFN/7WxALcv7r5T9633bg82F26XMEVS1DKW1mqqXLLNRNRs),€175.30,Restauration,
10/13/2022,Narbonne,SAPORI D'ITALIA,80262704200012,Restauration de type rapide,4 repas,Screenshot of madada.fr on 2023-10-28 at 16.22.07.png (https://v5.airtableusercontent.com/v3/u/58/58/1791108000000/moPal6ohJ4JVw0pfKoSyEA/zrW2SoEu6JvmEIZhdtgkxlPGLFvR04_UvPq1icuZXDoonvugHN6uU6z5g2EaaDxqUyQVzefPFi74bpBYdNRciRI9tv6ZKbWW-ZuM3ym2QmpWI2Mpase3ReSKy09M5yrM-pYYGu-ESyY556nnMlwPSc_qav5PYHp8bW-Cu7nDNqj2vL1BIyW69OPWnK-V_xVh/7-Ow972R75iHFSB2UI6c-eBL1joJ0EZj3jtrCi_J9tU),€119.40,Restauration,
10/28/2022,Narbonne,LES VINS DU PALAIS,79117346100025,Commerce de détail de boissons en magasin spécialisé,restauration,"Screenshot of madada.fr on 2023-10-28 at 16.23.42.png (https://v5.airtableusercontent.com/v3/u/58/58/1791108000000/5140JjvOtvQ7NnBhFC-A-A/ibrVjvRT9rJtW7i3WPcPXrd2QP0s7mhpmJvUqjIodDUVSLevMdNhsZs-VG_dWO3Akir3vHsNjQdbu3Ntp-OVKW3MQ8asbhi9K5vPN09nrdgRtnc1eiwjFAlL76s2AnFsB_05wxzhO7C44XfsaVtp7CCSRyjnmMmlq0k6lUu-N3uYaoAtF7i0XhC8Mguh7ETf/gp-M_1Ct2YAN_3mYQfcKpvRX2X--ZstaFvgMRhCyPIM),Screenshot of madada.fr on 2023-10-28 at 16.23.53.png (https://v5.airtableusercontent.com/v3/u/58/58/1791108000000/c6ABz5LnK_e8RhTrTwAKCw/WT-GaiknqOt3MDtqF2Cy76nUB4DF5VtAvCupaWTogPeGF6A3QG1WJLalPLUltGpcOXIotBlmWfRlHVRyf_Q6wyp5rQ7_i0YmayCAWhqEcy9tNs0gxNQ6f2oehZRmafJGBKCZOBJNdbQe6ZzaMwyVaEV5psF9sEp1aGPJ5_Xk6JxP_5cF2xYgYETYBVKdEPCP/66W9v8J_uYqp8ecGmVJcbTTxjfRFM_8PqsSNbbxaQi4)",€276.40,Restauration,
11/10/2022,Narbonne,BRASSERIE DU PARC - CHEZ SEB,81850792300014,Débits de boissons,4 repas,Screenshot of madada.fr on 2023-10-28 at 16.24.35.png (https://v5.airtableusercontent.com/v3/u/58/58/1791108000000/o5UDgjzisVMjDVhqv9ijHw/KCVcFYRcOBSF_XnUtzyRcGVi7X3dMPY275QXS1DrjOe-a-KhPxm2Yh9TwZuZnjnfgQpPd8xyO3_kWGXLtNfUWX3s_YSu0IGQ_mH33DmpntPkiRQFq6o-44Il-1U7uKXzf3Xbqa-vYh5IQ9it39EjlgNiyd9fJaWaFm2LVchx09WNumxNYSfKTFI-z0__WMSk/1r6Ol8ufnNNCpj-4TxKYFYMe1hmS-uBsZWqaIyJ8Kis),€99.40,Restauration,
11/17/2022,Narbonne,Bonne mère,,Restauration,restauration,Screenshot of madada.fr on 2023-10-28 at 16.26.02.png (https://v5.airtableusercontent.com/v3/u/58/58/1791108000000/bEajjmtDzngfVurnP7BMyA/WswoUBE1jwzCGa-4N3yBIdggB_VHrfF-xdh3jX_OE1yGtqaQRoLpkx2oZMk0ahVCcTZ5-D7AsKflz6acCctwUqzs0btPuz6uFbITwbDQqlfmK6uqMKLYlUAJ2uKVY67hBH652FRfEyCnksFH8MLVzuIH1kraWdY2i5jFSUtovyPE3RSYl7rX8QQFNyrBPdce/p0-0fK4Eyt7zf_YJZChIj2QUUDFSL7y2ZYAV54QksPE),€169.00,Restauration,
11/7/2022,Narbonne,En face,,Restauration,,Screenshot of madada.fr on 2023-10-28 at 16.27.31.png (https://v5.airtableusercontent.com/v3/u/58/58/1791108000000/NhcaVbSHlUSCPa68FwdFoA/DWnu87jVBw-1NuZIx8hFUemOjoat1_IaTOsPuSAAso43T1IXrAKJBlJRMW1woP5RLQMx102WCxkJVSkSRYFCxd0qVpmYjurRaSh3-uB0nGF9-Uu2MQ6rqzEhwqfC7Ozzz7QoZclthrgOb4xZCju9PF9zQZt-MU2EZjiPg5fSpTe7KFuuaNLZ1QCr0mM7len1/HCl8oEbBH_OVU6orVR4awaYUxM4aHQY3ugdvD8RQ8gA),€86.10,Restauration,
12/8/2022,Narbonne,DOLCE ITALIA,42373537200025,Restauration traditionnelle ,Restauration,Screenshot of madada.fr on 2023-10-28 at 16.28.14.png (https://v5.airtableusercontent.com/v3/u/58/58/1791108000000/Z8UJUIkWRBfMn3HRoWJrRg/iNIZCdibhzT-HFoPoy2fnojw3uVJQst_ZyJXYti7dPwzEOQdpj70ihtaOL6-H9ZCimhAwIp5_mvKYgOhQglnXK8T7hvDqH2js0kHrUgUvYFzg1KOFSKijBahO_cLSmo70r1cQAmlIspDVtrZw-RTPGU7YI7KJaNxUp2BlLf9tZ_nBwFm0W8Oxi-subzzsyqv/lUVXcub8kJF3OhxID5ydKP_gowuqqpDE08hs7h6E8Dc),€97.40,Restauration,
12/13/2022,Narbonne,LAULIMAMA,83820256200016,Restauration traditionnelle ,4 repas,Screenshot of madada.fr on 2023-10-28 at 16.29.43.png (https://v5.airtableusercontent.com/v3/u/58/58/1791108000000/uhuAG6AaO4yNWyvj60MpcA/DnJLoAiDM-Qs4QYcDauHnsVl5ZCSawcbK8QeCfL2QDpJMsqpXvKLPfYOZjckZM-ydnYmRJ4Chw8-AhJG9Z5R4xvbe7zXIXT7vz9JkXrHPR85unp3Ax_VoLC-XOuEkmVMevYpo4UgDAbKVmfc5xkHu4isaKywziM9c_QCXSlE_TOKgaVw8_M9YOk6hNnY0iiP/r0bGXSgGUFNEnDXhjZfYVSotQdobGWrcb-dMaaihnpo),€72.00,Restauration,
2/1/2022,Narbonne,LES VINS DU PALAIS,79117346100025,Commerce de détail de boissons en magasin spécialisé,Restauration,Screenshot of madada.fr on 2023-10-28 at 16.31.00.png (https://v5.airtableusercontent.com/v3/u/58/58/1791108000000/QVpswWgaalDnIXtzqezGnA/Z6UP9TA1IGRAF6LtBAXLpqxJ3l2o0mw5m5BxmVdcWxeRF1B7gP_ID6M_UA9YdBuxHFehV8WihoApHzORAwHp1439Ri4pwPnQJ4-DK9EJyNPQ4J8oFsg9TRc7VjEuPwnZjluuJ2d5digbFnIeGqmOjf1mqvb9oc2a7nN6Qjw9Qbh_nRCl4_-VNIyv6EKCPMl3/jvx9TuDXgtMQ3ZTwVLdY_fl1gzHm_4S-GgfzDVsWAHU),€99.60,Restauration,
2/1/2022,Narbonne,LES VINS DU PALAIS,79117346100025,Commerce de détail de boissons en magasin spécialisé,restauration,Screenshot of madada.fr on 2023-10-28 at 16.32.03.png (https://v5.airtableusercontent.com/v3/u/58/58/1791108000000/0LXCWwB1ynZbUoIzWiBUyA/0sCHsk3Jico0yZUF24i3IPbZDpZhxXXc_vFqyJ296_8kL8W_TcXNb2xCPkVzjd5vEUQyNH9YBeUdqWDxuod_2aMdRv3fuycWPnFCliLnmuOLKy45yvO0re6qu1TM9UkBRyJg_nXTuj_sqLUgNivr-f996ywnBX1lrf2Zrcwd-L5DgFlMwqa7TLxnuzy7fvbl/J_TPIp57DRaQsRTKyYUvBJcIi7cXH9idIieD6n8iEHs),€55.60,Restauration,
3/31/2022,Narbonne,BORJA INVEST,87947624000012,Restauration de type rapide,"75 bagels, 100 mini donuts",Screenshot of madada.fr on 2023-10-28 at 16.32.44.png (https://v5.airtableusercontent.com/v3/u/58/58/1791108000000/nGY6IJEBng0NHXi-Z_wAFg/GfQDdUip5vgTwFY0FUoFhzo64UDxgiTkFzJW1KYDBWamqr3a-JwR0FqXVEgThtwRt2oaUxFGyqWDmYo1XqyB-pcTA-2Cg27MQ0c3Auu9cognuv3HyMQcLTAxl6wSKYQTEK1XR-z4KvNxZi8370UIEaTejjV7d5YMAncB2yyp6HVZmPpXbo9jET79FW7speOv/Ea0IL05TM5pJyNw_qZa55Ji-5w_Ve7SMbwl-meqjHt4),€456.50,Restauration,
12/3/2021,Narbonne,SAS NEW CO,79936319700010,Restauration traditionnelle ,4 repas,Screenshot of madada.fr on 2023-10-28 at 16.33.56.png (https://v5.airtableusercontent.com/v3/u/58/58/1791108000000/P8SyrwEmVSN2w5Iujggi1Q/4C9qblzNroxYIQHE2SLsiMDv1WELcPi3c6ces_FHGgmlYx4Cxj6cDqNm59EfTpCKbbIoZguAI2zi76YEBa6Cc11VJoAqtiK1sfw-MclSVsSNQ-FN_0wbcqlB3TEsip0sh6QKnNMMqWEp4aFyNmQEGXQT3PwanHKA7ZQ0mfVNZ4mjQonmfedf4ZbEjbvM-Tbl/HIgmHIK7iQTsSjSboClBmPSRv2Lcvqw-aC9RVpcVd2M),€79.20,Restauration,
4/24/2022,Narbonne,LE 89,80880524600044,Restauration traditionnelle ,restauration,Screenshot of madada.fr on 2023-10-28 at 16.35.16.png (https://v5.airtableusercontent.com/v3/u/58/58/1791108000000/lbKXEbHHBAyTx7UEDnFd_w/EDNb3TdNG6JSCvc2XhsXhpwOHtPoHaLHFotxxeQCIZiQp7Brfn8DOAx4AdKkGNdIoDneyo6nc84Tt753W-cRCAGNsmp4pq1gbgG_KF9g9G4ZXb2BLwaGRHcOC4I-sVf8JZzG3g6KQJGroap6KEBSipCGhZiTpQD0bdEXZ0h-gV4Iz41ifCowU_WQ5-krFEbs/uoDn7OIlZbXh1MvZFc8v4yjqWsm5lWDzanFkXWJdZ8A),€120.00,Restauration,
6/18/2022,Narbonne,LE 89,80880524600044,Restauration traditionnelle ,Restauration,Screenshot of madada.fr on 2023-10-28 at 16.37.14.png (https://v5.airtableusercontent.com/v3/u/58/58/1791108000000/4UTqSat5pfR5Gd_P8ykV2w/n0D2WMhqhkurOWyk9XP2R1Hfqka4pkFrhfLwWke9D1k_vhjIH5apPBJv1h_EFCrr-vRDuomTcd8OOO91AlhJpnXLY-ty2wYtjoqXabe4NUlbsm2KpAuGgKLp_WC4Jr__i9OrBh1MyoAJQpRGkTXIWdVnG9WwWP44CdCWsgLtN6CEez8RQO6ky8d167kSempy/c0a4Efh1L37juCpRGhPRw-hMtaC6KdD19hCWkT9L46s),€140.50,Restauration,
6/30/2022,Narbonne,GEDEON,84047269000030,Restauration traditionnelle ,réception TF1 : 23 forfait privatisation et réception repas,Screenshot of madada.fr on 2023-10-28 at 16.38.07.png (https://v5.airtableusercontent.com/v3/u/58/58/1791108000000/vtBjaE0AlI30XBbKPk05uQ/jUzI5x-52py6__jticXK8C4uO3ErRVCD7J2CmnBsTbHM43fIH5XAcChKfUwSs5NeepF61Tm5ae80Ph-BT2gJhQFQDr95brgcf0WeXBWAkWhGtkstffcr7nPrFcTKiok-yA4QeE2bfSY2gYZvHBHnuRVkWYqWAnYInGhpKNIMZpa7fkdcpGSM9HGJbsYp99yY/nF6hVI4ufXUa7QbQf9p5zEcrqNvSh0ZVQgiRapWo4iI),€1495.00,Restauration,
12/16/2022,Narbonne,BORJA INVEST,87947624000012,Restauration de type rapide,40 menus bagel,Screenshot of madada.fr on 2023-10-28 at 16.41.10.png (https://v5.airtableusercontent.com/v3/u/58/58/1791108000000/TK-Z-FdLMXhxXk51jal50g/8QxxDuwOxVJWsbsn0zALmigS5wMuP-aQtrjYclwkzGt7AZi7ohLZVpVJrx7foumpxK9xAV3Qi3qsI7XHswZ-yjRx6I9ONfzepDiPoIbO3n8zRISZpw_9-byfYfP1lrMyUJo_yvH1LcVz7uIzwfckxuTjGPlWQn8_tKy2vaJCdV5yPOsvcOSC0pfQETNWsUtI/Eul3FWyiTTRwDduH5zjzp_rZRO7kApp8gKyxSgI9Oww),€490.50,Restauration,
12/21/2022,Narbonne,JOVI (HOTEL SAINT-GERMAIN),50991154100019,Hôtels et hébergement similaire,Hébergement congrés AMF,Screenshot of madada.fr on 2023-10-28 at 16.42.09.png (https://v5.airtableusercontent.com/v3/u/58/58/1791108000000/YZ2yXGp_aftJOtkQIwdBBQ/OSEMtGuM-0qsL6j8KMr5SwHtF5_W0xNPEbFny7xVCsLd9J7s4r9-GI89M3UfrQWV7xzf1nkujyX7PIn_j9LrkDiDFXhwVmWR6uw8SA7lRmL5NDLMI_MbjlakZ_hvc-mf0Efm2AiSsr9p_cKCF5YHD90sw_8XDhvsgxyTuTSbFIahyQYOgbfAXWldm9U8QS55/EDXjXgyNrn6Yqh4nvhCTAdJmEiPsMdKbwqpntWvkGj8),€3862.56,Hôtel,
1/6/2023,Narbonne,LA MAISON DES VENDANGEURS,80886193400038,Restauration,repas,Screenshot of madada.fr on 2023-10-28 at 16.52.58.png (https://v5.airtableusercontent.com/v3/u/58/58/1791108000000/JOTiN0KT1Q-NTaCob4SO5Q/30mAe4Mv6DAnPzZP1MCDCV7CePmJNz-DDBVzPZ8UHXn2xkjcyEeL4QJz53Fkce6m_M_f_UWEsGEQlirynB5KRzSrl24aNBX4hRlD7zr-0rkecjoqxscZnpAcCGq-UwJ0-bUpp1BhsUpL5iDeCgH3qYAebxc-eS4JPIgV7Zs0mg63rJhP-qlsJeFPJHK37lxt/hAZErVtvs5YGeSvMhIuMx7GXAC2hq0wFYVTuQXTbyU0),€611.00,Restauration,
1/26/2023,Narbonne,LA MAISON DES VENDANGEURS,80886193400038,Restauration,restauration,Screenshot of madada.fr on 2023-10-28 at 16.54.27.png (https://v5.airtableusercontent.com/v3/u/58/58/1791108000000/H5TRJL5FQNepsjtp6ylj5g/c1YbDYts25Y2gBvujcOSaIh0aSzatYiVxbR3ZvzUcw_c5UX6--hVJD7W74CJLUnDRDXaeJgXnbzDW_GSBQS3vTOkRoW4GYez5WO7sfQejUa8JW2SJNg-9nLI96RPykNuzthD0oNLjbu3iMXEayz9a4uEDi3co81RT0Vu9fLoKnxMb2RNFgdMefrwV9zPhiUk/VRk5r6s4AHdzxGm6FeCm5dMahoEBCoWFITEmj4JWfAg),€315.00,Restauration,
1/19/2023,Narbonne,A.D.J.,80890876800019,Restauration traditionnelle ,restauration,Screenshot of madada.fr on 2023-10-28 at 16.55.25.png (https://v5.airtableusercontent.com/v3/u/58/58/1791108000000/tV7r5Po5WSj3CQpyxl4Tkw/eRepBFNcw98wx-h5vdS2JZI8inLSwSwvEGYSQ0Dy4MVnjAfslgb0ME-9CP9Xz8FYSVzpLkcVM3y33OrpL_9SqRCrh4J_yNoucf33xh9MeD4EmPPwzX3wuaTtLa09-mm7fYuIvZFSnFP0Vk3KZFgde-7HnwgOqgockNrwdU4_wIvnyX1DTYAt5E45A5bdd9wV/AYZRytndTIHQmabmK8TBrAaGxRSCpaTb0vM5QNSvh-E),€93.50,Restauration,
1/12/2023,Narbonne,BRASSERIE DU PARC - CHEZ SEB,81850792300014,Débits de boissons,4 repas,Screenshot of madada.fr on 2023-10-28 at 16.58.01.png (https://v5.airtableusercontent.com/v3/u/58/58/1791108000000/nqHeUVVlXm5G0LD_jzWZqA/56CpwJv09rVV8wLNfRveQ30qW0_uvwFZaCSBFUwCPscOV9Tl0_UVngaiz-jEOXUNj-ex22nStdHBCp2IR6BqsS0Rqt8mBjbvF--jZTdGrPb6ZONhnsvlDMRaLhhnlwbcq-XM7gXzGope4mNfAY4OU8Wcbsl9hHtWzbXh8RDZNWIe4Sy6UPzV27yKaRY3yD8c/tEWHfUJppJhlmE8E8Gurn8SwoLUyp3Kvke1qgZasJjQ),€88.80,Restauration,
1/23/2023,Narbonne,La cave amphore,42925618300022,Commerce de détail de boissons en magasin spécialisé,,Screenshot of madada.fr on 2023-10-28 at 16.59.31.png (https://v5.airtableusercontent.com/v3/u/58/58/1791108000000/yoDnVlh3Zj-VQFiHvdP3fg/U-MxX8hkxh7FNBqjkhDxPPphf24DEnP4jXQPdfK19Pen8r8m0bKQ3WwpbDHzD5cruLjv0LH2pFwIfLF4QmHeq6r4OdmDjHKJvyooo4A5_J0xADRWDWvby8hTHsqHn0yLbrbzLYmT8LGmasmJFPUpypNKSofyHi-oc_91h56p19D9xZ2JZACXnsuIjR1UWWfI/3WGE3F3BTBmE3ndd22d775noRgAZ3v7og3YSj_FVQow),€71.90,Restauration,
1/10/2023,Narbonne,SAPORI D'ITALIA,80262704200012,Restauration de type rapide,,Screenshot of madada.fr on 2023-10-28 at 17.00.50.png (https://v5.airtableusercontent.com/v3/u/58/58/1791108000000/ge7KPXUnOg8ghHfjzpEz7g/aVd_28WLxPEpZ4fXRUywbbl6tn4OA54fMon6hNPPFGVRsxdcBuTNk0j-ETBVzl4-Phl1kQ_Hxyy34CPVaNnVO46V1QgkRvtkmHYY8z1UQ1p9HuQDjm-BSfC6F6d4AY7kr1zXwspCnyxVpFSOHfiK0lBChb-fwgM3D5WdYN0Q9XFHyn13k0_hJfK1PNkDawJF/6fh-A2gnsl7533QXnrWpxsYJct3SJz0BImZNvd_CxX4),€209.00,Restauration,
1/4/2023,Narbonne,LES GRANDS BUFFETS (CAFET ESPACE LIBRE),34930187900012,Restauration,6 couverts,Screenshot of madada.fr on 2023-10-28 at 17.02.00.png (https://v5.airtableusercontent.com/v3/u/58/58/1791108000000/RCTDx7X4ERlEHMstAj8ZlQ/PqWMfd9QIdgUP-abreBdhSyvUQF7vo8tlSo7hJZA2VUdfEzVIDLKkpLzm0qmxavuPGsvmOrk0oeDlsAilbZMzmmuLr0h2H7z9cv2GMW0fBCboa1MQYwuiSZvsGtYA7tRJ7Tp6L-GoTlbSAG8wjbxfgQtctBnQNVpmnuCD4SEHUt8ZY6WrWirpooCQ2clQay-/YnUg7kv-WfDUpGP9ao7EpN2zuefe_AhxNQE2swmkfSo),€352.80,Restauration,
2/16/2023,Narbonne,LES VINS DU PALAIS,79117346100025,Commerce de détail de boissons en magasin spécialisé,restauration,Screenshot of madada.fr on 2023-10-28 at 17.03.25.png (https://v5.airtableusercontent.com/v3/u/58/58/1791108000000/3xa8ERID8pBFIlBar7aabA/J3jfHmjleci2Yoo7kturFshDAC0Tccy3RuGxgf0rfVdV8nlsfJhJyoLdycghFdIwM71nmLBcjTWMjY6pbGgPk06UlasUzHg3Y_yqp-hWQifd1oEZmTT_OJNez6sEVe4__PpLdJCrbvmo_vz6yP222FFXnnoss1yBe8SxMkrilgW9a87RjFqEogWbhSnmHLwh/i49yHQYC5qKJBo20Knu9YIhPOsQ_R4sAGTywpugr3jY),€96.30,Restauration,
2/16/2023,Narbonne,LES VINS DU PALAIS,79117346100025,Commerce de détail de boissons en magasin spécialisé,restauration,Screenshot of madada.fr on 2023-10-28 at 17.04.17.png (https://v5.airtableusercontent.com/v3/u/58/58/1791108000000/FSW1Og9g-4OcA5a4POWaVA/O5F5s8Jwoq4gehaCVYzJxjt1NrieOKco-R-NrLT2uZ1U6sX2G2sH9dNUB_qs0amX-AX7YdW1JW-VaszsGwzipOfMRHYU_sIhUo2qBOKS7UbusH_Fi55pv7GNjM67Z4JBFJBeNaTfhgprqir3c-hO3p6BwIlkDws8mJwJZrh_rlFxCfMYjZwCJT8yWMYafCkm/Zzw15xhGj6ZqxZNX1iOVpb6AS5HP-PePMOEsnkPHR-8),€263.00,Restauration,
2/14/2023,Narbonne,SAS NEW CO,79936319700010,Restauration traditionnelle ,restauration,Screenshot of madada.fr on 2023-10-28 at 17.05.06.png (https://v5.airtableusercontent.com/v3/u/58/58/1791108000000/r03f2N0M8Aism-c9Ez-azQ/CnaunvETdRm9apMhmMULmrru86UK80wMA9P79lYJBxo_huSFp-umo3_0mewHOLkOYe_zPrUrDY4O5rpheL6dl59LGLW5fcxwPf4vZPoDbrk0xWsSEXCqHXxsGzWjirV0JvTiPzBWgM0mb_TgA3aeR8VB006PMoXSPAwcOF2gyzB6ij9VwjGW5BuVP4PXHUWy/qVCOdFEQQH9rsbBcr2Hl8cVT-U1qTG-dlWpboLbOxYQ),€160.70,Restauration,
2/2/2023,Narbonne,Chez Jo,,Restauration,,Screenshot of madada.fr on 2023-10-28 at 17.06.10.png (https://v5.airtableusercontent.com/v3/u/58/58/1791108000000/vrlkbJ5A5sfD9QQzN-OcUA/Rw_teda-uDlXMAK8kCLHsy9FhM1O-A9fbd197apdeLNMJXOod827Z-n3EEaRNdaYFh2E0CHwgmyXnETX8m3jaMAOCVtAAk3Ri6o8bqafIv32q3vUiu7wb2Uc-jhfkvmQ-xr3TtnvMVm-DKQDBKmJxM9fqC03vBWRCuASnQ1Mb1Y40pLiEBfk6N67kQtCUJe4/SJaXsT0N5DTyM6YblY9-u5ASNcnkP6BHVkf9gnHN60o),€91.50,Restauration,
2/3/2023,Narbonne,LA MAISON DES VENDANGEURS,80886193400038,Restauration,4 couverts,Screenshot of madada.fr on 2023-10-28 at 17.06.47.png (https://v5.airtableusercontent.com/v3/u/58/58/1791108000000/NRvJSkjzyw-nDnoOHnRhaA/8ftZSDlrgyhJjNqDAaLXH7JiCaB-8TCUVznnI_n_vHi0cWamV6H9MM2jp-pYct_CxX_56ZDwNGunbToKXqgsqsPF_LTItHMHpVoerVatL6pvS84b207V-CtcMMTBJ9f6n29bhlmTXO5fDsM0nB-YlxWMLw41P8hNFyWm-HR0MkTZeBJUdUGYYDTeUz6vNkXI/ziCpGRQnHNWy49b3U8cFlLxdL1EDLhh7p8ELfOAwrWk),€267.00,Restauration,
1/31/2023,Narbonne,Novotel Narbonne Sud,,Restauration,Restaurant ,Screenshot of madada.fr on 2023-10-28 at 17.13.02.png (https://v5.airtableusercontent.com/v3/u/58/58/1791108000000/-tNNf2K6ZbK-TPFOknbpew/Cv8ye4ls4oyqnUcMu45fRew4IB4N30y7pS2FZ9nfHBHmDM7MHrLtu9VgM30qsUHavqVQL9A7EXupvw_67Ltdqp8aSlS8XYw5QaUjYM-2oiDC0Phs11g-t_q3LWyTiPH1-l0oVF4oxunuyJ4a6siXQpDcFWXKkLAKQX9Sn9ldbOjgEfJ-06RNQq49Wk1cpccD/8u7dTDIV2FHCBooJdGzzMPa_2_Ms_zBF8fpqFDkV5lY),€372.20,Restauration,
3/30/2023,Narbonne,LE FIGUIER,83085641500021,Restauration traditionnelle ,4 repas,Screenshot of madada.fr on 2023-10-28 at 17.14.40.png (https://v5.airtableusercontent.com/v3/u/58/58/1791108000000/2Qv6pMsS9N8NKsEx2EfKcw/OjJbrjx6W45LQKJEV0SPkLviRu_wYmpRgTebquladwNXmLAZnI2GRbxqPOKfX8QUfp_PnO3HNv2n6rIxycibZOJrxLzdA9NwOj8BDedCPHrtCBzxPVTHX_gt53Y8NtFocmSZh4DU2NXWPQy4SruJDkJCrWFeQg2h-KMs-dkP39hNsnGJtrLXGI1XWIRxZarf/cdZbX9__3Zz6UuexXHMPgCoLeo1bFWMBxQ-us4tq5jM),€101.00,Restauration,
3/29/2023,Narbonne,LA MAISON DES VENDANGEURS,80886193400038,Restauration,repas,Screenshot of madada.fr on 2023-10-28 at 17.15.45.png (https://v5.airtableusercontent.com/v3/u/58/58/1791108000000/MXHXEV9i5AsOVxRvwLc22w/VTVNWckGEse5-Z7T9rbRABJjNLetsYCyy6iGvx1dwQEz_W0ADe5Yjt_4xTc-cvMUHSJG-tqnmSV9JR5DYj6BXgbM_--sF_k_19xqikbOGq9awCn2L67eVA6fA40FLko_99yJ7YE2n-fcrCyW4IlHUYfKxk2LpyQCDmVgGp9VCrSHAiAbNZe1MczhZuDZjuH0/7TqtNuqtMZR8KDkcaIKPu9KD6dTyHweQI_Zn1jHb1oA),€147.00,Restauration,
3/16/2023,Narbonne,SELAN,89086261800018,Restauration traditionnelle ,3 repas,Screenshot of madada.fr on 2023-10-28 at 17.17.06.png (https://v5.airtableusercontent.com/v3/u/58/58/1791108000000/6oQ_vu6ZNmfJWXYocH1Zwg/iAzyFZcAvPfqddt7B9IvpjResORHJn4ssmFOeGwXgCGsENC_yNvmjKupWT60DJG5DikTJpCfemk51zf6qlecmv58z9X08P9DHXihkF8qu8KUKcqoIT94OehKxpkLnx4v-96KXQ-5uWnSHYjJZRsJjTz0I6EC4A9ReVjXKEeOp-U8baHTr4WX1LnCZUGEfUZ-/2VBb26eao6Ff66rB3ZKjS3Ad3Jz_8OQzf4vQkrKuh20),€84.80,Restauration,
3/15/2023,Narbonne,Bagel Corner,,Restauration,,Screenshot of madada.fr on 2023-10-28 at 17.18.40.png (https://v5.airtableusercontent.com/v3/u/58/58/1791108000000/AQh3vNltg1p5WRaln-85gw/AtQfFRVpMZsiHRgAVJCcWVy3NFqYb16hrgHnrzCZRYOY40ibwWoTk8YuqhdgwKg0bYR70pljwF9aX3AS4DkY2xz41HphbWAB2pmdN0kGhQjMNwHX8mgrLPAueMYWoYAvA_UNx69AWcDFWkm4JHY4YfOhjpAortrkD_mJ4sGViYFsfcak39kbsER5u7nX5fgK/Luu3ok62mVBAAc2fcVMOoLI1Qgy1dGUXbBkFI6K18FY),€34.20,Restauration,
3/6/2023,Narbonne,En Face,,Restauration,,Screenshot of madada.fr on 2023-10-28 at 17.19.12.png (https://v5.airtableusercontent.com/v3/u/58/58/1791108000000/PzAUKCevTlj-8SYC56Nehg/ruMK8ChiWBdlJ7mnnAVNm-vfGC5rotKdvHy67xQIxivPfjVdxqppcVqc14Stn06uUznAf2-sT-Q5YU5_xqJawuyd7mMQ5a00x-CYowY4nT5xOx8QKJ-ADLCrixitQDQutSjzgC1nqOnogPZOYq7ynKcvAcZ_VXy3TDJGbkGdKePWrJX_6r7Ym9Tr2ciYKkES/vQTb6hzqX4Feb_-UNWxvkdimKJjfZ7tvlMbU3Rj6r8w),€61.40,Restauration,
3/2/2023,Narbonne,SAS NEW CO,79936319700010,Restauration traditionnelle ,3 repas,Screenshot of madada.fr on 2023-10-28 at 17.19.51.png (https://v5.airtableusercontent.com/v3/u/58/58/1791108000000/E10cZa-rg0-HvC86s1EpOg/jrihoIth1nqCHA8jUHjFssCyo664kK-rbn8qse5MOlkZs44mp4OlDdr3O9D2k00mJbIS8GRB9DnSSiNZl-57GKYlDJ1iCbMOhavIDru9N3hAcAnfScTadefjbb9-RuYOk0ZKSLr2WrjYgCPzd3o8sdVYUJDsN315BK-ugSdqTZISsIjBsmIXw6rMgjxWPcrY/9xNkWHe4MsI-nIlr9it4M5k46YeXEIJfQ4gw9PLkVsM),€70.70,Restauration,
4/27/2023,Narbonne,LA MAISON DES VENDANGEURS,80886193400038,Restauration,Repas,Screenshot of madada.fr on 2023-10-28 at 17.20.43.png (https://v5.airtableusercontent.com/v3/u/58/58/1791108000000/Gnr2Inn_hdi2Q-alEn2BRg/CLHXwYknS8iheVTdDbDQiNsGsk6Ihz1NtkI8iLccApZk2i1F28He0z4gOefYyNBO7ctb2fnMeMRAh7JNEJqAcEYXbPRSelX3etfHf59JG4VdlzG6B1Fpbb60Yk-QTJSAB31GruAVHzqEuiabzY-ECWB8jxf_XAUIFnaEDQjz8pfngw166aQmlh9LFERivPy9/A21X63PMu-QIOjVTKEwwXRXVdWXzHkLEYr-_60Ui2v0),€236.00,Restauration,
4/21/2023,Narbonne,BRASSERIE DU PARC - CHEZ SEB,81850792300014,Débits de boissons,5 repas,Screenshot of madada.fr on 2023-10-28 at 17.21.56.png (https://v5.airtableusercontent.com/v3/u/58/58/1791108000000/yM27DgAoaDthxlnXRmThjA/tjXzHgPlwTASUU5vSfPWGLeTYJ_36ELYNH3X-lUoXJX4zVnhNKMEqU6lXoPHlzVBQ7B6p5rfAxMt2xo604B3TYTEchWZpEHx475H4I2ehJg70VdoMqXXwv-wnl-85oFYeTnOCw8MwgNmZX36ZzU4Avr8jFvYq0ekeYeNWc7AqiC33lm9FPiHRxbKb2Cdh7PK/9oy1i7r748eSGlu1kBEpqCSuQVA7A7a0zeCd88QAWwM),€103.50,Restauration,
4/20/2023,Narbonne,Chez Jo,,Restauration,,Screenshot of madada.fr on 2023-10-28 at 17.22.58.png (https://v5.airtableusercontent.com/v3/u/58/58/1791108000000/sskp59fI0RcFtC-XIAYeDA/WeNlPUO84ufgSgtTXy1RfBBuiyEjRYps4yk8WPP04wn2TkclX2_C7v54BI8iT2bF9o59EDeRZmk1y3GobDWqG0qkQV0EWPIfb82s__9Iw1Fo6y8iEOvPlPCYoYvvX-bhFePNOYRWweLx44bf1eQ7a8TNh9FAk1pWWwZR2i_lZe8ZkWO_JkYY2VRhmQ59CQ-m/zaYTsokdsPouGeBZpahwCXXgnDIy-R6xJx7hhIrIcew),€131.60,Restauration,
4/6/2023,Narbonne,SAS NEW CO,79936319700010,Restauration traditionnelle ,,Screenshot of madada.fr on 2023-10-28 at 17.23.39.png (https://v5.airtableusercontent.com/v3/u/58/58/1791108000000/nCStOHjUObM3xh7OrxSOBA/XS9MlIf4QGHIvccvAEud3bw2V1-UvIZneyN3Y9AkNJnJlXeVA2kVB2uA_-gyGGKKk42bmKATH-k83yL7q1xdA-hlaWC-06En57Zc8u0CKoOXSOmBOHyRRBKlncZ0zBZqfwkY6RCZD3clLUPsgaEa_rimH2eNupeahxElD6OlYu9j9MLPBxo8bYNTsFjsqqcN/IPo6mwvfTtILijr4gGiepstmoM0P81Mxg-16TDDl-VI),€56.70,Restauration,
4/13/2023,Narbonne,A l'obento,85335135100012,Restauration de type rapide,3 repas,Screenshot of madada.fr on 2023-10-28 at 17.24.39.png (https://v5.airtableusercontent.com/v3/u/58/58/1791108000000/IhQpg_-MSMMhrUm-bI1Qeg/kDKDxseGIhUwTzAoJb6ccOl9aT8g2Kus8Le8Ukjp_lUoLjSiPz6q1A2leK1X69Tm308feubgDC_EqLI2uJfpj-j-0t52z8cmv_erytyDQrbC2zidaw2pub6Y73jSGJ_Q9v--ODD3alemSmetAkjRTFvugb04quoWlbISGkH3xGp3n1Hio2tBk07-ojP-J0oq/oPyOTfjh89argbBbteGUhEuovd8DNWrBg7ReOhFzrWg),€118.30,Restauration,
5/11/2023,Narbonne,SELAN,89086261800018,Restauration traditionnelle ,4 repas,Screenshot of madada.fr on 2023-10-28 at 17.25.44.png (https://v5.airtableusercontent.com/v3/u/58/58/1791108000000/9MRtmqzsK-D9SKaxYgqSTQ/uqwtzb0U8ldLcP8pFmheLL87KMGHl2y0Ktro47K5SWGEZXirwbS3IoV29TJ2n02qqYd__JmVo4QGgmkkybfYBA5HBo3UFp4MLcw-1LlX-suUf5ytT-dNpEdeNXtArRnxBcjDNmqXHuAiz9ugHoRPbalmPiAsar5jz7W0zE8a_H2JhYjCrzQkdPP80we1bUTV/9CWVgF17d_nLn-J6ZlUPvAf2TIlMXUhLrYvVWXRgHhA),€155.00,Restauration,
5/25/2023,Narbonne,LA NAUTIQUE,80751902000018,Restauration traditionnelle ,repas,Screenshot of madada.fr on 2023-10-28 at 17.26.42.png (https://v5.airtableusercontent.com/v3/u/58/58/1791108000000/oVVHRIAKhab3BYTipLjKlg/HAu1ob7CDeyBzJ7-S9t6IEkFs8ui4Um2kIGe5tzABiWSgxnGr1l9aQ3QSj62z3Ft36xAin6S2WueuGABhp41JcyhEZVpgPSAXYD9ExmZtxO_c0rgkCNnTrXJ5ezoJd4GqtzR0lquz8SVKjO3C2H81wlAoM7mC4UQzhk46uvWDt33bc7hulkMf4Z64fgFm7nh/0pkRvMPE7omb8ot-kEUVbGBe4LwOAQjRtVcjPNC_hFo),€123.50,Restauration,
5/9/2023,Narbonne,GEDEON,84047269000030,Restauration traditionnelle ,restauration,Screenshot of madada.fr on 2023-10-28 at 17.28.04.png (https://v5.airtableusercontent.com/v3/u/58/58/1791108000000/NHklbThkzyISKtUQcb7lpg/KVwg4BeVIfpvqbYs6LxvHW1c2MWKt3K7XiuWA-IaSNXmuVAfXQ-do_Z4zsaSL6fOsHHX6aaNw8nA5eAVbcVQ0tqe2RHwNaDEGhbBGcSmbKehF4mTo7v3av8Odjnpnz2IbQ0LnxypPkr9lVj4XZAiCxfKBcusDPwSRXF-J7A3kXGvrL2Y1HxQUmLco3aTV2WB/WXUkVKf3Nev06V1vbN7HUU8f5JzMvmLTXuR5nhb6xyk),€134.00,Restauration,
,Neauphle-le-Château,AUCUNE NOTE DE FRAIS,,,,,€0.00,,
6/22/2020,Palaiseau,Saint Cyril ,85384114600014,Restauration traditionnelle ,"1 bière pression 25cl, 2 paysanne, 1 rosé, ",Screenshot of madada.fr on 2023-11-03 at 09.57.32.png (https://v5.airtableusercontent.com/v3/u/58/58/1791108000000/yKw6NbEjfcAG0auL8EXFmw/7qkWtx84YWySTDG7k2v-e_-00W2RK_S6T3vOKr5bmMDGzQgiWm9XCPxYctGKeqn6z7vQOfsJj6HxkVKkraTjTVEns1hjxD4RFqhYt6MeTibYqOtOnzZLBiJMR_yjYUqnj20RpoqZGCAXgSuFypFszQIRXq_O5Avkh0rmoQAIBgJOm8iWr2P5x9dSabuqNGhv/laKrlxdwT58JGTl-kuPAnFeAmOfBBIsUUN1J1m3M520),€25.70,Restauration,
6/25/2020,Palaiseau,Aux 3 Gauchon,81742485600018,Restauration de type rapide,2 repas ,Screenshot of madada.fr on 2023-11-03 at 09.59.40.png (https://v5.airtableusercontent.com/v3/u/58/58/1791108000000/1qp7NHuUeEVdXIcRY-ubKw/LP92ub-zsAceSza3ew3Tq-is2C4ZI3uapWlIOighXIbokfjRKVN-Vx-Aq8Sg3WmzOCjOlVmFKBjrr_D1J-4r34qyzXJW1rogEzWw_T6RmOstrcQsjjpFdnoHGqU871qm-WCkKSes7kArI9_SCSb0xWeW7VFBK7y2XCVG-hZg0t59vB8pB8YfqcUnedWJ3m6u/1Vew0k0bdq2I3s6m10tPJLw2_Lg9jmX6Rt0nPrravGc),€47.30,Restauration,
6/18/2020,Palaiseau,Inconnu,,Restauration,7 repas,Screenshot of madada.fr on 2023-11-03 at 10.05.43.png (https://v5.airtableusercontent.com/v3/u/58/58/1791108000000/FZLpK6mTzc78qOgHYqVr2w/YlW265vs0LxOeycp_rJbZK1BsDb9E0AhgB_HENH1l9jVj68MxSPHKIoI8y6jyqq-gqu7Ca9ivpqq8HGAHwzgCJZEnlSEcsT_Ah-jGFzIC4dcxWt09VkRJdi1agH0b5RYckkvmistO8cgDbHZIhiKxrRfk87pq5cKGpYAsM5_CcI__rhY7f7P9zJusKxdXE9d/Tf9iOmwp8xRWZ7PVna0HtPSkaGVaneUwzIvHQmdnCn8),€120.70,Restauration,
6/19/2020,Palaiseau,La table du 107 ,84928945900018,Débit de boissons,2 repas ,Screenshot of madada.fr on 2023-11-03 at 10.07.43.png (https://v5.airtableusercontent.com/v3/u/58/58/1791108000000/j6NIbXQr4if0FL_bQF-XHg/D7CwtzpdJj-dQoiPbQlsyldVawM2U00W-RFBaA7NDi-YHstOMz76K3pmNcwoyJY3Hfloj4sXgPDVkC4yfcppmNE4HXcCKYjCP2-SoeugYiQ-MRyg-1DkJ-OlvnZd9MOJXMg4vEICvlJ8T81T-8D-oyvcWv3h7WwTTwA0SMVHK1I_JKKFHXSgASaQ7SPAayRH/LZgg-5L3yfaf4fimZsXjxd6Ba0rYNlE6Y2rE_9l5uPE),€37.80,Restauration,
1/1/2021,Palaiseau,The BBR,82341998100035,Restauration,Inconnu,Screenshot of madada.fr on 2023-11-03 at 10.08.19.png (https://v5.airtableusercontent.com/v3/u/58/58/1791108000000/JZGaxDG0BlfVd_8STr9PQw/kSJTt8Z0K9IHsTkmn5TgJQhzFpJX0sNM2NHVu4kMjpB1MxnSjy7-6OIg4KIqYt41vDGeE7zo0XrTEzpPhtkVvARyY2gT4mI0SOm0gRPRmMG3CEfr6UpGcXG8B-0gwjZp6GFdshVIkhCxmN89w5v6ovnxULY98Oxgd5slBeQb29VzwR2ylA5YuMtAOekxAEjL/4qM4EThmg8U9D7xRarc3yNdE3kwnatEG1g2EKRTm7k0),€1575.00,Restauration,
12/20/2021,Palaiseau,Le Grey,80960040600015,Restauration traditionnelle ,3 Repas complets ,Screenshot of madada.fr on 2023-11-03 at 10.10.15.png (https://v5.airtableusercontent.com/v3/u/58/58/1791108000000/_HCOgzSxOr1wjAZmH7DPYg/xfZDxd9QYjCV8cSYHOyd58rbxe0NRy7-H_peMdE5vNt2krTqx4uykVgC0WfVa-_7zW8vDcnN_eHQCSr7dXY8Wtaxt3wsycYjaB01nsS9VVfjpolNd3dPQDppgfaTnFDLMfBQUicmnebxECdoCaNbvcUIVUYhS_lS83KRbj05AHJ5qwaT_c8nbfWZZAMo9dNs/5N14NZgjc4e2OCrkImChXaFuy5cIp1P3h1i5llC2eoU),€71.70,Restauration,
3/23/2021,Palaiseau,Le Soleil et le Vent , 43190101600029,Restauration traditionnelle ,Repas complet,Screenshot of madada.fr on 2023-11-03 at 10.13.01.png (https://v5.airtableusercontent.com/v3/u/58/58/1791108000000/2XXAja8BLrOLpZ5O5YlGPQ/PFHrjc7-6jE0_5MOrkOUmVOKcxUK2iO6NurJIecs75rPRAsLlCV5BrqIcxh27Bqa-baKlhr9gpPj69LWl_LXcWbCULh0vNmH_qMiM8veTLd6kFHmr7euGePT4QPcsCoHkHy3BSpiySz_VL_XGnpNz8T6bkGhcfWcY6p6g9WOU50H5ooRTsuRmeRvZRvbGkNI/nqI0WvnmYvCP1XxgoLumhYB7bG6EybbaGhxiRtwFlMA),€24.50,Restauration,
5/28/2021,Palaiseau,Living Room ,50096647800033 ,Restauration traditionnelle ,"2 couverts, Badois, café, événemement, plat/déssert ",Screenshot of madada.fr on 2023-11-03 at 10.15.57.png (https://v5.airtableusercontent.com/v3/u/58/58/1791108000000/X0FLqUhI_AnOlEBMLz6tIQ/i0-Pq140KsSl9t_u9FmKCkz3nYM4MftpoDBc6VqqCnZxWIaxtU-fZFZxk1D8DFOw-_CQN4CIxrbwqYoFr9jGqyH2MW1jkrcZIL9SVco6KahJd8G1Ym5mGraaoS-O1cGe3k_PavB7sCqN5Diqrvz7d8MlI2R1MAir0ZMPkOK1bmhf4ddgpChwICMM5PCucMTo/mKI3_GIfXGGG9sQthgAfomEB2RCw8JCdZ8Xbe7NZHfY),€51.50,Restauration,
6/12/2021,Palaiseau,Saint Cyril ,85384114600014,Restauration traditionnelle ,3 repas complet,Capture d’écran 2023-11-03 à 10.28.08.png (https://v5.airtableusercontent.com/v3/u/58/58/1791108000000/JNqSOlCnnwpWHH8bFG6bLg/rkGp6NModVbhLugRkpemANSSFBG9FsCn1wpOzSexx-p18tQUxbik9Hd2rktThfiCXgbiJMOn78xFSvc274E29Nz9so8ubWqC7qJ8IMebuEetmk-wTe18gbm9XEY2vCIZof8n2ShGijvCR1cE16hSSBUIUzVGWHJc13JYKK4vmeE/_XjQbLtcGPVwPmO_Hp9PBIacZ9_9ozNg2um4EawZ63E),€97.00,Restauration,
6/19/2021,Palaiseau,Le Paris,83901625000012,Restauration traditionnelle ,"1 coca, 2 plats, 1 pâtes, 2 bières",Capture d’écran 2023-11-03 à 10.28.58.png (https://v5.airtableusercontent.com/v3/u/58/58/1791108000000/xDSpUcdiFK7gpaqCFEo4dA/ze0TBGXZ93XC-u-YzfHs47Z0UwQSFAQjzIdSs0sVCs9jet2aCfX5-vK3eByJhRRWCnfeWjGT0xvjKNjgc4RhPAjA3Rt1fb7lNkrl1dmdnkKxDtZWS_rm9QHlyvxs_ueByN5ApfXYyguj-BM76X_ir9Hoh4OWkf3nmYQKhQz7GL0/bXNWbpZCWa0mMt4nfol-Rdtmcplw3FfDgsVrm_ejPeQ),€49.00,Restauration,
10/15/2021,Palaiseau,Le Grange de la Vallée ,85303680400013,Restauration traditionnelle ,repas ,Screenshot of madada.fr on 2023-11-03 at 10.21.47.png (https://v5.airtableusercontent.com/v3/u/58/58/1791108000000/QI4Inxz4cDoesl-8z0AV5g/HNWm4ndh02RU4MRBJcaa6h0TS2it_ekXlpXK1k1PoWWwjcjVNcCVSndH7elDdrbKjWT8aBc0OUDMpw9_yBsqkMIx1-dUY3wcqkxNhRpmsQvcZwNXIPrda--sfJJRxX23adpTuFX4u3PFN0DmRZJk-q0htbDjoGFy8paH8Ev3EGoalMXkSbcLutSvoCo6C3Z5/zThsw1mir7wXd9gDC3F9nF0gg-1Ul2S9y_0-5oFEtLo),€93.00,Restauration,
2/12/2022,Palaiseau,Taj Bollywood,82809664400012,Restauration traditionnelle ,repas,Screenshot of madada.fr on 2023-11-03 at 10.30.12.png (https://v5.airtableusercontent.com/v3/u/58/58/1791108000000/N4GnIYSsOSUzim2SWiWQnw/354hoy4UHYdobl1AmM2yrbGIFSHTE8fe0mzTMtH2kZQgmwPlbsGRLYM7vlPXAXIhDA3pe_-WaIlLXQj9c-D-2C3FBDDBYczwIe2HgpKcLf6ubTbc3Vetzbje4OZX4_0TrxI_DoH0WP9qYlRTlFf86PFteQboGfV_bkXESXxG6S8sb1db6dbb6yXDnQk1kA1I/lyx_0WizoUenAxQ45r59gXNFdM555pUXiI0uWRxIRrQ),€43.11,Restauration,
1/1/2022,Palaiseau,Inconnu,,Restauration,Repas ,Screenshot of madada.fr on 2023-11-03 at 10.32.16.png (https://v5.airtableusercontent.com/v3/u/58/58/1791108000000/m7IyciotgSqJkzzP7GDt5A/FITZG7jfUJWy_0j4WRWCaxoQ9Y_RobHzvpYs-v_4JpIVMZrmdI9zcwxvPG49Q07fLZT_DtpRRW5uiOUAtIiqBV6aTjod4tD7ieC578-PtOAEizE7uKtGdvO5ngVPwoYTMtPY00piCNibsXrZA3cwgsapwcSXkm70SRDbVRdTmXlmvtzrI4FMtCw3Wr_w37FY/bdkMpcTzw-z-KOzzTfsEMXfRY76FR0JslEZPRDrMtoA),€74.00,Restauration,
4/8/2022,Palaiseau,Le Grey,80960040600015,Restauration traditionnelle ,2 Repas Complet,Screenshot of madada.fr on 2023-11-03 at 10.32.54.png (https://v5.airtableusercontent.com/v3/u/58/58/1791108000000/B-jq2YxgLdFF-arkZQwVNw/mnt7aDaGoQAUUixDy90kukZ3AkODpHtA2J726rFJMDvef4iDIIz-h_CF9IZu0aUVTBY0AFnu66wJ5Z1FVPbkzZk8qCWQHdKcM18EcbEF-1ydifwpn8fIweWRrLJVST1B3E46y-4Mqrhw4H5GPv0sjgCjsSOqG58QrrgsIfwDqsrMuaO0Pi7j_fBjougMDPln/GSE0AcqpXjaitI2k6osaWuNS_iimvKL6vqPisLxonco),€57.20,Restauration,
4/1/2022,Palaiseau,Inconnu,,Restauration,restaurant,Screenshot of madada.fr on 2023-11-03 at 10.36.33.png (https://v5.airtableusercontent.com/v3/u/58/58/1791108000000/WK4Me4KXVmq-uB9RQ44Zmw/QQPkGRO6s54kybxOwHEKrmneNVLJ1Wg_cosUcggNbtHI05nlo6U1x7ChGwWIy7heTITarfEwO7hsN6_WjCoia1iLz9BQIEsfI7QAeNm1yDhKFBzHNs_S_17D3w7tmIaNgl_g-ZHJV6HWupeey9jWy6YjxC7IlztJXND1Jfe9bWgzKaRNvit1pAfZPJnuzPno/src_KtBWtoFojFJ61X2FxaACHqf5pqlWYNkBQaqEBAY),€73.00,Restauration,
6/10/2022,Palaiseau,BR,819573601,Restauration traditionnelle ,"Repas, café",Screenshot of madada.fr on 2023-11-03 at 10.37.25.png (https://v5.airtableusercontent.com/v3/u/58/58/1791108000000/i7QmB3v2vsUD1JF6SKrbOw/-fIV6dY13UdaAu9vhxIZUGQmDEWNwstqQar7QGO6qIcIcX0hHCfZDaP7MEv73DakHDJwX1hPci-1yLI687HwmVqT0At57uV6sHeeEGMB4OzuUmzk4QvkUIbvhOTi6QGfsEeoVy12ZAO9XsizvAJa8WfEv8DVrNJqDmUBAokKHI66udDlOyuzET-5BqFFirCC/DVEj30WgniKPD_3zeNcEDRV2tSUYAse4V_11xg5wQxA),€26.20,Restauration,
9/19/2022,Palaiseau,Zeyer,55213735800016,Restauration traditionnelle ,13 Elyes,Screenshot of madada.fr on 2023-11-03 at 10.39.08.png (https://v5.airtableusercontent.com/v3/u/58/58/1791108000000/tSTPGsazZCuoPQAAo6yrfA/hdG_gXILvPCyOWKWuglkUYYLCiM1mDG1hI6AQixy5HI88ExvW0klRxs-llJVh7JceW_qhGpNmhIcnH0RIWgxXTwzrzEdVsu_u6mWepWLYgq5upgvSLY6qyOvZt4-mxz7s60YcRf0NhopT2kkzIGdmEzw9c8zs_3RjMUhGOrisrD2u9yJWGCR0BiWXD-zIHnT/KAZE3biEGfrnxS9bQtO6hE71DvE270oGyO7FTikiLb8),€30.00,Restauration,
10/7/2022,Palaiseau,Taj Bollywood ,82809664400012,Restauration traditionnelle ,Repas ,Screenshot of madada.fr on 2023-11-03 at 10.40.57.png (https://v5.airtableusercontent.com/v3/u/58/58/1791108000000/M8vfMUkSB9XVNj0Y8IxYEQ/a1oJ7W6iZdHI5tDU_4law-R8Q9Ma33uPFOKNjWl8c6cvFIR2KiuK8qSWOr0hqUvUdj4eYAWUkOvi150qlq8OpCUXb-WeynEJ9F6g4JBy_r7A4pGzIhe-LBophDUPOYUL7afapzK8CAMy6yzSoO87cN5FPc_84YvLUcDdf8RA3tJ0qMhqbVgMHhmX413LR21C/05qCrVvCYrDNCja9FYmNElvWTlZKdjjknxWyzwOxe6s),€36.50,Restauration,
10/10/2022,Palaiseau,TFCL,91199685800013,Débit de boissons,restauration/boissons,Screenshot of madada.fr on 2023-11-03 at 10.42.13.png (https://v5.airtableusercontent.com/v3/u/58/58/1791108000000/E0ULFB2iUW0w8Phi5T5frQ/c4wzziJFKSUAaO02EpRpfpTlEOrlG3IfqKOEsIxNtpMIwd6ecRF9k0ZWzoWDvBR1v9C5dCtrUrciD45MJjFPTHcJFxX1bb4gQkcDqxzwiaKGzDxc6yqclms59whE31ZzYmQyxDYddcPmzu1g8KKE9yIDeBnjZjI3tsML5pJcR_UMtI5pHqJB8897p2wkW8I1/pfc4198b3X5AxmMSh9Ftw1Hf7d0r_uJP1-afO4yYbAo),€54.40,Restauration,
11/7/2022,Palaiseau,Zeyer,55213735800016,Restauration traditionnelle ,Boissons ,Screenshot of madada.fr on 2023-11-03 at 10.43.38.png (https://v5.airtableusercontent.com/v3/u/58/58/1791108000000/ylFK1vRlBrZZoeoc0efBIA/K6OQemGgOWJ1usNop1qzdmET5l9jzqsBpXSWLwJ1Wfyq48671Z_iXFQHJ2ZwO7k1W5yfCjLRD-D9XrFCB5cuclPGixn4jx2QmvN8yj4Za5LDpf5L-xpzMMLBNlmq_M2z9POSfxiqkt-GB3QTLuwPX2yOFW2FxfkMsL1libsswNMYFZIBVWvfDEAGC_YRAJOD/kkfpCt6bO1s-DfUxPm376fI-gG7gBQ7IlyLAAm29x2s),€59.20,Restauration,
12/12/2022,Palaiseau,Sas YP Gastronomie Palaiseau ,89953725200012,Charcuterie ,"Charcuterie, Fromage, Entrée Festives Froides ",Screenshot of madada.fr on 2023-11-03 at 10.45.43.png (https://v5.airtableusercontent.com/v3/u/58/58/1791108000000/pizY1MvLlsJQEbXaM-7TVQ/amVBRPYnoWGQrDFMUOrzKeu-i3xieJYyR5MEOoS1_Ygro2qgRe5OGCuuO9Iuil2N5PcIAPQ1Nua-owWFYRIc44ZVmwbMDsfogj7PXGyVxOccPVt9kCn0jGmmE1pOH2zMbX76OThCu0W6JMaxv8g3J35nTxT9OUiG70Tikuyt2WpqIqIGj9FikaPviVaN4kV0/D8Zefa9sENSOPu7TteQWIiUd3LJ61zPMJI15RJ2og3U),€751.69,Restauration,
7/8/2022,Palaiseau,SAS Taxi Basile,81114257900010,Transports de voyageurs par taxis,Transport Taxi 8 places ,Screenshot of madada.fr on 2023-11-03 at 10.46.19.png (https://v5.airtableusercontent.com/v3/u/58/58/1791108000000/oj-1k7UsWVP3lq0IataEhw/CCaMg1i9FNsYiybrV13TjGzSY4joOWMhYMX-NvPZgppgoL8wJYE3-RHLCd9TWmCxSmi6VZaEyLBB6GQO9V5RL1O2b9udC8fD6YjmGYE59dW5S8EZtvIrxAuVBMthHkuVF-TbF7GAAO3XjNIsp1ZG-7f3G2ms-rtYkMxFyzdPP-gw7mHVDNRD2a9wI78NiTmY/RGM2JrSutkdqUJi_Uxp-og7rrwKdVeFlCWaR0InIIyg),€50.00,Transport,
7/9/2022,Palaiseau,"L'atelier éphémere
",82103698500017,Restauration traditionnelle ,11 Repas complet,Screenshot of madada.fr on 2023-11-03 at 10.47.46.png (https://v5.airtableusercontent.com/v3/u/58/58/1791108000000/4j8KANEMFdXeCJWgmq4k3w/BN-8yFVJV-vgEzhJ1dDZYCMdgy0jl-2vU2kIffw2T6t32TZwn-HRZu0cAlAPiLKG0YG6veOBnwxy9I1f9x6nXSyQ6vJ_-sN13JzOf7pplNTyUHmd-O_1aAI7cSPWgLa-ADVQ8GvIWI11d4erTrZKpKISwYefYSJmPYMX27SUviKFHqdT5UfxJeeAYgy_WUbt/Jhe20y4q9ycIwe8sbDwX5PgcF4He7aB0jNlpHtUh3bQ),€656.50,Restauration,
11/16/2022,Perpignan,La passerelle,75248695100011,Restauration traditionnelle ,,Screenshot of madada.fr on 2023-10-11 at 14.59.42.png (https://v5.airtableusercontent.com/v3/u/58/58/1791108000000/bAI_wUpopj9ohaARKTFkRg/IN3hk2aTsRUfjCSfwOZIs-oeeDduC0QzIwzSMPIgFCqVprVIvApeTfl6JZqgPx9YQkbV0mbYkZESZeyYww77RDGkTKFfoeInWfSzoo9oqt_BGvdknuRUgx29RuSpYpP1sFIreLLv-9olfOt0WBKKmUMn1r7Q5AakccmmOgMiOUc5_Vw8Q2Xn1DmD4nh2qusI/YempOyih5X4AzQ7vre2tPIYzb1I-vePHZ5iXxkzXv9k),€378.00,Restauration,
1/13/2023,Perpignan,L'arago,53909548900016,Restauration traditionnelle ,Président USAP asso + son adjoint le maire invité,Screenshot of madada.fr on 2023-10-11 at 15.00.45.png (https://v5.airtableusercontent.com/v3/u/58/58/1791108000000/SNF2uNLIGJ0oH6rnIwQZ6Q/K-AaWMXwVwYEWJzw6EnsIrYdh1OMXlOjzD_im-pGxMWE4hOJTrjoZ5DeugH7u_jJ9pASxt0spimUCGoM74ededhIERXEUTNh6_yMD4I0c9lBLQlqmfVu7J6S6vq2Mid02AZoMv3-j3tN-7sg82O2P-rPhVfXq3df_smJdaG_4hmqVt7HaRHiy9e8h9-3qVYm/_R2RJvMHPvg6EjP4e-xgOvZNragVrIIucl2DwoycnQM),€113.00,Restauration,
1/26/2023,Perpignan,Grand café de la bourse,33133937400026,Débits de boissons,Syndicat construction,Screenshot of madada.fr on 2023-10-11 at 15.02.53.png (https://v5.airtableusercontent.com/v3/u/58/58/1791108000000/XzzPf81mDTgMykp-594TeA/MihsDVcAjEfc8HDiZUh0DQO1D4Vu8fWz4ma8RtTg94LDKU5rtzMDmogizgS5uibB32MUHtc3I7XCG257UtS3EdHBWt717P_H9AxMyBMiywmFDGggUjgGpX8_CQp3Mmn23AZFcTkJ-G1Vab5BsWYvm8AInZ65HncOEAt2ttMkMvm68ldzAL3aE-xH4SHlN50u/-fKaum0XKOHZIKbbBdVpKpHNk-yK_NwiCnqfvE-5WyQ),€77.10,Restauration,
1/27/2023,Perpignan,Café vienne,39189480500012,Restauration traditionnelle ,Mme Pottier + 2 invités,Screenshot of madada.fr on 2023-10-11 at 15.04.34.png (https://v5.airtableusercontent.com/v3/u/58/58/1791108000000/taWZoQxV63LkElBEhGoxNg/U2H_F_Jv2DQKYF1aWjYwR8Z5uzQ4QXhsfW1U-eitLn64-v_VPGYj5A01b-vrm_ubbaSN88uGGwADZHdOcxBLDJZXZbH3Xd843Zjavp2cai9x4BuExoJ-aoYcIea62XoGnGpUHIAvxmHqQRzUQnSv55EamFpXlKMrwDCVZaF8pN2LVwdiA6-WJ09CEVDAbZgp/AsK9tgwqn6dIQKQznxAT2JqOY-OXfH6TwklmETzMxOk),€55.00,Restauration,
2/10/2023,Perpignan,Grand café de la bourse,33133937400026,Débits de boissons,"Maire, Gouudes (?), invités",Screenshot of madada.fr on 2023-10-11 at 15.07.13.png (https://v5.airtableusercontent.com/v3/u/58/58/1791108000000/ucI5hqhHgYg9mrTSVaH70A/TDmXmMskAw5LpOsTYWsHF_6Ze32AdF24wDl8Rvn_MIvsy_3kh78bpiivMn9fAN7_meMZE5owWfnBCKp8F2XcoUDaPWSL4Gmat-TcI7Be-gXBRswbFmDNFDDyy2Np7KHiTZXihG6LGOSfqsctYEAWaodys2PgQGqPlInXcRORkSVS7iKgA-9ZANW-gzVzxn7j/VrSbnsDOwbsdGVQrIHCpPWJslvMWHSFAGOpINd3LXs4),€73.00,Restauration,
12/7/2022,Perpignan,SARL TRATTORIA,42214450100018,Restauration traditionnelle ,"1 plat du jour, 1 aioli, 1 tarte tatin, 2 omeletess, 2 verre de vin, 1 jus de fruits (M. le Maire, M.Didier, M.Poort)",Screenshot of madada.fr on 2023-10-25 at 14.36.26.png (https://v5.airtableusercontent.com/v3/u/58/58/1791108000000/N7a-QfQxFw2FY86ICbJRLQ/5is1EHppbhMXZ0Nwbh4FywuHkso8SH8M40rcKW3EK32EuTa9Ae1ElVbEu3cW4ANui9qIFxoc1_HL02exlBWhSJf_3f8D5wKRMtB7TPH5bzPkB2w13YAS86Lq2RM3k9BgYyxxq8SkcSn8FxOl9CjfCykexJ-WkNoa1jNRvzuwtE99kwzmpZZcWNL4SuXqMXk8/KsrKGSS1Qbb-LO-cFi6wOe_xJ22LD-i8OD8h35yCa3w),€96.00,Restauration,
12/9/2022,Perpignan,Grand café de la bourse,33133937400026,Débits de boissons,"2 vins rouges, 4 soupes, 1 terrine, 4 bavettes, 1 souris, 3 plats du jour, 8 cafés, 1 bière, 1 dessert, 1 salade (M.le Maire, M.Bort, M.Loubet, M.Belacel, M.Gue, M.Gatault, Mme. BERTRAN, M.Mocellin, M.BOLTE",Screenshot of madada.fr on 2023-10-25 at 14.40.05.png (https://v5.airtableusercontent.com/v3/u/58/58/1791108000000/WK2i_DcjPBZ3vsbIUWHf9A/z4Sg-ygSQPqrjUfucNv_byW6zZXXtSbmwLpjVsqnXN-GXSlOebyiB_4rn70GXlhr9MWPZn9cQs_rbCHPSeg2ZcFCfEvQRV1U-Y_MuZOFFovZgwkRL42074Y4Z3sYHSAiMMOBXza9RJsJK74-M8fz4-XdHmliytqtS1m26-TPJzw2FjmfTsllied9mZgUY8bA/okGjVaW99alyHrwgncQ_4_zkiT6KuxUR-f_EMhFyWuI),€269.90,Restauration,
12/22/2022,Perpignan,MICHEL ROGER,78890013200010,Commerce de détail de viandes et de produits à base de viande en magasin spécialisé,"4 plateaux repas : menu avec entrée, plat desserts",Screenshot of madada.fr on 2023-10-25 at 14.41.43.png (https://v5.airtableusercontent.com/v3/u/58/58/1791108000000/WnuhU5ko1sPxDe60IDMCtw/YPxQPW-WuwPAXhMhEzFs995dAvLFcXBD6ZKjZj99os8UUs9tzauKbGTcchG2T5ifVoRqOHpGx_TLhUOV21dvDWTv1VnMUzbd2u_IrAriB98yldUMQWtzu0rec5B3KRRjC0otgjXwk7M_KzbsiPb7q4KemUmRW5BlCtsCOdmPi_itG2uSK1Ru1UtZSNSBXkDC/FdQcI7XMKZUY3SFFIwtFsQFKzG297sl7IC2pa79ryH4),€83.42,Restauration,
12/12/2022,Perpignan,2C2S,80880896800016,Restauration traditionnelle ,"

2 couverts
(déplacement à toulous pour rencontre avec Green City Immobilier)",,€84.10,Restauration,
2/13/2023,Perpignan,Mercure hôtels,,Hôtel,Chambre d'hôtel (rencontre avec les sponsors de Visa pour l'Image),Screenshot of madada.fr on 2023-10-25 at 14.48.14.png (https://v5.airtableusercontent.com/v3/u/58/58/1791108000000/YLyzB8l7O8rDc_vJBonLPw/EyKIojAAvOEKVInmjVw7XR-enWtVbI7XZVBMoP4KBNoKdgBJ54wKKE183yhlUYBdjREvJPhFCvulZ3Bn6NDIjxTvo5uG-xciPf6UiuZ_ci3wcfMSlQ0TBtAxzl9IK50PJrhF6ItHDWU41-BA3FEDsb8dF3t8e0XZFAjVLGr7o1lr8K31O5vtlrdQKmoApQLK/YNYuGy4a58snd8aWvZhrWW5BykCrok_myHHNiDufpOc),€73.00,Hôtel,
,Rodez,AUCUNE NOTE DE FRAIS DE 2020 A AUJOURD'HUI,,,,,€0.00,,
1/1/2020,Saint-Aubin-de-Médoc,Inconnu,,Restauration,Frais de restauration,,€129.00,Restauration,
1/1/2021,Saint-Aubin-de-Médoc,Inconnu,,Restauration,Frais de restauration,image.png (https://v5.airtableusercontent.com/v3/u/58/58/1791108000000/F4xdOfActoXWLIat95PoYA/FBr3u2HAnhnDWEYbtQxgczwvkVi7NjCAjrrv2deoM-iNBvmqUhFwOPUh2pG4HhNaLniBtkrtia3pf5a2WM0d4pr6gaFjvU1Sti7sSpUeaMAESFrJy53vPMiYZeFP3fekbehuwgsZSQQmPx3uUN3Ozg/V8HqCduhAfNo2lrtSkip3tLNkzS2rz1SU9KfuQz-Flg),€257.50,Restauration,
1/1/2021,Saint-Aubin-de-Médoc,Inconnu,,aucune information,Frais de représentation,,€50.00,Inconnu,
1/1/2022,Saint-Aubin-de-Médoc,Inconnu,,Transport,"Frais de déplacement
",,€42.80,Transport,
1/1/2022,Saint-Aubin-de-Médoc,Inconnu,,Restauration,Frais de restauration,,€212.35,Restauration,
1/1/2023,Saint-Aubin-de-Médoc,Inconnu,,Restauration,Frais de restauration,,€162.30,Restauration,
11/18/2021,Saint-Genis-Laval,Best Western,44438505800029,Hôtels et hébergement similaire,Hébergement et petit déjeuner,Screenshot of madada.fr on 2023-11-03 at 15.20.19.png (https://v5.airtableusercontent.com/v3/u/58/58/1791108000000/J_gNQ98z4_ZFvHUlLC1_0w/OzmCPTgIhe3tB6Uu4T1Dqdb82Gn5ZHCQAA4A98sfbO8qXdjhfH0UQFfsLtcMMVDPMBCa5sfCYDEkaRE9MCMEvoEsNDFhg2A1cQE_zJNwQ_RvZCCXEQtJk44IDh0zf4wg8LV-j0ss8TfG03oBOJph9kwCHxG6f-WuzzVjLdMXt7m-dty7MWx6sH5mSStqxopr/E_hP3fYvDoKEJnp81W2zgwgIuvrjJZCdDyb8j7Wo_C0),€708.64,Hôtel,
9/20/2021,Saint-Genis-Laval,La forêt noire,82062104300026,Restauration traditionnelle ,3 couverts,Screenshot of madada.fr on 2023-11-03 at 15.22.38.png (https://v5.airtableusercontent.com/v3/u/58/58/1791108000000/XUScjRPipffpmTeUzJ_yHw/rCpjA9nlzd1do6TktYx4zoJcbc-fWeZCxc6cxSBhK3qiy5h87_bYcGD7jq7rJWqNr9REyAzCeAcGniLiCiSyKLxk6Bq40LadUyDWcKzHEEx1nsEZGujaTbLUAVrCVEH3CLq0ul3d86CmP_RmNJUvWyCqAzM79C1j_xUuCQ8cSG7sZ6JOllcHm-0H6QvvvoUX/b6KVTKWGRyrnC7IZismAab2LRo-DcEjz81kFxjmFWDI),€76.60,Restauration,
11/18/2021,Saint-Genis-Laval,SNCF,55204944776279,Transport,Train lyon-paris,Screenshot of madada.fr on 2023-11-03 at 15.26.20.png (https://v5.airtableusercontent.com/v3/u/58/58/1791108000000/-GlnnkLkU1EhDXlwY2s77A/mTBN_026LBkYOC6aj7LCXLUgfg2GacutryJCDfQcS6TCQN_0ErmZWk-FOi-KR7BMI2ZoGtKzi9cr7wkuCHRvUX2CPTxYvcswMiXoGc6Id85gJ73faY0kmTL8yEpIFvDbnVm7ztk94YytVoE9_jd_9ceXva7pt0YNXKH5guyGFk4XwufEtGF8m8BpdDP_IBsJ/S8AMwn9HLuSrXaM2JBI5lnHqBzkG8hNK21SQxGQ78aw),€100.00,Transport,
,Saint-Genis-Laval,SNCF,55204944776279,Transport ferroviaire interurbain de voyageurs,REMBOURSEMENT,Screenshot of madada.fr on 2023-11-03 at 15.29.01.png (https://v5.airtableusercontent.com/v3/u/58/58/1791108000000/sJmavqMwXB7ORnqzrdw1Iw/kXII0USn9yRiF_JTyIkgX03pE5PoUKitSL2_pK95K35uJt8AO6IulYlxpcNIO6WwnI5V0M3r8nf_XLTnbgM9gsOoru6j2L9qMsvnwcYuRqEqteccbaclwSAb8OH1-IgGCJAMPf6qU-d5wW-A48MPwWEsBTHdy60dkAMkMPrv6WN-xHrVDxApqlvu2E0txYVo/fmKNNm70bnsquUV8DSwBJeC7ZM00r_aF8NV0bMa1wf0),,Transport,
4/25/2023,Saint-Genis-Laval,Inconnu,,Restauration,"Diner restaurant - déplacement à Tortosendo (Maire, adjointe a la culture, Maire et 1 élu de Tortosendo, 1 employé du service communication)",Screenshot of madada.fr on 2023-11-03 at 16.09.42.png (https://v5.airtableusercontent.com/v3/u/58/58/1791108000000/WBCkjxza3zE64IqHnwhllw/DrEOkqQcbU27XByC7p1mQWefWH9oVBxzBtBaLOU7WsX4kqKEsGxBfiKmr5thtYz4Imu4uYImz0df0iDwDgIINhOq0_GAySeTs3TlCm0CEfEDCZMbJx17PG5FoRCX4srdgyL64fRxp5oI1EpUSyNCYzp3T5Z3REpfPpZH-0UMP72gPCMHGg6lCVfsbk7eA5eA/hpfeiGVFv4dtX8GfNschjIyvRGZUymgE_uCJdDdRavk),€141.45,Restauration,
8/16/2022,Saint-Genis-Laval,LE RESTAURANT BY MAISON MALARTRE,85216745100016,Restauration,2 repas,Screenshot of madada.fr on 2023-11-03 at 16.12.05.png (https://v5.airtableusercontent.com/v3/u/58/58/1791108000000/9pAv4IdC3fa_voY33fQyIw/i69kmR0e5c1yZGNlOzfdIJ5E1OhnTeYUFfrqLHNBQZ9KmXb9_yTtHkPAM_fzt0-Yp8bdPMP2eP5sAiEIIFyeIBkK85MNkc790-wXN-4ve2qCuebfeCN-SaN6AcLPY7fVmOprXQbY9BJDpMUOtkat8FJljYKfQQmhjZpX_Tjgg1QTWGZa8AolcfRPGzU9AWXQ/nKaidEmOh3pUe8HEMTvVR2S8KQXP7TCrhdWfYWini8g),€42.00,Restauration,
4/1/2022,Saint-Genis-Laval,Inconnu,,Transport,Bus/métro LYON,Screenshot of madada.fr on 2023-11-03 at 16.20.03.png (https://v5.airtableusercontent.com/v3/u/58/58/1791108000000/CaH0Dhb6BZp7p6GUqmPwXg/wTzK_VZuPBnFT97cAuFlE9vfhxa-g_DnHRVdYz6td_FScG4w2OXG_CoyBNvarfMBs6juz9dgEU-VhQQt072HHodc66kot-TrkFdFKdHpud357xMaAxQIP6NqzmbQRry2n1diAhrxRH-536YF3rPv7IJlvj9z71er-wEscU5c7O5zlhEVibluLNNzbVDjlyEZ/CyWdu24Z_o8rXP6lemHsc-_2i15p6CmAcJYhfZAVduE),€18.00,Transport,
4/1/2022,Saint-Genis-Laval,,,Restauration,indemnité repas,Screenshot of madada.fr on 2023-11-03 at 16.23.31.png (https://v5.airtableusercontent.com/v3/u/58/58/1791108000000/ZMr_2lEDXXEBQbXkxqVmWw/Sh22NxI3VbVQ9BST6wnG7bTyjkXFRXLFL6NS_HfSB2hgoA5mxqs0fq9dtvu4V3O0DoAaDlJ5hutCOmPCjbYgByp6lI1DklUDU6h2Yeuq6r-GY73197yP5YKU3FXXRfaryUK31QhxneucDY-ReyBYTg3RIaB-xkWoEdWXOwru7bBsuWUBZ4qwgdTcYohpe9W_/eTlNn38QN16JnvOD4jWBNFAhvxUqCOAkNzq4ac5d21w),€17.50,Restauration,
4/1/2022,Saint-Genis-Laval,Inconnu,,aucune information,Achat cadeau retraite M.Rota,Screenshot of madada.fr on 2023-11-03 at 16.24.35.png (https://v5.airtableusercontent.com/v3/u/58/58/1791108000000/qjU7s_Hog4Y2Y-MEbQDYsA/y9H2BXHIEVKTSftcb6lEloclfDchXSvoxMFgUmhZ4NgvHQq4cMpkz76E_6MUKRcWsdDbIB6JehesaccumwA6HqKAuWHM1eC0qokBz-gEx44ZOmNfGyWk2MIhZh8P5f7nGeQAuAZxGO3rXlJHomL3CDMXVFfF-HlTZrC_ke-3_hC0zmip-XlZvZq7k0F-eKZW/d5WHstMXIm2z7JstDVAqmFh3dQUmU7vMWuEimiNB2O4),€45.60,Inconnu,
3/9/2023,Saint-Genis-Laval,ALICE AU PAYS, 81143583300017,Restauration de type rapide,plateaux repas,Screenshot of madada.fr on 2023-11-03 at 16.32.26.png (https://v5.airtableusercontent.com/v3/u/58/58/1791108000000/hXueOA2nw5b-kAiMesIp0g/_7D-KpNmwzjKA5_d40inzcw9tTfmH09PE5xnIEaguIvkDrbi_BpSmtyXdgNE7IJUlEmR-KIRrqVNAhZ-vyad8w_sg1M03RjHhJlUqm2ipmcKJpWLXmQ9v6HI6Rh5UlSVoiZhbIeS4USg60pL9U6qnFOWYr2nNJPfA_jJyyuPSsMORpQX0JVo-TY6z8OfLSJb/Fx9RfxP2KVqlkzWDbJavhxax-oONvkWWmjGRyBU5pB4),€99.90,Restauration,
12/6/2022,Saint-Genis-Laval,Prêt à manger,,Restauration,restauration,Screenshot of madada.fr on 2023-11-03 at 16.35.40.png (https://v5.airtableusercontent.com/v3/u/58/58/1791108000000/5HPXknQ-iicLOcybvcsicA/qQcZ5U_y3vltNhHGS15PWvtIJbJG7Yok6ZRhy56BmsBUd1u1FZb0SzuBFgicZTDKZAXdW_yCDww-9DfoR6Xolu-cgn7SsdgDnSwazAzYN5kV5DJ1LGd4xIWfouGPPNwwWq5_ghSKYeTuYUKWzNKBeftL2Pv58GOZgZWZFhFpwVGV8_CEXIBW-ELU0wUglWOL/H_rPdcjBffTJKwxOKz5qwosKm9BImhFz-cA3J1-clOg),€15.90,Restauration,
12/8/2022,Saint-Genis-Laval,SNCF,55204944776279,Transport ferroviaire interurbain de voyageurs,Train Lyon-Paris,Screenshot of madada.fr on 2023-11-03 at 16.38.44.png (https://v5.airtableusercontent.com/v3/u/58/58/1791108000000/LnfrBnZcx0GvJOj0RuKAnA/mB1kL6qTlgeLCpCfbmk01YqV23YQ5OjprgC2bJYhhnsIvCYO5QyZ6p-WKshfN4-Spmax96bioAXhOAi7Wr4q6qfvSARyxVIQACw9aOKYhkCNep-tsJdyMzk675bRARxy1Ri5JhmVynGRV4q-2lsK5g682vk1JSfxDJu9Wff-fUs_gXxbrdQoUC7VcxYO4owh/cnVMFXtzf8sRalGQcZb9X4wWN5pI8Of2LYczleW---E),€94.00,Transport,
12/8/2022,Saint-Genis-Laval,SNCF,55204944776279,Transport ferroviaire interurbain de voyageurs,Train Paris-Lyon,Screenshot of madada.fr on 2023-11-03 at 16.40.05.png (https://v5.airtableusercontent.com/v3/u/58/58/1791108000000/7Fswape-T1GC1DStl_nhMQ/6DTVb4LARG7entRrGhI7FVKU2Lvd1vbnqN8GWCnc2557zKRZhMySzXiN7XrAYo8vIQso1KGb-9ioKZ8km4gavkVeS-rU5LrzrtmRWEC2JmCGem0wWOuKBfd9U88BtbD5wQLMGyivZgzg801Bs9rD_18xy81vtSSqx-vMQ2DjAHTUemeCEdtmX1cpRUFHadE9/ajH_IQJjbIrk7NBvKMa8KKsGuLbjGqYOqf8JMP09Ao0),€137.00,Transport,
11/21/2022,Saint-Genis-Laval,First class driving,89441491100012,Transports de voyageurs par taxis,,Screenshot of madada.fr on 2023-11-03 at 16.42.31.png (https://v5.airtableusercontent.com/v3/u/58/58/1791108000000/asmOt4HtXKIKk-5xAcGTGQ/k64hfa6kytyqmaF1tJ3zl0QdDKuB9Tsc3GNcyII18EWPp79y87CpUHnu3H7AXEOVExV_7RDLdTWpU4DIGOiMy68NXs-ZhAdqc23vBdgJk-zU055DXI8gDbyVmlu5d31d7piz7EapY8F-AELVKSz8BM2TP049agrDsmq-dHnbsB4RbA7GaNr4v50rKT53oAnu/fwgL5BtY_uHXT4fG7OLf01b3V-tDL7sa6RJ3b5BcF8g),€25.32,Transport,
1/11/2022,Saint-Genis-Laval,SNCF,55204944776279,Transport ferroviaire interurbain de voyageurs,Train Paris-Lyon,Screenshot of madada.fr on 2023-11-03 at 17.00.40.png (https://v5.airtableusercontent.com/v3/u/58/58/1791108000000/iW07GYAzwvB9sm7ununfkw/nbn6ighgv63cCSmreVAn-gS2og5fjvq3WtTz5V-KGcQldmpfzRrHtlnFeqHlgKxyphYG3X5HydIc0RnOdEo9ELcEyzeOL9Ex3s54o7-L3C1dVika2VKIqhh5MmHYVyOTH-brscS3gwVnJ-ehE4K-buFaybE8stsq-WNChTimtSZFslZ7tXsHukzmSy36SHQ9/Kkugyd6nOzMLr4UVHFfBUbjF2LiXGEu0XG9YAsSqzo0),€36.00,Transport,
11/22/2021,Saint-Genis-Laval,SNCF,55204944776279,Transport ferroviaire interurbain de voyageurs,Train Paris-Lyon Part Dieu,Screenshot of madada.fr on 2023-11-03 at 15.23.53.png (https://v5.airtableusercontent.com/v3/u/58/58/1791108000000/jhcTV95CE4_kVYiYzaM9xw/jDoLDhiA60StsZBGUqiDB3PhNfNC-agBFTTr_fuNiNYHX5IT8We21nnh6YXAGLbFM4GWyKczkrxNNgHpuRJnMM5MR7dHMpSaCBAYHU0NK8FK1WjZOsfdnxXt52n7bpHl47OGyUnmNgNoBD8z4s7qUgtxgEpB9qRov8E0d1H1c_0LyyPdHP2WTYAHkNF_tIYR/Dr3zmKSV89SUM2HWiAEiObRglz8PAJcQAJbfs_nXj4w),€100.00,Transport,
5/24/2022,Saint-Genis-Laval,La forêt noire,82062104300026,Restauration traditionnelle ,5 repas ,Screenshot of madada.fr on 2023-11-03 at 15.27.39.png (https://v5.airtableusercontent.com/v3/u/58/58/1791108000000/3PVZG5TnitUYcxwIeaEBBg/8Nx6I2OmFw2_aE9SrbyDcdv1ED20vi4cDbXpO9xMZ6ysSWRcw-rBWLuhH_QTLi7qOuCtLB9qb8x8aZGOFdPgJoRENGxBMMODVnBnOU0VCzVUc6LGCueR-y_mMYpoAs3EGz0BEpoMvJKoNgUfVKV3X61VI3bBO8klonKKECTeCkfdwM7MdmQEEvk_pwjOMnbQ/Zmvhj3sBnNbc35nmOILByQiHffxCxGRXHT9qtFvgROE),€147.20,Restauration,
1/26/2023,Saint-Genis-Laval,Inconnu,,Parking,parking,Screenshot of madada.fr on 2023-11-03 at 16.04.00.png (https://v5.airtableusercontent.com/v3/u/58/58/1791108000000/N6ch6lkyfz381DVgjWWo-Q/AHTcLxlqXNLehgDi_gptflEsw4sH8G06mmA1vzERJV-jhSIO-lWxFCRbtdSh8bIhXiAZQPzuBMe7tt9jXDPjWaqauMVP3N0xcKmm-G8K4RRA_vajV2pQrittya_preR_-UbRNoN2JDfAoT5AmvVGClg3NTybg60zLoql0b7lKGvHL9BDH7Veu8g1k3uWQYWU/0y7AUqVegKYVsUB4bhadlOje5Ee8ZGPeZqb7zTxy2m4),€10.50,Transport,
2/17/2023,Saint-Genis-Laval,La forêt noire,,Parking,2 couverts,Screenshot of madada.fr on 2023-11-03 at 16.05.31.png (https://v5.airtableusercontent.com/v3/u/58/58/1791108000000/OsDALtqfTRq84c5fmy4rzQ/iUA_khNqSfg_HD_EYkQ5w70a-3L56Dgl_Thy4mlz0X1UqWECTND2n3IThc_zuihAWCfSWLYSh1KUsFcx07WMbuu3GuZyftkZJG42a29Ip7_sbM8eannEl6UThUzfGEQmPRFTmBYZFja9ei1hiKawvWuEIb_AxUb18zq7JNolSSnp1mHMIbRXdCwkG-U79h2u/SFCNu5_tC6nKYT4EoQ94BdeykE64Ie63tE5M2d3Qjc4),€82.10,Transport,
3/13/2023,Saint-Genis-Laval,La forêt noire,,Restauration,2 couverts Maire + député du Rhône (10e circ),Screenshot of madada.fr on 2023-11-03 at 16.06.28.png (https://v5.airtableusercontent.com/v3/u/58/58/1791108000000/aWsjow24h9vtoLX0Yys1_w/W-gI8H6UE3Kra-SMQw3giS6k_ZzfOT5KntPDMhcK8GJE87U6UlUH41BTPv8BCQuyqNx5Fn-pPubaL80cTCBtPzmx3Ms3n0gcEJbfDSYr1EoTVYxFnK2aDxX-xmhNlyQKHdF5jD1rXHdlLC0GqAALDcyK9xrXQ61WByH8WmS3sWTjp-Gm2GpZ7vPXhGkRSiRE/O3KAIczaq2oF_XPhrLdnmWKq0rWqMwzuXIhFFMQqeDc),€66.60,Restauration,
3/18/2023,Saint-Genis-Laval,We Fix,,Autres commerces de détail spécialisés divers,Achat coque + protection écran téléphone,Screenshot of madada.fr on 2023-11-03 at 16.07.38.png (https://v5.airtableusercontent.com/v3/u/58/58/1791108000000/sGf8lcAuAnzALvx4T0kdnQ/PesGnPciGXHLaSobo9V6IiWpJLBPoGpWlXAyRL8Ol2cp_XxUb_9hKnhz-tdKzELa0sFUFllDs8LPtfAGxMUZMDxAEsjEwBfTTwfTmtSZKe-QdAnXajBXBTqWdSpUZyr2t5a1zkrAmGHx4qBUogsIKJvzANzz5WyL8XdXA4PllYfGzh1VA0yhUfJBgW39fGpu/oPtk5HDRfGFdaEd-77Ijvv94NczuV3m8Kavp3TwXrh8),€44.82,Téléphonie mobile,
3/27/2023,Saint-Genis-Laval,La forêt noire,,Restauration,4 couverts,Screenshot of madada.fr on 2023-11-03 at 16.08.55.png (https://v5.airtableusercontent.com/v3/u/58/58/1791108000000/KZEYOelo9JsVOdz9y9nIzg/wrtIweOytssQPf6b88p5nqKHuy7WOfoqaEIGJfxwxn7Q3zLZDqR8bJ4O60egvrnHf6-xFtp7CuL1NYdGhlBqF4EzdWGafGsmxE1I8swpnc5NTWHLTK4UyEkDWIWFYOH6agnPsokEUgGo-aT8hND5YmecpNJrftrvAopk9jP-TZnGTqlYMSAyA0ksQioQ3mP6/r7JMj7glhDHQda-w5FBv_k8Ck3xSxktcbtyFdbS0ZOY),€157.60,Restauration,
7/12/2023,Saint-Genis-Laval,TCL,,Transport,recharge carte 10 tickets TCL,Screenshot of madada.fr on 2023-11-03 at 16.11.23.png (https://v5.airtableusercontent.com/v3/u/58/58/1791108000000/CNVgxFLtI0jqFX44D010VQ/zO1lBUTiYOD8TtlvyFaoMDhLyd7A9WoP73k-bkGXe2UaMjxAT3AjoOSHzhLoQpF6Us8HqcqHFLhf54JXMQCFtjQ3_s_O9ZamQ22OEpHonDIOPHSO9kdernEDtbPvhOwg6KgEnv-CKhHZw9UR91SaqFBnQvF_ckQZhRk0nBpRh04yu79ulDXDWoB1eLSfCiS4/CIm47zGNBejfOnQFcfPTifRLe4fz4I4_3UJJKt6TpXc),€19.00,Transport,
7/7/2022,Saint-Genis-Laval,Le Recrutement,79867434700024,Restauration,Repas,Screenshot of madada.fr on 2023-11-03 at 16.13.34.png (https://v5.airtableusercontent.com/v3/u/58/58/1791108000000/aqSUEFRLNuAHhchzY62Q3Q/rhXk3p-L4yCMzmhdAs7R55Qbbj4rVoLdRQ_UsW9BQ4LxX614AT3xIUN5aPi7ggLzzTA4xGUd-wI6AkmnfQRspdLTTr7pOQPqNhX_2r2R2-Y5eD06IIiE---JIR_n6Spqmn_8XpUbKRb5LYVMFQq5sG24orFPI2EILl7kwVRxTPDKzetRjOE3XJelEvVXwKs8/qR1Wo5ZNHxNUZodwUg3O3_0JavfIAqJ0bC4zYX-r3BY),€30.40,Restauration,
6/28/2022,Saint-Genis-Laval,Inconnu,,Transport,Carnet 10 tickets transport,Screenshot of madada.fr on 2023-11-03 at 16.16.20.png (https://v5.airtableusercontent.com/v3/u/58/58/1791108000000/2AmQ_UXVCRulrKWjZrKprg/Bi8JyshjzK-gsgK3efkrkJzxhCNV0UkEVq74gH3IuBMGVpdYiykK1TI6R_yabCX4LUnillR8sVpXLNX2JrqGB6ZJOFa5aJLlsVp66Oiq3rQsH4cWYcLGAF6lqN_EELlNeWJkwJDjB3Gy7WKxvOL1HJ3Or0nFaYWpfiDeY59VR4oswFhpOhQ8b1qfK0aLZcRJ/tTEsb8PbKzJ5uIB_mN7w2SXquhlv4503Iajl0mOutg0),€18.00,Transport,
1/6/2022,Saint-Genis-Laval,Restaurant Indochin,,Restauration,2 repas,Screenshot of madada.fr on 2023-11-03 at 16.16.58.png (https://v5.airtableusercontent.com/v3/u/58/58/1791108000000/U_xYlHjJzO2I1zp1nOcMiA/t0T9VXWb-bAWGman0Zwi20rArpEZU98hRiDLBuPSk5U0o7-L643sSoPN-NwPLPD2_x8DuffXrlcBAXZinD8EsdV09kEko0_NhoIJyCZzbFjM0kgrOqgTsfdbt5Y_03NZs22BjG8pybeL6aeXPofyOyKN5O5FCEYnE3WK0mztxkyE8OVhFm4OkSudvTYK224N/yttATYIA1tkomjhFsxXCphHXAgr0w_olZKX_aPMjig4),€40.50,Restauration,
1/12/2022,Saint-Genis-Laval,Inconnu,,Autres commerces de détail spécialisés divers,Achat vase bureau,image.png (https://v5.airtableusercontent.com/v3/u/58/58/1791108000000/wuzKJA4OqF7EcEScOPynvw/9-cPWY2pexDk7z745ZVH9xghtLlf3NmIdLmc6DfkCe3GedZTlN-ZktgpJdTs3znAdaFwmRDoz-iDQ1lWcfRl4xWWqkBUw5SmZV_3Oh6qjCACL8lVBdjHvJTrmShfTUzNRrF3-hcnoMdOzxcTAD3XuQ/N7btpAHQsO-epIi61pldcjfCqZlDNO3VsHjlXGrYts4),€27.00,Décoration,
4/1/2022,Saint-Genis-Laval,SNCF,55204944776279,Transport ferroviaire interurbain de voyageurs,A/R pour congrès UNCCAS à Paris,Screenshot of madada.fr on 2023-11-03 at 16.18.46.png (https://v5.airtableusercontent.com/v3/u/58/58/1791108000000/0-dVLmckrv57ZigivFIRuA/eJpcS_-JoXkfcXCqCgakNy3tYDB8Y7xlFSt7swYcgUkkASh5gNvIAwhwWmnb-_cPeUapqjr0b4jtjyXlEu57BK6PlVcfvwcUM_KJKRtsAiXm2pEU6aO5aXfkCu--vT4aHXXsFYRxgmrtGcTfN3pRx95kEYTEWaSJg-Ryw-Pqh7aYzCmZuRGpI0gik8Jwz-hp/XeQ2b2_4iuTov9cnaX1hQqID21nCAGoPxY2MPCMmA5M),€195.00,Transport,
4/1/2022,Saint-Genis-Laval,Inconnu,,Transport,Bus/métro Paris,Screenshot of madada.fr on 2023-11-03 at 16.21.58.png (https://v5.airtableusercontent.com/v3/u/58/58/1791108000000/wWEZGhNM6RrJmJ9FO7S2Qw/XexmzVPyJA0oQBkZgAQHpjXGNI1L1dxDPhpwMEAwR-KW1c6MVWzz148xFrvUcETAX1ErPaU22jieoxLyp3u_dU1WtNV24-UpLu9f74VF-eADdDdhJAoPdxtBMIJVXTo88_IgqZAiubkbQHXmOZD5vEylXxWNyylT8FXeC5a3N6rZeiQ_OB59JRBkYSdFmIfX/kBa-UMPU1E0rlnMAPBWAgybbzb_8G881qx8xwvThRE4),€14.90,Transport,
4/1/2022,Saint-Genis-Laval,,,Hôtel,Indemnité nuitée Paris ,Screenshot of madada.fr on 2023-11-03 at 16.22.52.png (https://v5.airtableusercontent.com/v3/u/58/58/1791108000000/V93qv1BCcN_cE5FSxcwLAA/btkdZZukoh8nODeVXdvmVncp2OF4pY_n9IeU2xlI4Qq4tcoSrfnD2fcuuWmp8QIFzNyUzzdNVxjqIRNqCyjbmQFM9AiqgnJ3Oq6rvnOfXJG4njsGCc4TvjWrkg6rVynIBKxdnbIlfFEvgC2tFE490hVLyDo0R39co60IA64EzBtih5dGyaQN1mUkTMPGCO6t/xMvtN5Ev_b_znB8XadZCffYGh7o8ob00Jh-_cgUpAHE),€110.00,Hôtel,
4/1/2022,Saint-Genis-Laval,Inconnu,,aucune information,Achat cadeau départ Anissa Uguz,Screenshot of madada.fr on 2023-11-03 at 16.25.31.png (https://v5.airtableusercontent.com/v3/u/58/58/1791108000000/_c33eWh1BN7XkgiaFQoTlA/IbdWZG3zadN44EezI-U7kLz8YbmZ3gzUcxYMGl8hSCa9XodXPjURB72hdiWo_etxxqyVEX18aBWjZ0MPxpAt8NQ1F69wEKEwi-lhkyOlUI5lpjIyo46-15FNU-k12avsWAVY8_u7laLoAapIr6hjcO_v-Q3WFaiEM0bRtqwNPmhAfHU8tROrP4UIm4QOrRN7/hXi5LSypAFbFFydGJgZi8s1Vx-1b2mZgigwJd1qnKB0),€40.00,Inconnu,
6/25/2021,Saint-Genis-Laval,Chocolats voisin,95751793100235,"Fabrication de cacao, chocolat et de produits de confiserie","3 compositions
",Screenshot of madada.fr on 2023-11-03 at 16.27.42.png (https://v5.airtableusercontent.com/v3/u/58/58/1791108000000/A_jewkRmWohwS_sMMRb8fg/SUBp150T5Mxrie4tTCxRp44AsDZaN3YmpBWghFZM5wIhsyFht9J0ONeDnio0LV_WSNLZ21k0fMbNRqwjSUPc8z3tp8xhSqeQ2SSOUv9hJzg3evepxyF2ChPbE9YQDonY0qAu_plCNke30RdmzmsDcXuXm7TleqVb8A4rJzGaR6NUkG29EwwRBzh5pcsS_M1t/ZeDq7YZF0zKvzDaH4FIwraWXtNu4_jMYgyne_VzESRY),€82.50,Restauration,
12/8/2022,Saint-Genis-Laval,Association des Maires de France et des présidents d'intercommunalité,78471845400027,Activités des organisations patronales et consulaires,Participation au 104ème congrès,Screenshot of madada.fr on 2023-11-03 at 16.30.33.png (https://v5.airtableusercontent.com/v3/u/58/58/1791108000000/PseXKqsSVgsYUneDyeePJA/fZm98DLy8V9BSKxUIz-XdnVdKlkGR726V6Y_yRWq2Yw3CMipRa5M5Dbr_5jm72EgyfMx9KMqyQz85Jh34OeRgfblwCR5RXqJpr-f4il5A2d7_UPOoEArgcLJNIdujShjal1Vmp0MxTEvVEU2ffQlaLe_Ct9VwIxUpf-UUH963d5afw7WXj91Oj5pukmt8Wp9/POysxzwB2ebNhWKyVVv6bQY0k4Hs1CqebbfINP0BcVY),€285.00,Participation à un congrès,
12/3/2021,Saint-Genis-Laval,"Association des Maires de France et des présidents d'intercommunalité
",,Activités des organisations patronales et consulaires,Participation au 103ème congrès,Screenshot of madada.fr on 2023-11-03 at 16.37.22.png (https://v5.airtableusercontent.com/v3/u/58/58/1791108000000/xhqCPdFh6VTgh3jLegR-wA/hwuofW89ilnBXlqLUETlz2_y0W1MFoY0syGoE9_obx-BQYFvpInXAIuDpVF0LyaXuOrMpe29R3BLiHzGYLomj4PAMnOLton7X2Tyse-AUD7_nkF5enbJ5OToiX3hzDPFN-e-tB4SlQWg4L8i6SweXiyj18BenA2rTWAofGRXf43LLYvhfZ_TqHni81efBT1j/gN_5vRTodzezM01fDFoHqwQV6-uOjd1xD9rWD5pgm5w),€95.00,Participation à un congrès,
11/21/2022,Saint-Genis-Laval,TCL,,Transport,Carnet 10 tickets TCL,Screenshot of madada.fr on 2023-11-03 at 16.41.01.png (https://v5.airtableusercontent.com/v3/u/58/58/1791108000000/WNXQAK2Tv9NfLQZDp-5XhQ/n1uPAjVgP-2KBb3Z_K-URkVXDfWndLi6FgMpi6-t1yEcLWGAAr-R9pypzCzL-R6GXUZCT0y7ztVjNZZkF8ow-f9myU8IxlJ8bx5xhapl_r93SXU3bRJK2w3szD7xkMzuSBpgsuDcXJcOq4KId6sHtDKWJFsJzIJEP93Ljo0tRsqbC5_a_DPNQs4nbb2etrfA/CqLEGkMtZDd2mq6ULwAvxp-4zzhEQO6S8xN0SoJxb28),€18.00,Transport,
11/23/2022,Saint-Genis-Laval,Platine Hôtel,52205659700027,Hôtels et hébergement similaire,nuitées,Screenshot of madada.fr on 2023-11-03 at 16.43.55.png (https://v5.airtableusercontent.com/v3/u/58/58/1791108000000/dJyu_EEoXXTEqvacAhutfA/wDKtB_WEuM1KbhpLc2Qe1E2Y84FEpVpo8_JZkM8rmVzigxIv_s6nAjypqAPWPWO9MgCNZY1XfPbTKmkJ5jzzIK7FFdg2B1vxTpoiUOaRPCCajLG9HmjVaR6PuK1eFP6lwHdqWi5PmbpOLMYvKG-YTRC8Uqr6XxkOgmN75fp3sYRAhGWsYwmR3bJz5zpBcBtS/jdFnqnQ1ThEPukuZgkdZ29dghoL4mRu8y_WrpQvi81o),€645.84,Hôtel,
11/22/2022,Saint-Genis-Laval,RATP,,Transport,Passe easy,Screenshot of madada.fr on 2023-11-03 at 16.46.56.png (https://v5.airtableusercontent.com/v3/u/58/58/1791108000000/UwY1ernSdBPCpazRpqV0iw/Pk0t2MRkWEgZY2uAd7-70JRewCdXxprAiL42AfE7nX9iAnTWEC45A03Wsji0ylkDSWFbvKLK8AbQBBP92SMTT4X8G39Q0MEW30kDfEPo6p8EQP-w4oxPmxqiPf6-THs2lEmCTxFM774NK9WjLgkbgoSS5XKTAS-wfu7RvxRyyg3sy0Rm7NSvqPaVOM_Ws8e6/0V0sPuZ-3y1R-QPczYb5861Qm22feuczWb9nubTR628),€14.90,Transport,
11/22/2022,Saint-Genis-Laval,Cantine Max,79449510100014,Restauration traditionnelle ,Repas,Screenshot of madada.fr on 2023-11-03 at 16.48.05.png (https://v5.airtableusercontent.com/v3/u/58/58/1791108000000/rnH63fKImKVlmKV12ih8Yw/3kb-z5g2GfMpqVrPUpAu16lIY1ytd_6G_zlxz9RfTruj85-AFcO-QzgjKJd5f2kEp8KoD1b5XQH1qvABbuOFGOxAfP5noeLcnx_9LhCZOZRaFkvEdmLwVgsxteXsuP8R1MLw92N4Wzz6lhTumE-AckYCXi82qXjFeGkeyKGv4q48pZ7EWMIVySMwawwAaywh/tpgiI1sGBKSeLjapqLNJgEc9M9x4b7vERCNNoSy3N5A),€20.00,Restauration,
11/22/2022,Saint-Genis-Laval,Uber,,Restauration,repas,Screenshot of madada.fr on 2023-11-03 at 16.49.43.png (https://v5.airtableusercontent.com/v3/u/58/58/1791108000000/7mQovwwXZur2NZga_raV6g/3cn6dwu40fsTb1TLRRLOBnsziaBDVZonFkLJegVk453j_cZAuNXo-gdtqpp1kFZ1DFf88x-otHjSdTA_KD7Wkqj6rW6QbTfB5gbNV_ta0hX_YUPwtwFGqst6ibyB3zcWVPLJjejTEL8wQT0Cy-pR4_adrNJHRYTYdqjuimTQyNlLjDtlwt4yhnWw1NHguiyR/JiU0wgyxGB7DlcNxhHkxs5_i0o1vTjC2HucotVmfm6E),€21.18,Restauration,
12/8/2022,Saint-Genis-Laval,SNCF,55204944776279,Transport ferroviaire interurbain de voyageurs,Train Lyon-Bruxelles,"Screenshot of madada.fr on 2023-11-03 at 16.55.33.png (https://v5.airtableusercontent.com/v3/u/58/58/1791108000000/7jdWfQgDA6k5_AiQNABJGg/dkpKX49-z8zehGvh2ROYZyteAcDc_rP0-xlMKMzhf92u9FI5ruacJ-9gdY5v_HV1oThFhdIyg0aRYwbhDxJrccQqkPPjUXiRtmp-Z9Ki90mZXj0gZeNdL10QkvbcCBZ9JYfqCyo2HRCXu960i2v1lZLa1LhL3RB0n28ZvA31BvNLzkji93CCLFcyPrMDk5k3/doC3cgyxxuf34ZNoz1UkH1jBqfPrslqciHVWYzFdFyQ),Screenshot of madada.fr on 2023-11-03 at 16.55.41.png (https://v5.airtableusercontent.com/v3/u/58/58/1791108000000/Kw1BPFwX_dzNZWMFpgezgg/LeyCBiakK6Tuqky67cta03CqWgN-ZHyx9LIGFu7vd0Cmcbt9yWug_P72991wXpXDnwnSLb4yToYbI2fkmxjcUNHADYM1uCbA6KjxUeMQZaKXrLt_Ms7kVUPG6Dbx8d2Rn16DG5GKhl3lDLOXnmEHCEPJdHVNhSk3Ix3EMZw1NKojFh3T83VH2PzTJDUsuxlS/TNUb5-C0erQsRvJ-Bp1s8jQyWmnsauHNtp7DA9Efr5Q)",€244.00,Transport,
11/30/2022,Saint-Genis-Laval,LE RESTAURANT BY MAISON MALARTRE,85216745100016,Restauration traditionnelle ,3 repas,Screenshot of madada.fr on 2023-11-03 at 16.57.25.png (https://v5.airtableusercontent.com/v3/u/58/58/1791108000000/SeFa30ZEq3pmyNz6SpGzWw/Kc6iNn8JPNIHzRbtXpOFKcfgD-LnTnpyp-dIN3gCIIAV3o0gaYGmXFyKfXV_eN6XCcdJdMhzTIvdMtRH-nKRejfkinAaXVf2LJf_L1l-0qCEX6oL0cyH9BPBijIQw4jEVBA31gNjjHBVa6A11iiccILj1clw7oCO6JoRzFc7987vuQKY6z4Y0a3jdBwupu7h/Trs5lAidTmGatEw9GqvFe2fSTAa4HzKJxTveNwGqYgA),€67.00,Restauration,
,Saint-Jory,AUCUNE NOTE DE FRAIS,,,,,€0.00,,
,Saint-Ouen-l'Aumône,AUCUNE NOTE DE FRAIS DE 2020 A AUJOURD'HUI,,,,,€0.00,,
6/29/2023,Saulnes,,,Transport,REMBOURSEMENT FRAIS DE DEPLACEMENT ,Screenshot of madada.fr on 2023-11-03 at 14.52.28.png (https://v5.airtableusercontent.com/v3/u/58/58/1791108000000/00vEWGD75mgCqn8PPm6jNA/GwLG80p50sg2SdYXcNJ8ovdrAPDYdRBazEmpLiebCQD_9FejxxLaKoieu531Lg3Jokzolndqd58HevFz9FxZ7JqdmTYBZK9t-WND2jActWPd0NEaJkZFXfg9UyQR3o7cVCu1-sr3gGc4SaROqoIICZeR_kIQ9qpgJBLgiMcBUAcfRKPFlpp4q2aiGYWzBhYA/VZkkBDpGkYyPDjWkIRfLrQK85K_faoawvABBNFdoqGo),€47.68,Transport,
7/11/2023,Saulnes,,,Transport,REMBOURSEMENT FRAIS DE DEPLACEMENT ,Screenshot of madada.fr on 2023-11-03 at 14.55.01.png (https://v5.airtableusercontent.com/v3/u/58/58/1791108000000/GxmAM9-sEB2eToB80GsbSQ/6P8cJusPSuzkzZ3rXv_dt6XpuJMeSm8jIpUhahsJfAenb15-jigmZnkGlJljgK5S8JFP6bi7EaOwVnlI0uLmhTD-Oklp_375LYglFM44mAntjoEWcAgbGlSk7yLWc04R5dKB8EBhF_OYJbDPsvfn6WR6qHYEgIKehMi136Swb0zf1_cB6Jj7JVsR2-Yv3CtS/Puw5pBGvFMxu3mrk0zZDjA5pgZSO4jIv1kgD-2lmKiA),€39.73,Transport,
8/24/2023,Saulnes,,,Transport,REMBOURSEMENT FRAIS DE DEPLACEMENT ,Screenshot of madada.fr on 2023-11-03 at 14.56.01.png (https://v5.airtableusercontent.com/v3/u/58/58/1791108000000/VUbSK1L4Y_MFcGxOwGWavA/TPfDzHx8vukfA_W35q9NNKG68jxRnZ6yz-UuB43dqtXKndZCALdVo8x4Veeil2D64QW_qkpbxcqiOdK9eUMazVb624nJUmhwFq6-C4i1FFPguUF2_26zv5ija53-q0W87qEhRSKKZBbTPiWaZJAmOvMo9YLw1r9KgZTBINwPVclJ9AUUdmO62aR_A_y7VLuC/iKSeZ4DO6z68MXBKIsP89IS65WJbARCWRG4PmdWIDBA),€119.19,Transport,
12/7/2021,Strasbourg,ELOVIO GRAND EST,,Restauration,FRAIS DE REPAS DE TRAVAIL MME LA MAIRE,,€75.40,Restauration,
12/22/2021,Strasbourg,BISTROT SAINT FLORENT,,Restauration,FRAIS DE REPAS DE TRAVAIL MME LA MAIRE,,€59.80,Restauration,
12/9/2021,Strasbourg,VRM PRODUCTION,,Restauration,FRAIS DE REPAS DE TRAVAIL MME LA MAIRE,,€67.30,Restauration,
12/2/2021,Strasbourg,API RESTAURATION,,Restauration,FRAIS DE REPAS DE TRAVAIL MME LA MAIRE,,€20.62,Restauration,
1/26/2022,Strasbourg,TRAITEUR PHILIPPE ROME,,Restauration,FRAIS DE REPAS DE TRAVAIL MME LA MAIRE,,€154.00,Restauration,
3/15/2022,Strasbourg,PATISSERIE ST NICOLAS,,Restauration,FRAIS DE REPAS DE TRAVAIL MME LA MAIRE,,€9.01,Restauration,
2/28/2022,Strasbourg,HEILIGENSTEIN,,Restauration,FRAIS DE REPAS DE TRAVAIL MME LA MAIRE,,€163.00,Restauration,
2/15/2022,Strasbourg,ITALCUCINA,,Restauration,FRAIS DE REPAS DE TRAVAIL MME LA MAIRE,,€67.50,Restauration,
4/7/2022,Strasbourg,TRAITEUR PHILIPPE ROME,,Restauration,FRAIS DE REPAS DE TRAVAIL MME LA MAIRE,,€636.24,Restauration,
4/13/2022,Strasbourg,LE RELAIS AVS,,Restauration,FRAIS DE REPAS DE TRAVAIL MME LA MAIRE,,€539.95,Restauration,
3/3/2022,Strasbourg,API RESTAURATION,,Restauration,FRAIS DE REPAS DE TRAVAIL MME LA MAIRE,,€46.49,Restauration,
4/13/2022,Strasbourg,HEILIGENSTEIN,,Restauration,FRAIS DE REPAS DE TRAVAIL MME LA MAIRE,,€50.00,Restauration,
1/3/2022,Strasbourg,API RESTAURATION,,Restauration,FRAIS DE REPAS DE TRAVAIL MME LA MAIRE,,€10.31,Restauration,
4/22/2022,Strasbourg,HEILIGENSTEIN,,Restauration,FRAIS DE REPAS DE TRAVAIL MME LA MAIRE,,€12.00,Restauration,
5/5/2022,Strasbourg,EFFERVESCENCE TRAITEUR,,Restauration,FRAIS DE REPAS DE TRAVAIL MME LA MAIRE,,€766.72,Restauration,
5/3/2022,Strasbourg,SAVEURS ET DELICES,,Restauration,FRAIS DE REPAS DE TRAVAIL MME LA MAIRE,,€508.00,Restauration,
5/11/2022,Strasbourg,SOC RESTAUR RECEPTION STRASBOURGEOISE,,Restauration,FRAIS DE REPAS DE TRAVAIL MME LA MAIRE,,€1523.80,Restauration,
3/30/2022,Strasbourg,SAVEURS ET DELICES,,Restauration,FRAIS DE REPAS DE TRAVAIL MME LA MAIRE,,€1250.00,Restauration,
4/4/2022,Strasbourg,API RESTAURATION,,Restauration,FRAIS DE REPAS DE TRAVAIL MME LA MAIRE,,€67.91,Restauration,
5/5/2022,Strasbourg,HEILIGENSTEIN,,Restauration,FRAIS DE REPAS DE TRAVAIL MME LA MAIRE,,€77.25,Restauration,
4/1/2022,Strasbourg,LE RELAIS AVS,,Restauration,FRAIS DE REPAS DE TRAVAIL MME LA MAIRE,,€143.99,Restauration,
5/10/2022,Strasbourg,SODEXO SPORTS ET LOISIRS,,Restauration,FRAIS DE REPAS DE TRAVAIL MME LA MAIRE,,€1638.00,Restauration,
2/7/2022,Strasbourg,API RESTAURATION,,Restauration,FRAIS DE REPAS DE TRAVAIL MME LA MAIRE,,€10.08,Restauration,
1/13/2022,Strasbourg,SARL LUNA,,Restauration,FRAIS DE REPAS DE TRAVAIL MME LA MAIRE,,€83.00,Restauration,
5/2/2022,Strasbourg,API RESTAURATION,,Restauration,FRAIS DE REPAS DE TRAVAIL MME LA MAIRE,,€23.42,Restauration,
4/21/2022,Strasbourg,BLUE FLAMINGO,,Restauration,FRAIS DE REPAS DE TRAVAIL MME LA MAIRE,,€229.00,Restauration,
6/29/2022,Strasbourg,SOC RESTAUR RECEPTION STRASBOURGEOISE,,Restauration,FRAIS DE REPAS DE TRAVAIL MME LA MAIRE,,€702.80,Restauration,
5/24/2022,Strasbourg,TRAITEUR PHILIPPE ROME,,Restauration,FRAIS DE REPAS DE TRAVAIL MME LA MAIRE,,€176.00,Restauration,
7/18/2022,Strasbourg,HEILIGENSTEIN,,Restauration,FRAIS DE REPAS DE TRAVAIL MME LA MAIRE,,€16.50,Restauration,
6/27/2022,Strasbourg,SAVEURS ET DELICES,,Restauration,FRAIS DE REPAS DE TRAVAIL MME LA MAIRE,,€203.20,Restauration,
3/10/2022,Strasbourg,ELOVIO GRAND EST,,Restauration,FRAIS DE REPAS DE TRAVAIL MME LA MAIRE,,€77.20,Restauration,
7/21/2022,Strasbourg,API RESTAURATION,,Restauration,FRAIS DE REPAS DE TRAVAIL MME LA MAIRE,,€58.59,Restauration,
3/9/2022,Strasbourg,ELOVIO GRAND EST,,Restauration,FRAIS DE REPAS DE TRAVAIL MME LA MAIRE,,€111.00,Restauration,
4/11/2022,Strasbourg,ELOVIO GRAND EST,,Restauration,FRAIS DE REPAS DE TRAVAIL MME LA MAIRE,,€107.60,Restauration,
4/13/2022,Strasbourg,ELOVIO GRAND EST,,Restauration,FRAIS DE REPAS DE TRAVAIL MME LA MAIRE,,€89.30,Restauration,
7/7/2022,Strasbourg,LA PETITE MAIRIE,,Restauration,FRAIS DE REPAS DE TRAVAIL MME LA MAIRE,,€71.00,Restauration,
9/12/2022,Strasbourg,TRAITEUR PHILIPPE ROME,,Restauration,FRAIS DE REPAS DE TRAVAIL MME LA MAIRE,,€440.00,Restauration,
9/3/2022,Strasbourg,OLIFAB,,Restauration,FRAIS DE REPAS DE TRAVAIL MME LA MAIRE,,€64.90,Restauration,
7/11/2022,Strasbourg,GRAND SEMINAIRE,,Restauration,FRAIS DE REPAS DE TRAVAIL MME LA MAIRE,,€289.20,Restauration,
9/5/2022,Strasbourg,API RESTAURATION,,Restauration,FRAIS DE REPAS DE TRAVAIL MME LA MAIRE,,€80.75,Restauration,
10/17/2022,Strasbourg,HEILIGENSTEIN,,Restauration,FRAIS DE REPAS DE TRAVAIL MME LA MAIRE,,€6.00,Restauration,
10/25/2022,Strasbourg,BATEAU DU RHIN,,Restauration,FRAIS DE REPAS DE TRAVAIL MME LA MAIRE,,€875.00,Restauration,
10/19/2022,Strasbourg,HEILIGENSTEIN,,Restauration,FRAIS DE REPAS DE TRAVAIL MME LA MAIRE,,€9.00,Restauration,
8/29/2022,Strasbourg,DEMI LUNE,,Restauration,FRAIS DE REPAS DE TRAVAIL MME LA MAIRE,,€35.60,Restauration,
6/8/2022,Strasbourg,API RESTAURATION,,Restauration,FRAIS DE REPAS DE TRAVAIL MME LA MAIRE,,€22.48,Restauration,
8/22/2022,Strasbourg,API RESTAURATION,,Restauration,FRAIS DE REPAS DE TRAVAIL MME LA MAIRE,,€23.58,Restauration,
11/17/2022,Strasbourg,API RESTAURATION,,Restauration,FRAIS DE REPAS DE TRAVAIL MME LA MAIRE,,€25.03,Restauration,
10/20/2022,Strasbourg,SAVEURS ET DELICES,,Restauration,FRAIS DE REPAS DE TRAVAIL MME LA MAIRE,,€381.00,Restauration,
11/29/2022,Strasbourg,SAVEURS ET DELICES,,Restauration,FRAIS DE REPAS DE TRAVAIL MME LA MAIRE,,€500.00,Restauration,
2/28/2022,Strasbourg,Inconnu,,Transport,"Délégation Strasbourg Capitale Européenne , trajet aller
",,€202.80,Transport,
2/28/2022,Strasbourg,Inconnu,,Hôtel,Délégation Strasbourg Capitale Européenne : 2 nuitées,,€189.50,Hôtel,
2/28/2022,Strasbourg,Inconnu,,Transport,"Délégation Strasbourg Capitale Européenne, train retour
",,€128.40,Transport,
3/27/2022,Strasbourg,Inconnu,,Transport,train aller retour Stuttgart,,€87.80,Transport,
5/12/2022,Strasbourg,Inconnu,,Transport,"Commission nationale de l'architecture et du patrimoine, train AR",,€125.80,Transport,
5/17/2022,Strasbourg,Inconnu,,Transport,30ème anniversaire du jumelage Strasbourg Ramat-gan : avion,,€688.51,Transport,
6/9/2022,Strasbourg,Inconnu,,Transport,"Commémorations du massacre d’Oradour sur Glane, train
",,€302.80,Transport,
6/9/2022,Strasbourg,Inconnu,,Hôtel,Commémorations du massacre d’Oradour sur Glane : nuitée,,€101.20,Hôtel,
6/9/2022,Strasbourg,Inconnu,,Hôtel,Commémorations du massacre d’Oradour sur Glane : nuitée,,€137.30,Hôtel,
7/5/2022,Strasbourg,Inconnu,,Hôtel,Reseau des capitales Europeenes : nuitée,,€189.70,Hôtel,
7/5/2022,Strasbourg,Inconnu,,Transport,Reseau des capitales Europeenes : train AR,,€70.00,Transport,
10/1/2022,Strasbourg,Inconnu,,Transport,Aller-retour Boston-Montréal,,€1439.95,Transport,
10/1/2022,Strasbourg,Inconnu,,Hôtel,Hébergement à Montréal,,€654.87,Hôtel,
10/12/2022,Strasbourg,Inconnu,,Transport,France URBAINE:COMSSION : Train aller retour,,€178.78,Transport,
10/5/2022,Strasbourg,Inconnu,,Hôtel,Hébergement à Boston,,€988.60,Hôtel,
1/21/2022,Strasbourg,Inconnu,,Transport,Déplacement : PARIS 2021.11.16,,€183.00,Transport,
4/4/2022,Strasbourg,Inconnu,,Transport,Déplacement : BRUXELLES  2022/02/28,,€46.23,Transport,
3/28/2022,Strasbourg,Inconnu,,Transport,Déplacement : MARSEILLE 03-04/03/22,,€399.00,Transport,
6/23/2022,Strasbourg,Inconnu,,Transport,Déplacement : ORADOUR 2022/06/09,,€297.90,Transport,
8/4/2022,Strasbourg,Inconnu,,Transport,Déplacement : LUXEMBOURG 2022/07/05,,€30.28,Transport,
12/14/2022,Strasbourg,Inconnu,,Transport,Déplacement : MONTREAL-BOSTON 2022/10/0,,€244.17,Transport,
8/19/2020,Strasbourg,AMANDE ET CANNELLE,,Restauration,FRAIS DE PETIT DEJEUNER,image.png (https://v5.airtableusercontent.com/v3/u/58/58/1791108000000/-_zJfttA8tiD_hQLNpVcsg/1FeynrdXGscE9oMSbCcPJ0fXSrk77UrtzFuHb6dDpHn8TDgziV5dFoe-Q7VET1FH5MwbOalTg9J0FiGv2IgWNvJU2gRHShWSUjxJXKO1TIREpmOScoSoTN_nFi659Y0dHTSh-MnEpBBQaWCXHCMpLw/YONIXtrwMHZLCihcHG1S2YcDBeuYlUFCm9-kcX5-yUs),€10.08,Restauration,
2/20/2020,Strasbourg,BLUE FLAMINGO,,Restauration,FRAIS DE REPAS DE TRAVAIL,image.png (https://v5.airtableusercontent.com/v3/u/58/58/1791108000000/-_zJfttA8tiD_hQLNpVcsg/1FeynrdXGscE9oMSbCcPJ0fXSrk77UrtzFuHb6dDpHn8TDgziV5dFoe-Q7VET1FH5MwbOalTg9J0FiGv2IgWNvJU2gRHShWSUjxJXKO1TIREpmOScoSoTN_nFi659Y0dHTSh-MnEpBBQaWCXHCMpLw/YONIXtrwMHZLCihcHG1S2YcDBeuYlUFCm9-kcX5-yUs),€211.09,Restauration,
3/12/2020,Strasbourg,BRASSERIE DES HARAS,,Restauration,FRAIS DE REPAS DE TRAVAIL,image.png (https://v5.airtableusercontent.com/v3/u/58/58/1791108000000/-_zJfttA8tiD_hQLNpVcsg/1FeynrdXGscE9oMSbCcPJ0fXSrk77UrtzFuHb6dDpHn8TDgziV5dFoe-Q7VET1FH5MwbOalTg9J0FiGv2IgWNvJU2gRHShWSUjxJXKO1TIREpmOScoSoTN_nFi659Y0dHTSh-MnEpBBQaWCXHCMpLw/YONIXtrwMHZLCihcHG1S2YcDBeuYlUFCm9-kcX5-yUs),€149.60,Restauration,
2/17/2020,Strasbourg,LA PETITE MAIRIE,,Restauration,FRAIS DE REPAS DE TRAVAIL,image.png (https://v5.airtableusercontent.com/v3/u/58/58/1791108000000/-_zJfttA8tiD_hQLNpVcsg/1FeynrdXGscE9oMSbCcPJ0fXSrk77UrtzFuHb6dDpHn8TDgziV5dFoe-Q7VET1FH5MwbOalTg9J0FiGv2IgWNvJU2gRHShWSUjxJXKO1TIREpmOScoSoTN_nFi659Y0dHTSh-MnEpBBQaWCXHCMpLw/YONIXtrwMHZLCihcHG1S2YcDBeuYlUFCm9-kcX5-yUs),€57.50,Restauration,
6/2/2020,Strasbourg,JAG,,Restauration,FRAIS DE REPAS DE TRAVAIL,image.png (https://v5.airtableusercontent.com/v3/u/58/58/1791108000000/-_zJfttA8tiD_hQLNpVcsg/1FeynrdXGscE9oMSbCcPJ0fXSrk77UrtzFuHb6dDpHn8TDgziV5dFoe-Q7VET1FH5MwbOalTg9J0FiGv2IgWNvJU2gRHShWSUjxJXKO1TIREpmOScoSoTN_nFi659Y0dHTSh-MnEpBBQaWCXHCMpLw/YONIXtrwMHZLCihcHG1S2YcDBeuYlUFCm9-kcX5-yUs),€387.30,Restauration,
6/10/2020,Strasbourg,AJ2L,,Restauration,FRAIS DE REPAS DE TRAVAIL,image.png (https://v5.airtableusercontent.com/v3/u/58/58/1791108000000/-_zJfttA8tiD_hQLNpVcsg/1FeynrdXGscE9oMSbCcPJ0fXSrk77UrtzFuHb6dDpHn8TDgziV5dFoe-Q7VET1FH5MwbOalTg9J0FiGv2IgWNvJU2gRHShWSUjxJXKO1TIREpmOScoSoTN_nFi659Y0dHTSh-MnEpBBQaWCXHCMpLw/YONIXtrwMHZLCihcHG1S2YcDBeuYlUFCm9-kcX5-yUs),€118.10,Restauration,
2/21/2020,Strasbourg,AJ2L,,Restauration,FRAIS DE REPAS DE TRAVAIL,image.png (https://v5.airtableusercontent.com/v3/u/58/58/1791108000000/-_zJfttA8tiD_hQLNpVcsg/1FeynrdXGscE9oMSbCcPJ0fXSrk77UrtzFuHb6dDpHn8TDgziV5dFoe-Q7VET1FH5MwbOalTg9J0FiGv2IgWNvJU2gRHShWSUjxJXKO1TIREpmOScoSoTN_nFi659Y0dHTSh-MnEpBBQaWCXHCMpLw/YONIXtrwMHZLCihcHG1S2YcDBeuYlUFCm9-kcX5-yUs),€71.90,Restauration,
6/24/2020,Strasbourg,HOTEL AU CERF D OR,,Restauration,FRAIS DE REPAS DE TRAVAIL,image.png (https://v5.airtableusercontent.com/v3/u/58/58/1791108000000/-_zJfttA8tiD_hQLNpVcsg/1FeynrdXGscE9oMSbCcPJ0fXSrk77UrtzFuHb6dDpHn8TDgziV5dFoe-Q7VET1FH5MwbOalTg9J0FiGv2IgWNvJU2gRHShWSUjxJXKO1TIREpmOScoSoTN_nFi659Y0dHTSh-MnEpBBQaWCXHCMpLw/YONIXtrwMHZLCihcHG1S2YcDBeuYlUFCm9-kcX5-yUs),€73.70,Restauration,
6/5/2020,Strasbourg,AJ2L,,Restauration,FRAIS DE REPAS DE TRAVAIL,image.png (https://v5.airtableusercontent.com/v3/u/58/58/1791108000000/-_zJfttA8tiD_hQLNpVcsg/1FeynrdXGscE9oMSbCcPJ0fXSrk77UrtzFuHb6dDpHn8TDgziV5dFoe-Q7VET1FH5MwbOalTg9J0FiGv2IgWNvJU2gRHShWSUjxJXKO1TIREpmOScoSoTN_nFi659Y0dHTSh-MnEpBBQaWCXHCMpLw/YONIXtrwMHZLCihcHG1S2YcDBeuYlUFCm9-kcX5-yUs),€104.42,Restauration,
7/6/2020,Strasbourg,BEN ET NA,,Restauration,REPAS DE TRAVAIL JEANNE BARSEGHIAN MAIRE,image.png (https://v5.airtableusercontent.com/v3/u/58/58/1791108000000/-_zJfttA8tiD_hQLNpVcsg/1FeynrdXGscE9oMSbCcPJ0fXSrk77UrtzFuHb6dDpHn8TDgziV5dFoe-Q7VET1FH5MwbOalTg9J0FiGv2IgWNvJU2gRHShWSUjxJXKO1TIREpmOScoSoTN_nFi659Y0dHTSh-MnEpBBQaWCXHCMpLw/YONIXtrwMHZLCihcHG1S2YcDBeuYlUFCm9-kcX5-yUs),€198.00,Restauration,
2/25/2020,Strasbourg,TRASCO BELLE EPOQUE,,Restauration,FRAIS DE REPAS DE TRAVAIL,image.png (https://v5.airtableusercontent.com/v3/u/58/58/1791108000000/-_zJfttA8tiD_hQLNpVcsg/1FeynrdXGscE9oMSbCcPJ0fXSrk77UrtzFuHb6dDpHn8TDgziV5dFoe-Q7VET1FH5MwbOalTg9J0FiGv2IgWNvJU2gRHShWSUjxJXKO1TIREpmOScoSoTN_nFi659Y0dHTSh-MnEpBBQaWCXHCMpLw/YONIXtrwMHZLCihcHG1S2YcDBeuYlUFCm9-kcX5-yUs),€66.10,Restauration,
7/27/2020,Strasbourg,API RESTAURATION,,Restauration,REPAS DE TRAVAIL JEANNE BARSEGHIAN MAIRE,image.png (https://v5.airtableusercontent.com/v3/u/58/58/1791108000000/-_zJfttA8tiD_hQLNpVcsg/1FeynrdXGscE9oMSbCcPJ0fXSrk77UrtzFuHb6dDpHn8TDgziV5dFoe-Q7VET1FH5MwbOalTg9J0FiGv2IgWNvJU2gRHShWSUjxJXKO1TIREpmOScoSoTN_nFi659Y0dHTSh-MnEpBBQaWCXHCMpLw/YONIXtrwMHZLCihcHG1S2YcDBeuYlUFCm9-kcX5-yUs),€40.00,Restauration,
11/19/2020,Strasbourg,WALTZ TRAITEUR CHEZ SOI,,Restauration,FRAIS DE REPAS DE TRAVAIL MME LA MAIRE,"image.png (https://v5.airtableusercontent.com/v3/u/58/58/1791108000000/U_DMwh3JM0LurOhgOYd_vQ/BYI18PddAMfLbXQuE6MQvL5cUQvdJkpHMxrL5eBo9WNkWtU6qbrBQMg6Plw_v-mjb5O3cVZbGd_AcIoMa_IfAhj416MgDA62o6GsGfUlHHIOVOtm45jLTDfAYLV5DZb5oPxK7jsU-B9JGlMh2qR5Fg/ryM9qaG_HFP2HPjpczZHrxExm7B4l7G_d6lq9Ph9M-A),image.png (https://v5.airtableusercontent.com/v3/u/58/58/1791108000000/5VigpEgRO5W6gOa4w2B_Kg/V7DlBbxVmSeAhFkhujL4Mo6ozOGVDIjSxjiUxsZPAx89N-nz_qLuVWGp2X82o672KTvjJsK3RmHGhmLuvRqJQ5Coy7r5hnjGGH1ALwr88V1UKo3nvvWnLth7m3wMjBvSM8jHkv2PzpWSJnYCMBfDyQ/3mc1o8j7YSrM5CfDomUEaawEa_z3E4xbbfBbXlVQGCo),image.png (https://v5.airtableusercontent.com/v3/u/58/58/1791108000000/Ec5O3G5TF6iqdmkLEz4bZA/tcrgOSZaOZDaMrTBAwsohlFgm1iYcLctbPMr785SsBeV6BMGF3m_YpE4czp6iSs3aAdov0HwgUTjOqb96jVRv8DA30KW97mgfBFRafEJLd8biW6tYvE4FTbKd6P5CVvxKQFatN3vVL39b44H39irUA/X2eT8jzfdTdjDgzipRlqH5IWObe5rpIL2Ojpor1XlrE)",€53.99,Restauration,
12/10/2020,Strasbourg,TRAITEUR PHILIPPE ROME,,Restauration,FRAIS DE REPAS DE TRAVAIL MME LA MAIRE,"image.png (https://v5.airtableusercontent.com/v3/u/58/58/1791108000000/U_DMwh3JM0LurOhgOYd_vQ/BYI18PddAMfLbXQuE6MQvL5cUQvdJkpHMxrL5eBo9WNkWtU6qbrBQMg6Plw_v-mjb5O3cVZbGd_AcIoMa_IfAhj416MgDA62o6GsGfUlHHIOVOtm45jLTDfAYLV5DZb5oPxK7jsU-B9JGlMh2qR5Fg/ryM9qaG_HFP2HPjpczZHrxExm7B4l7G_d6lq9Ph9M-A),image.png (https://v5.airtableusercontent.com/v3/u/58/58/1791108000000/5VigpEgRO5W6gOa4w2B_Kg/V7DlBbxVmSeAhFkhujL4Mo6ozOGVDIjSxjiUxsZPAx89N-nz_qLuVWGp2X82o672KTvjJsK3RmHGhmLuvRqJQ5Coy7r5hnjGGH1ALwr88V1UKo3nvvWnLth7m3wMjBvSM8jHkv2PzpWSJnYCMBfDyQ/3mc1o8j7YSrM5CfDomUEaawEa_z3E4xbbfBbXlVQGCo),image.png (https://v5.airtableusercontent.com/v3/u/58/58/1791108000000/Ec5O3G5TF6iqdmkLEz4bZA/tcrgOSZaOZDaMrTBAwsohlFgm1iYcLctbPMr785SsBeV6BMGF3m_YpE4czp6iSs3aAdov0HwgUTjOqb96jVRv8DA30KW97mgfBFRafEJLd8biW6tYvE4FTbKd6P5CVvxKQFatN3vVL39b44H39irUA/X2eT8jzfdTdjDgzipRlqH5IWObe5rpIL2Ojpor1XlrE)",€88.00,Restauration,
11/21/2020,Strasbourg,WALTZ TRAITEUR CHEZ SOI,,Restauration,FRAIS DE REPAS DE TRAVAIL MME LA MAIRE,"image.png (https://v5.airtableusercontent.com/v3/u/58/58/1791108000000/U_DMwh3JM0LurOhgOYd_vQ/BYI18PddAMfLbXQuE6MQvL5cUQvdJkpHMxrL5eBo9WNkWtU6qbrBQMg6Plw_v-mjb5O3cVZbGd_AcIoMa_IfAhj416MgDA62o6GsGfUlHHIOVOtm45jLTDfAYLV5DZb5oPxK7jsU-B9JGlMh2qR5Fg/ryM9qaG_HFP2HPjpczZHrxExm7B4l7G_d6lq9Ph9M-A),image.png (https://v5.airtableusercontent.com/v3/u/58/58/1791108000000/5VigpEgRO5W6gOa4w2B_Kg/V7DlBbxVmSeAhFkhujL4Mo6ozOGVDIjSxjiUxsZPAx89N-nz_qLuVWGp2X82o672KTvjJsK3RmHGhmLuvRqJQ5Coy7r5hnjGGH1ALwr88V1UKo3nvvWnLth7m3wMjBvSM8jHkv2PzpWSJnYCMBfDyQ/3mc1o8j7YSrM5CfDomUEaawEa_z3E4xbbfBbXlVQGCo),image.png (https://v5.airtableusercontent.com/v3/u/58/58/1791108000000/Ec5O3G5TF6iqdmkLEz4bZA/tcrgOSZaOZDaMrTBAwsohlFgm1iYcLctbPMr785SsBeV6BMGF3m_YpE4czp6iSs3aAdov0HwgUTjOqb96jVRv8DA30KW97mgfBFRafEJLd8biW6tYvE4FTbKd6P5CVvxKQFatN3vVL39b44H39irUA/X2eT8jzfdTdjDgzipRlqH5IWObe5rpIL2Ojpor1XlrE)",€52.80,Restauration,
12/5/2020,Strasbourg,WALTZ TRAITEUR CHEZ SOI,,Restauration,FRAIS DE REPAS DE TRAVAIL MME LA MAIRE,"image.png (https://v5.airtableusercontent.com/v3/u/58/58/1791108000000/U_DMwh3JM0LurOhgOYd_vQ/BYI18PddAMfLbXQuE6MQvL5cUQvdJkpHMxrL5eBo9WNkWtU6qbrBQMg6Plw_v-mjb5O3cVZbGd_AcIoMa_IfAhj416MgDA62o6GsGfUlHHIOVOtm45jLTDfAYLV5DZb5oPxK7jsU-B9JGlMh2qR5Fg/ryM9qaG_HFP2HPjpczZHrxExm7B4l7G_d6lq9Ph9M-A),image.png (https://v5.airtableusercontent.com/v3/u/58/58/1791108000000/5VigpEgRO5W6gOa4w2B_Kg/V7DlBbxVmSeAhFkhujL4Mo6ozOGVDIjSxjiUxsZPAx89N-nz_qLuVWGp2X82o672KTvjJsK3RmHGhmLuvRqJQ5Coy7r5hnjGGH1ALwr88V1UKo3nvvWnLth7m3wMjBvSM8jHkv2PzpWSJnYCMBfDyQ/3mc1o8j7YSrM5CfDomUEaawEa_z3E4xbbfBbXlVQGCo),image.png (https://v5.airtableusercontent.com/v3/u/58/58/1791108000000/Ec5O3G5TF6iqdmkLEz4bZA/tcrgOSZaOZDaMrTBAwsohlFgm1iYcLctbPMr785SsBeV6BMGF3m_YpE4czp6iSs3aAdov0HwgUTjOqb96jVRv8DA30KW97mgfBFRafEJLd8biW6tYvE4FTbKd6P5CVvxKQFatN3vVL39b44H39irUA/X2eT8jzfdTdjDgzipRlqH5IWObe5rpIL2Ojpor1XlrE)",€66.00,Restauration,
11/26/2020,Strasbourg,WALTZ TRAITEUR CHEZ SOI,,Restauration,FRAIS DE REPAS DE TRAVAIL MME LA MAIRE,"image.png (https://v5.airtableusercontent.com/v3/u/58/58/1791108000000/U_DMwh3JM0LurOhgOYd_vQ/BYI18PddAMfLbXQuE6MQvL5cUQvdJkpHMxrL5eBo9WNkWtU6qbrBQMg6Plw_v-mjb5O3cVZbGd_AcIoMa_IfAhj416MgDA62o6GsGfUlHHIOVOtm45jLTDfAYLV5DZb5oPxK7jsU-B9JGlMh2qR5Fg/ryM9qaG_HFP2HPjpczZHrxExm7B4l7G_d6lq9Ph9M-A),image.png (https://v5.airtableusercontent.com/v3/u/58/58/1791108000000/5VigpEgRO5W6gOa4w2B_Kg/V7DlBbxVmSeAhFkhujL4Mo6ozOGVDIjSxjiUxsZPAx89N-nz_qLuVWGp2X82o672KTvjJsK3RmHGhmLuvRqJQ5Coy7r5hnjGGH1ALwr88V1UKo3nvvWnLth7m3wMjBvSM8jHkv2PzpWSJnYCMBfDyQ/3mc1o8j7YSrM5CfDomUEaawEa_z3E4xbbfBbXlVQGCo),image.png (https://v5.airtableusercontent.com/v3/u/58/58/1791108000000/Ec5O3G5TF6iqdmkLEz4bZA/tcrgOSZaOZDaMrTBAwsohlFgm1iYcLctbPMr785SsBeV6BMGF3m_YpE4czp6iSs3aAdov0HwgUTjOqb96jVRv8DA30KW97mgfBFRafEJLd8biW6tYvE4FTbKd6P5CVvxKQFatN3vVL39b44H39irUA/X2eT8jzfdTdjDgzipRlqH5IWObe5rpIL2Ojpor1XlrE)",€9.24,Restauration,
12/21/2020,Strasbourg,WALTZ TRAITEUR CHEZ SOI,,Restauration,FRAIS DE REPAS DE TRAVAIL MME LA MAIRE,"image.png (https://v5.airtableusercontent.com/v3/u/58/58/1791108000000/U_DMwh3JM0LurOhgOYd_vQ/BYI18PddAMfLbXQuE6MQvL5cUQvdJkpHMxrL5eBo9WNkWtU6qbrBQMg6Plw_v-mjb5O3cVZbGd_AcIoMa_IfAhj416MgDA62o6GsGfUlHHIOVOtm45jLTDfAYLV5DZb5oPxK7jsU-B9JGlMh2qR5Fg/ryM9qaG_HFP2HPjpczZHrxExm7B4l7G_d6lq9Ph9M-A),image.png (https://v5.airtableusercontent.com/v3/u/58/58/1791108000000/5VigpEgRO5W6gOa4w2B_Kg/V7DlBbxVmSeAhFkhujL4Mo6ozOGVDIjSxjiUxsZPAx89N-nz_qLuVWGp2X82o672KTvjJsK3RmHGhmLuvRqJQ5Coy7r5hnjGGH1ALwr88V1UKo3nvvWnLth7m3wMjBvSM8jHkv2PzpWSJnYCMBfDyQ/3mc1o8j7YSrM5CfDomUEaawEa_z3E4xbbfBbXlVQGCo),image.png (https://v5.airtableusercontent.com/v3/u/58/58/1791108000000/Ec5O3G5TF6iqdmkLEz4bZA/tcrgOSZaOZDaMrTBAwsohlFgm1iYcLctbPMr785SsBeV6BMGF3m_YpE4czp6iSs3aAdov0HwgUTjOqb96jVRv8DA30KW97mgfBFRafEJLd8biW6tYvE4FTbKd6P5CVvxKQFatN3vVL39b44H39irUA/X2eT8jzfdTdjDgzipRlqH5IWObe5rpIL2Ojpor1XlrE)",€105.60,Restauration,
12/22/2020,Strasbourg,WALTZ TRAITEUR CHEZ SOI,,Restauration,FRAIS DE REPAS DE TRAVAIL MME LA MAIRE,"image.png (https://v5.airtableusercontent.com/v3/u/58/58/1791108000000/U_DMwh3JM0LurOhgOYd_vQ/BYI18PddAMfLbXQuE6MQvL5cUQvdJkpHMxrL5eBo9WNkWtU6qbrBQMg6Plw_v-mjb5O3cVZbGd_AcIoMa_IfAhj416MgDA62o6GsGfUlHHIOVOtm45jLTDfAYLV5DZb5oPxK7jsU-B9JGlMh2qR5Fg/ryM9qaG_HFP2HPjpczZHrxExm7B4l7G_d6lq9Ph9M-A),image.png (https://v5.airtableusercontent.com/v3/u/58/58/1791108000000/5VigpEgRO5W6gOa4w2B_Kg/V7DlBbxVmSeAhFkhujL4Mo6ozOGVDIjSxjiUxsZPAx89N-nz_qLuVWGp2X82o672KTvjJsK3RmHGhmLuvRqJQ5Coy7r5hnjGGH1ALwr88V1UKo3nvvWnLth7m3wMjBvSM8jHkv2PzpWSJnYCMBfDyQ/3mc1o8j7YSrM5CfDomUEaawEa_z3E4xbbfBbXlVQGCo),image.png (https://v5.airtableusercontent.com/v3/u/58/58/1791108000000/Ec5O3G5TF6iqdmkLEz4bZA/tcrgOSZaOZDaMrTBAwsohlFgm1iYcLctbPMr785SsBeV6BMGF3m_YpE4czp6iSs3aAdov0HwgUTjOqb96jVRv8DA30KW97mgfBFRafEJLd8biW6tYvE4FTbKd6P5CVvxKQFatN3vVL39b44H39irUA/X2eT8jzfdTdjDgzipRlqH5IWObe5rpIL2Ojpor1XlrE)",€52.80,Restauration,
12/23/2020,Strasbourg,WALTZ TRAITEUR CHEZ SOI,,Restauration,FRAIS DE REPAS DE TRAVAIL MME LA MAIRE,"image.png (https://v5.airtableusercontent.com/v3/u/58/58/1791108000000/U_DMwh3JM0LurOhgOYd_vQ/BYI18PddAMfLbXQuE6MQvL5cUQvdJkpHMxrL5eBo9WNkWtU6qbrBQMg6Plw_v-mjb5O3cVZbGd_AcIoMa_IfAhj416MgDA62o6GsGfUlHHIOVOtm45jLTDfAYLV5DZb5oPxK7jsU-B9JGlMh2qR5Fg/ryM9qaG_HFP2HPjpczZHrxExm7B4l7G_d6lq9Ph9M-A),image.png (https://v5.airtableusercontent.com/v3/u/58/58/1791108000000/5VigpEgRO5W6gOa4w2B_Kg/V7DlBbxVmSeAhFkhujL4Mo6ozOGVDIjSxjiUxsZPAx89N-nz_qLuVWGp2X82o672KTvjJsK3RmHGhmLuvRqJQ5Coy7r5hnjGGH1ALwr88V1UKo3nvvWnLth7m3wMjBvSM8jHkv2PzpWSJnYCMBfDyQ/3mc1o8j7YSrM5CfDomUEaawEa_z3E4xbbfBbXlVQGCo),image.png (https://v5.airtableusercontent.com/v3/u/58/58/1791108000000/Ec5O3G5TF6iqdmkLEz4bZA/tcrgOSZaOZDaMrTBAwsohlFgm1iYcLctbPMr785SsBeV6BMGF3m_YpE4czp6iSs3aAdov0HwgUTjOqb96jVRv8DA30KW97mgfBFRafEJLd8biW6tYvE4FTbKd6P5CVvxKQFatN3vVL39b44H39irUA/X2eT8jzfdTdjDgzipRlqH5IWObe5rpIL2Ojpor1XlrE)",€52.80,Restauration,
9/23/2020,Strasbourg,BRUCKER WERNER SARL,,Restauration,FRAIS DE REPAS DE TRAVAIL MME LA MAIRE,"image.png (https://v5.airtableusercontent.com/v3/u/58/58/1791108000000/U_DMwh3JM0LurOhgOYd_vQ/BYI18PddAMfLbXQuE6MQvL5cUQvdJkpHMxrL5eBo9WNkWtU6qbrBQMg6Plw_v-mjb5O3cVZbGd_AcIoMa_IfAhj416MgDA62o6GsGfUlHHIOVOtm45jLTDfAYLV5DZb5oPxK7jsU-B9JGlMh2qR5Fg/ryM9qaG_HFP2HPjpczZHrxExm7B4l7G_d6lq9Ph9M-A),image.png (https://v5.airtableusercontent.com/v3/u/58/58/1791108000000/5VigpEgRO5W6gOa4w2B_Kg/V7DlBbxVmSeAhFkhujL4Mo6ozOGVDIjSxjiUxsZPAx89N-nz_qLuVWGp2X82o672KTvjJsK3RmHGhmLuvRqJQ5Coy7r5hnjGGH1ALwr88V1UKo3nvvWnLth7m3wMjBvSM8jHkv2PzpWSJnYCMBfDyQ/3mc1o8j7YSrM5CfDomUEaawEa_z3E4xbbfBbXlVQGCo),image.png (https://v5.airtableusercontent.com/v3/u/58/58/1791108000000/Ec5O3G5TF6iqdmkLEz4bZA/tcrgOSZaOZDaMrTBAwsohlFgm1iYcLctbPMr785SsBeV6BMGF3m_YpE4czp6iSs3aAdov0HwgUTjOqb96jVRv8DA30KW97mgfBFRafEJLd8biW6tYvE4FTbKd6P5CVvxKQFatN3vVL39b44H39irUA/X2eT8jzfdTdjDgzipRlqH5IWObe5rpIL2Ojpor1XlrE)",€188.25,Restauration,
1/9/2021,Strasbourg,TRAITEUR PHILIPPE ROME,,Restauration,FRAIS DE REPAS DE TRAVAIL MME LA MAIRE,"image.png (https://v5.airtableusercontent.com/v3/u/58/58/1791108000000/U_DMwh3JM0LurOhgOYd_vQ/BYI18PddAMfLbXQuE6MQvL5cUQvdJkpHMxrL5eBo9WNkWtU6qbrBQMg6Plw_v-mjb5O3cVZbGd_AcIoMa_IfAhj416MgDA62o6GsGfUlHHIOVOtm45jLTDfAYLV5DZb5oPxK7jsU-B9JGlMh2qR5Fg/ryM9qaG_HFP2HPjpczZHrxExm7B4l7G_d6lq9Ph9M-A),image.png (https://v5.airtableusercontent.com/v3/u/58/58/1791108000000/5VigpEgRO5W6gOa4w2B_Kg/V7DlBbxVmSeAhFkhujL4Mo6ozOGVDIjSxjiUxsZPAx89N-nz_qLuVWGp2X82o672KTvjJsK3RmHGhmLuvRqJQ5Coy7r5hnjGGH1ALwr88V1UKo3nvvWnLth7m3wMjBvSM8jHkv2PzpWSJnYCMBfDyQ/3mc1o8j7YSrM5CfDomUEaawEa_z3E4xbbfBbXlVQGCo),image.png (https://v5.airtableusercontent.com/v3/u/58/58/1791108000000/Ec5O3G5TF6iqdmkLEz4bZA/tcrgOSZaOZDaMrTBAwsohlFgm1iYcLctbPMr785SsBeV6BMGF3m_YpE4czp6iSs3aAdov0HwgUTjOqb96jVRv8DA30KW97mgfBFRafEJLd8biW6tYvE4FTbKd6P5CVvxKQFatN3vVL39b44H39irUA/X2eT8jzfdTdjDgzipRlqH5IWObe5rpIL2Ojpor1XlrE)",€40.00,Restauration,
12/8/2020,Strasbourg,TRAITEUR PHILIPPE ROME,,Restauration,FRAIS DE REPAS DE TRAVAIL MME LA MAIRE,"image.png (https://v5.airtableusercontent.com/v3/u/58/58/1791108000000/U_DMwh3JM0LurOhgOYd_vQ/BYI18PddAMfLbXQuE6MQvL5cUQvdJkpHMxrL5eBo9WNkWtU6qbrBQMg6Plw_v-mjb5O3cVZbGd_AcIoMa_IfAhj416MgDA62o6GsGfUlHHIOVOtm45jLTDfAYLV5DZb5oPxK7jsU-B9JGlMh2qR5Fg/ryM9qaG_HFP2HPjpczZHrxExm7B4l7G_d6lq9Ph9M-A),image.png (https://v5.airtableusercontent.com/v3/u/58/58/1791108000000/5VigpEgRO5W6gOa4w2B_Kg/V7DlBbxVmSeAhFkhujL4Mo6ozOGVDIjSxjiUxsZPAx89N-nz_qLuVWGp2X82o672KTvjJsK3RmHGhmLuvRqJQ5Coy7r5hnjGGH1ALwr88V1UKo3nvvWnLth7m3wMjBvSM8jHkv2PzpWSJnYCMBfDyQ/3mc1o8j7YSrM5CfDomUEaawEa_z3E4xbbfBbXlVQGCo),image.png (https://v5.airtableusercontent.com/v3/u/58/58/1791108000000/Ec5O3G5TF6iqdmkLEz4bZA/tcrgOSZaOZDaMrTBAwsohlFgm1iYcLctbPMr785SsBeV6BMGF3m_YpE4czp6iSs3aAdov0HwgUTjOqb96jVRv8DA30KW97mgfBFRafEJLd8biW6tYvE4FTbKd6P5CVvxKQFatN3vVL39b44H39irUA/X2eT8jzfdTdjDgzipRlqH5IWObe5rpIL2Ojpor1XlrE)",€88.00,Restauration,
1/23/2021,Strasbourg,WALTZ TRAITEUR CHEZ SOI,,Restauration,FRAIS DE REPAS DE TRAVAIL MME LA MAIRE,"image.png (https://v5.airtableusercontent.com/v3/u/58/58/1791108000000/U_DMwh3JM0LurOhgOYd_vQ/BYI18PddAMfLbXQuE6MQvL5cUQvdJkpHMxrL5eBo9WNkWtU6qbrBQMg6Plw_v-mjb5O3cVZbGd_AcIoMa_IfAhj416MgDA62o6GsGfUlHHIOVOtm45jLTDfAYLV5DZb5oPxK7jsU-B9JGlMh2qR5Fg/ryM9qaG_HFP2HPjpczZHrxExm7B4l7G_d6lq9Ph9M-A),image.png (https://v5.airtableusercontent.com/v3/u/58/58/1791108000000/5VigpEgRO5W6gOa4w2B_Kg/V7DlBbxVmSeAhFkhujL4Mo6ozOGVDIjSxjiUxsZPAx89N-nz_qLuVWGp2X82o672KTvjJsK3RmHGhmLuvRqJQ5Coy7r5hnjGGH1ALwr88V1UKo3nvvWnLth7m3wMjBvSM8jHkv2PzpWSJnYCMBfDyQ/3mc1o8j7YSrM5CfDomUEaawEa_z3E4xbbfBbXlVQGCo),image.png (https://v5.airtableusercontent.com/v3/u/58/58/1791108000000/Ec5O3G5TF6iqdmkLEz4bZA/tcrgOSZaOZDaMrTBAwsohlFgm1iYcLctbPMr785SsBeV6BMGF3m_YpE4czp6iSs3aAdov0HwgUTjOqb96jVRv8DA30KW97mgfBFRafEJLd8biW6tYvE4FTbKd6P5CVvxKQFatN3vVL39b44H39irUA/X2eT8jzfdTdjDgzipRlqH5IWObe5rpIL2Ojpor1XlrE)",€105.60,Restauration,
1/22/2021,Strasbourg,WALTZ TRAITEUR CHEZ SOI,,Restauration,FRAIS DE REPAS DE TRAVAIL MME LA MAIRE,"image.png (https://v5.airtableusercontent.com/v3/u/58/58/1791108000000/U_DMwh3JM0LurOhgOYd_vQ/BYI18PddAMfLbXQuE6MQvL5cUQvdJkpHMxrL5eBo9WNkWtU6qbrBQMg6Plw_v-mjb5O3cVZbGd_AcIoMa_IfAhj416MgDA62o6GsGfUlHHIOVOtm45jLTDfAYLV5DZb5oPxK7jsU-B9JGlMh2qR5Fg/ryM9qaG_HFP2HPjpczZHrxExm7B4l7G_d6lq9Ph9M-A),image.png (https://v5.airtableusercontent.com/v3/u/58/58/1791108000000/5VigpEgRO5W6gOa4w2B_Kg/V7DlBbxVmSeAhFkhujL4Mo6ozOGVDIjSxjiUxsZPAx89N-nz_qLuVWGp2X82o672KTvjJsK3RmHGhmLuvRqJQ5Coy7r5hnjGGH1ALwr88V1UKo3nvvWnLth7m3wMjBvSM8jHkv2PzpWSJnYCMBfDyQ/3mc1o8j7YSrM5CfDomUEaawEa_z3E4xbbfBbXlVQGCo),image.png (https://v5.airtableusercontent.com/v3/u/58/58/1791108000000/Ec5O3G5TF6iqdmkLEz4bZA/tcrgOSZaOZDaMrTBAwsohlFgm1iYcLctbPMr785SsBeV6BMGF3m_YpE4czp6iSs3aAdov0HwgUTjOqb96jVRv8DA30KW97mgfBFRafEJLd8biW6tYvE4FTbKd6P5CVvxKQFatN3vVL39b44H39irUA/X2eT8jzfdTdjDgzipRlqH5IWObe5rpIL2Ojpor1XlrE)",€237.60,Restauration,
1/26/2021,Strasbourg,WALTZ TRAITEUR CHEZ SOI,,Restauration,FRAIS DE REPAS DE TRAVAIL MME LA MAIRE,"image.png (https://v5.airtableusercontent.com/v3/u/58/58/1791108000000/U_DMwh3JM0LurOhgOYd_vQ/BYI18PddAMfLbXQuE6MQvL5cUQvdJkpHMxrL5eBo9WNkWtU6qbrBQMg6Plw_v-mjb5O3cVZbGd_AcIoMa_IfAhj416MgDA62o6GsGfUlHHIOVOtm45jLTDfAYLV5DZb5oPxK7jsU-B9JGlMh2qR5Fg/ryM9qaG_HFP2HPjpczZHrxExm7B4l7G_d6lq9Ph9M-A),image.png (https://v5.airtableusercontent.com/v3/u/58/58/1791108000000/5VigpEgRO5W6gOa4w2B_Kg/V7DlBbxVmSeAhFkhujL4Mo6ozOGVDIjSxjiUxsZPAx89N-nz_qLuVWGp2X82o672KTvjJsK3RmHGhmLuvRqJQ5Coy7r5hnjGGH1ALwr88V1UKo3nvvWnLth7m3wMjBvSM8jHkv2PzpWSJnYCMBfDyQ/3mc1o8j7YSrM5CfDomUEaawEa_z3E4xbbfBbXlVQGCo),image.png (https://v5.airtableusercontent.com/v3/u/58/58/1791108000000/Ec5O3G5TF6iqdmkLEz4bZA/tcrgOSZaOZDaMrTBAwsohlFgm1iYcLctbPMr785SsBeV6BMGF3m_YpE4czp6iSs3aAdov0HwgUTjOqb96jVRv8DA30KW97mgfBFRafEJLd8biW6tYvE4FTbKd6P5CVvxKQFatN3vVL39b44H39irUA/X2eT8jzfdTdjDgzipRlqH5IWObe5rpIL2Ojpor1XlrE)",€79.20,Restauration,
7/29/2020,Strasbourg,API RESTAURATION,,Restauration,FRAIS DE REPAS DE TRAVAIL MME LA MAIRE,"image.png (https://v5.airtableusercontent.com/v3/u/58/58/1791108000000/U_DMwh3JM0LurOhgOYd_vQ/BYI18PddAMfLbXQuE6MQvL5cUQvdJkpHMxrL5eBo9WNkWtU6qbrBQMg6Plw_v-mjb5O3cVZbGd_AcIoMa_IfAhj416MgDA62o6GsGfUlHHIOVOtm45jLTDfAYLV5DZb5oPxK7jsU-B9JGlMh2qR5Fg/ryM9qaG_HFP2HPjpczZHrxExm7B4l7G_d6lq9Ph9M-A),image.png (https://v5.airtableusercontent.com/v3/u/58/58/1791108000000/5VigpEgRO5W6gOa4w2B_Kg/V7DlBbxVmSeAhFkhujL4Mo6ozOGVDIjSxjiUxsZPAx89N-nz_qLuVWGp2X82o672KTvjJsK3RmHGhmLuvRqJQ5Coy7r5hnjGGH1ALwr88V1UKo3nvvWnLth7m3wMjBvSM8jHkv2PzpWSJnYCMBfDyQ/3mc1o8j7YSrM5CfDomUEaawEa_z3E4xbbfBbXlVQGCo),image.png (https://v5.airtableusercontent.com/v3/u/58/58/1791108000000/Ec5O3G5TF6iqdmkLEz4bZA/tcrgOSZaOZDaMrTBAwsohlFgm1iYcLctbPMr785SsBeV6BMGF3m_YpE4czp6iSs3aAdov0HwgUTjOqb96jVRv8DA30KW97mgfBFRafEJLd8biW6tYvE4FTbKd6P5CVvxKQFatN3vVL39b44H39irUA/X2eT8jzfdTdjDgzipRlqH5IWObe5rpIL2Ojpor1XlrE)",€30.00,Restauration,
10/2/2020,Strasbourg,API RESTAURATION,,Restauration,FRAIS DE REPAS DE TRAVAIL MME LA MAIRE,"image.png (https://v5.airtableusercontent.com/v3/u/58/58/1791108000000/U_DMwh3JM0LurOhgOYd_vQ/BYI18PddAMfLbXQuE6MQvL5cUQvdJkpHMxrL5eBo9WNkWtU6qbrBQMg6Plw_v-mjb5O3cVZbGd_AcIoMa_IfAhj416MgDA62o6GsGfUlHHIOVOtm45jLTDfAYLV5DZb5oPxK7jsU-B9JGlMh2qR5Fg/ryM9qaG_HFP2HPjpczZHrxExm7B4l7G_d6lq9Ph9M-A),image.png (https://v5.airtableusercontent.com/v3/u/58/58/1791108000000/5VigpEgRO5W6gOa4w2B_Kg/V7DlBbxVmSeAhFkhujL4Mo6ozOGVDIjSxjiUxsZPAx89N-nz_qLuVWGp2X82o672KTvjJsK3RmHGhmLuvRqJQ5Coy7r5hnjGGH1ALwr88V1UKo3nvvWnLth7m3wMjBvSM8jHkv2PzpWSJnYCMBfDyQ/3mc1o8j7YSrM5CfDomUEaawEa_z3E4xbbfBbXlVQGCo),image.png (https://v5.airtableusercontent.com/v3/u/58/58/1791108000000/Ec5O3G5TF6iqdmkLEz4bZA/tcrgOSZaOZDaMrTBAwsohlFgm1iYcLctbPMr785SsBeV6BMGF3m_YpE4czp6iSs3aAdov0HwgUTjOqb96jVRv8DA30KW97mgfBFRafEJLd8biW6tYvE4FTbKd6P5CVvxKQFatN3vVL39b44H39irUA/X2eT8jzfdTdjDgzipRlqH5IWObe5rpIL2Ojpor1XlrE)",€40.00,Restauration,
2/11/2021,Strasbourg,WALTZ TRAITEUR CHEZ SOI,,Restauration,FRAIS DE REPAS DE TRAVAIL MME LA MAIRE,"image.png (https://v5.airtableusercontent.com/v3/u/58/58/1791108000000/U_DMwh3JM0LurOhgOYd_vQ/BYI18PddAMfLbXQuE6MQvL5cUQvdJkpHMxrL5eBo9WNkWtU6qbrBQMg6Plw_v-mjb5O3cVZbGd_AcIoMa_IfAhj416MgDA62o6GsGfUlHHIOVOtm45jLTDfAYLV5DZb5oPxK7jsU-B9JGlMh2qR5Fg/ryM9qaG_HFP2HPjpczZHrxExm7B4l7G_d6lq9Ph9M-A),image.png (https://v5.airtableusercontent.com/v3/u/58/58/1791108000000/5VigpEgRO5W6gOa4w2B_Kg/V7DlBbxVmSeAhFkhujL4Mo6ozOGVDIjSxjiUxsZPAx89N-nz_qLuVWGp2X82o672KTvjJsK3RmHGhmLuvRqJQ5Coy7r5hnjGGH1ALwr88V1UKo3nvvWnLth7m3wMjBvSM8jHkv2PzpWSJnYCMBfDyQ/3mc1o8j7YSrM5CfDomUEaawEa_z3E4xbbfBbXlVQGCo),image.png (https://v5.airtableusercontent.com/v3/u/58/58/1791108000000/Ec5O3G5TF6iqdmkLEz4bZA/tcrgOSZaOZDaMrTBAwsohlFgm1iYcLctbPMr785SsBeV6BMGF3m_YpE4czp6iSs3aAdov0HwgUTjOqb96jVRv8DA30KW97mgfBFRafEJLd8biW6tYvE4FTbKd6P5CVvxKQFatN3vVL39b44H39irUA/X2eT8jzfdTdjDgzipRlqH5IWObe5rpIL2Ojpor1XlrE)",€71.98,Restauration,
2/12/2021,Strasbourg,TRAITEUR PHILIPPE ROME,,Restauration,FRAIS DE REPAS DE TRAVAIL MME LA MAIRE,"image.png (https://v5.airtableusercontent.com/v3/u/58/58/1791108000000/U_DMwh3JM0LurOhgOYd_vQ/BYI18PddAMfLbXQuE6MQvL5cUQvdJkpHMxrL5eBo9WNkWtU6qbrBQMg6Plw_v-mjb5O3cVZbGd_AcIoMa_IfAhj416MgDA62o6GsGfUlHHIOVOtm45jLTDfAYLV5DZb5oPxK7jsU-B9JGlMh2qR5Fg/ryM9qaG_HFP2HPjpczZHrxExm7B4l7G_d6lq9Ph9M-A),image.png (https://v5.airtableusercontent.com/v3/u/58/58/1791108000000/5VigpEgRO5W6gOa4w2B_Kg/V7DlBbxVmSeAhFkhujL4Mo6ozOGVDIjSxjiUxsZPAx89N-nz_qLuVWGp2X82o672KTvjJsK3RmHGhmLuvRqJQ5Coy7r5hnjGGH1ALwr88V1UKo3nvvWnLth7m3wMjBvSM8jHkv2PzpWSJnYCMBfDyQ/3mc1o8j7YSrM5CfDomUEaawEa_z3E4xbbfBbXlVQGCo),image.png (https://v5.airtableusercontent.com/v3/u/58/58/1791108000000/Ec5O3G5TF6iqdmkLEz4bZA/tcrgOSZaOZDaMrTBAwsohlFgm1iYcLctbPMr785SsBeV6BMGF3m_YpE4czp6iSs3aAdov0HwgUTjOqb96jVRv8DA30KW97mgfBFRafEJLd8biW6tYvE4FTbKd6P5CVvxKQFatN3vVL39b44H39irUA/X2eT8jzfdTdjDgzipRlqH5IWObe5rpIL2Ojpor1XlrE)",€22.99,Restauration,
2/15/2021,Strasbourg,WALTZ TRAITEUR CHEZ SOI,,Restauration,FRAIS DE REPAS DE TRAVAIL MME LA MAIRE,"image.png (https://v5.airtableusercontent.com/v3/u/58/58/1791108000000/U_DMwh3JM0LurOhgOYd_vQ/BYI18PddAMfLbXQuE6MQvL5cUQvdJkpHMxrL5eBo9WNkWtU6qbrBQMg6Plw_v-mjb5O3cVZbGd_AcIoMa_IfAhj416MgDA62o6GsGfUlHHIOVOtm45jLTDfAYLV5DZb5oPxK7jsU-B9JGlMh2qR5Fg/ryM9qaG_HFP2HPjpczZHrxExm7B4l7G_d6lq9Ph9M-A),image.png (https://v5.airtableusercontent.com/v3/u/58/58/1791108000000/5VigpEgRO5W6gOa4w2B_Kg/V7DlBbxVmSeAhFkhujL4Mo6ozOGVDIjSxjiUxsZPAx89N-nz_qLuVWGp2X82o672KTvjJsK3RmHGhmLuvRqJQ5Coy7r5hnjGGH1ALwr88V1UKo3nvvWnLth7m3wMjBvSM8jHkv2PzpWSJnYCMBfDyQ/3mc1o8j7YSrM5CfDomUEaawEa_z3E4xbbfBbXlVQGCo),image.png (https://v5.airtableusercontent.com/v3/u/58/58/1791108000000/Ec5O3G5TF6iqdmkLEz4bZA/tcrgOSZaOZDaMrTBAwsohlFgm1iYcLctbPMr785SsBeV6BMGF3m_YpE4czp6iSs3aAdov0HwgUTjOqb96jVRv8DA30KW97mgfBFRafEJLd8biW6tYvE4FTbKd6P5CVvxKQFatN3vVL39b44H39irUA/X2eT8jzfdTdjDgzipRlqH5IWObe5rpIL2Ojpor1XlrE)",€35.99,Restauration,
2/19/2021,Strasbourg,LE RELAIS AVS,,Restauration,FRAIS DE REPAS DE TRAVAIL MME LA MAIRE,"image.png (https://v5.airtableusercontent.com/v3/u/58/58/1791108000000/U_DMwh3JM0LurOhgOYd_vQ/BYI18PddAMfLbXQuE6MQvL5cUQvdJkpHMxrL5eBo9WNkWtU6qbrBQMg6Plw_v-mjb5O3cVZbGd_AcIoMa_IfAhj416MgDA62o6GsGfUlHHIOVOtm45jLTDfAYLV5DZb5oPxK7jsU-B9JGlMh2qR5Fg/ryM9qaG_HFP2HPjpczZHrxExm7B4l7G_d6lq9Ph9M-A),image.png (https://v5.airtableusercontent.com/v3/u/58/58/1791108000000/5VigpEgRO5W6gOa4w2B_Kg/V7DlBbxVmSeAhFkhujL4Mo6ozOGVDIjSxjiUxsZPAx89N-nz_qLuVWGp2X82o672KTvjJsK3RmHGhmLuvRqJQ5Coy7r5hnjGGH1ALwr88V1UKo3nvvWnLth7m3wMjBvSM8jHkv2PzpWSJnYCMBfDyQ/3mc1o8j7YSrM5CfDomUEaawEa_z3E4xbbfBbXlVQGCo),image.png (https://v5.airtableusercontent.com/v3/u/58/58/1791108000000/Ec5O3G5TF6iqdmkLEz4bZA/tcrgOSZaOZDaMrTBAwsohlFgm1iYcLctbPMr785SsBeV6BMGF3m_YpE4czp6iSs3aAdov0HwgUTjOqb96jVRv8DA30KW97mgfBFRafEJLd8biW6tYvE4FTbKd6P5CVvxKQFatN3vVL39b44H39irUA/X2eT8jzfdTdjDgzipRlqH5IWObe5rpIL2Ojpor1XlrE)",€42.90,Restauration,
2/16/2021,Strasbourg,TRAITEUR PHILIPPE ROME,,Restauration,FRAIS DE REPAS DE TRAVAIL MME LA MAIRE,"image.png (https://v5.airtableusercontent.com/v3/u/58/58/1791108000000/U_DMwh3JM0LurOhgOYd_vQ/BYI18PddAMfLbXQuE6MQvL5cUQvdJkpHMxrL5eBo9WNkWtU6qbrBQMg6Plw_v-mjb5O3cVZbGd_AcIoMa_IfAhj416MgDA62o6GsGfUlHHIOVOtm45jLTDfAYLV5DZb5oPxK7jsU-B9JGlMh2qR5Fg/ryM9qaG_HFP2HPjpczZHrxExm7B4l7G_d6lq9Ph9M-A),image.png (https://v5.airtableusercontent.com/v3/u/58/58/1791108000000/5VigpEgRO5W6gOa4w2B_Kg/V7DlBbxVmSeAhFkhujL4Mo6ozOGVDIjSxjiUxsZPAx89N-nz_qLuVWGp2X82o672KTvjJsK3RmHGhmLuvRqJQ5Coy7r5hnjGGH1ALwr88V1UKo3nvvWnLth7m3wMjBvSM8jHkv2PzpWSJnYCMBfDyQ/3mc1o8j7YSrM5CfDomUEaawEa_z3E4xbbfBbXlVQGCo),image.png (https://v5.airtableusercontent.com/v3/u/58/58/1791108000000/Ec5O3G5TF6iqdmkLEz4bZA/tcrgOSZaOZDaMrTBAwsohlFgm1iYcLctbPMr785SsBeV6BMGF3m_YpE4czp6iSs3aAdov0HwgUTjOqb96jVRv8DA30KW97mgfBFRafEJLd8biW6tYvE4FTbKd6P5CVvxKQFatN3vVL39b44H39irUA/X2eT8jzfdTdjDgzipRlqH5IWObe5rpIL2Ojpor1XlrE)",€44.00,Restauration,
2/25/2021,Strasbourg,TRAITEUR PHILIPPE ROME,,Restauration,FRAIS DE REPAS DE TRAVAIL MME LA MAIRE,"image.png (https://v5.airtableusercontent.com/v3/u/58/58/1791108000000/U_DMwh3JM0LurOhgOYd_vQ/BYI18PddAMfLbXQuE6MQvL5cUQvdJkpHMxrL5eBo9WNkWtU6qbrBQMg6Plw_v-mjb5O3cVZbGd_AcIoMa_IfAhj416MgDA62o6GsGfUlHHIOVOtm45jLTDfAYLV5DZb5oPxK7jsU-B9JGlMh2qR5Fg/ryM9qaG_HFP2HPjpczZHrxExm7B4l7G_d6lq9Ph9M-A),image.png (https://v5.airtableusercontent.com/v3/u/58/58/1791108000000/5VigpEgRO5W6gOa4w2B_Kg/V7DlBbxVmSeAhFkhujL4Mo6ozOGVDIjSxjiUxsZPAx89N-nz_qLuVWGp2X82o672KTvjJsK3RmHGhmLuvRqJQ5Coy7r5hnjGGH1ALwr88V1UKo3nvvWnLth7m3wMjBvSM8jHkv2PzpWSJnYCMBfDyQ/3mc1o8j7YSrM5CfDomUEaawEa_z3E4xbbfBbXlVQGCo),image.png (https://v5.airtableusercontent.com/v3/u/58/58/1791108000000/Ec5O3G5TF6iqdmkLEz4bZA/tcrgOSZaOZDaMrTBAwsohlFgm1iYcLctbPMr785SsBeV6BMGF3m_YpE4czp6iSs3aAdov0HwgUTjOqb96jVRv8DA30KW97mgfBFRafEJLd8biW6tYvE4FTbKd6P5CVvxKQFatN3vVL39b44H39irUA/X2eT8jzfdTdjDgzipRlqH5IWObe5rpIL2Ojpor1XlrE)",€34.49,Restauration,
2/17/2021,Strasbourg,TRAITEUR PHILIPPE ROME,,Restauration,FRAIS DE REPAS DE TRAVAIL MME LA MAIRE,"image.png (https://v5.airtableusercontent.com/v3/u/58/58/1791108000000/U_DMwh3JM0LurOhgOYd_vQ/BYI18PddAMfLbXQuE6MQvL5cUQvdJkpHMxrL5eBo9WNkWtU6qbrBQMg6Plw_v-mjb5O3cVZbGd_AcIoMa_IfAhj416MgDA62o6GsGfUlHHIOVOtm45jLTDfAYLV5DZb5oPxK7jsU-B9JGlMh2qR5Fg/ryM9qaG_HFP2HPjpczZHrxExm7B4l7G_d6lq9Ph9M-A),image.png (https://v5.airtableusercontent.com/v3/u/58/58/1791108000000/5VigpEgRO5W6gOa4w2B_Kg/V7DlBbxVmSeAhFkhujL4Mo6ozOGVDIjSxjiUxsZPAx89N-nz_qLuVWGp2X82o672KTvjJsK3RmHGhmLuvRqJQ5Coy7r5hnjGGH1ALwr88V1UKo3nvvWnLth7m3wMjBvSM8jHkv2PzpWSJnYCMBfDyQ/3mc1o8j7YSrM5CfDomUEaawEa_z3E4xbbfBbXlVQGCo),image.png (https://v5.airtableusercontent.com/v3/u/58/58/1791108000000/Ec5O3G5TF6iqdmkLEz4bZA/tcrgOSZaOZDaMrTBAwsohlFgm1iYcLctbPMr785SsBeV6BMGF3m_YpE4czp6iSs3aAdov0HwgUTjOqb96jVRv8DA30KW97mgfBFRafEJLd8biW6tYvE4FTbKd6P5CVvxKQFatN3vVL39b44H39irUA/X2eT8jzfdTdjDgzipRlqH5IWObe5rpIL2Ojpor1XlrE)",€22.99,Restauration,
2/18/2021,Strasbourg,TRAITEUR PHILIPPE ROME,,Restauration,FRAIS DE REPAS DE TRAVAIL MME LA MAIRE,"image.png (https://v5.airtableusercontent.com/v3/u/58/58/1791108000000/U_DMwh3JM0LurOhgOYd_vQ/BYI18PddAMfLbXQuE6MQvL5cUQvdJkpHMxrL5eBo9WNkWtU6qbrBQMg6Plw_v-mjb5O3cVZbGd_AcIoMa_IfAhj416MgDA62o6GsGfUlHHIOVOtm45jLTDfAYLV5DZb5oPxK7jsU-B9JGlMh2qR5Fg/ryM9qaG_HFP2HPjpczZHrxExm7B4l7G_d6lq9Ph9M-A),image.png (https://v5.airtableusercontent.com/v3/u/58/58/1791108000000/5VigpEgRO5W6gOa4w2B_Kg/V7DlBbxVmSeAhFkhujL4Mo6ozOGVDIjSxjiUxsZPAx89N-nz_qLuVWGp2X82o672KTvjJsK3RmHGhmLuvRqJQ5Coy7r5hnjGGH1ALwr88V1UKo3nvvWnLth7m3wMjBvSM8jHkv2PzpWSJnYCMBfDyQ/3mc1o8j7YSrM5CfDomUEaawEa_z3E4xbbfBbXlVQGCo),image.png (https://v5.airtableusercontent.com/v3/u/58/58/1791108000000/Ec5O3G5TF6iqdmkLEz4bZA/tcrgOSZaOZDaMrTBAwsohlFgm1iYcLctbPMr785SsBeV6BMGF3m_YpE4czp6iSs3aAdov0HwgUTjOqb96jVRv8DA30KW97mgfBFRafEJLd8biW6tYvE4FTbKd6P5CVvxKQFatN3vVL39b44H39irUA/X2eT8jzfdTdjDgzipRlqH5IWObe5rpIL2Ojpor1XlrE)",€22.99,Restauration,
3/1/2021,Strasbourg,WALTZ TRAITEUR CHEZ SOI,,Restauration,FRAIS DE REPAS DE TRAVAIL MME LA MAIRE,"image.png (https://v5.airtableusercontent.com/v3/u/58/58/1791108000000/U_DMwh3JM0LurOhgOYd_vQ/BYI18PddAMfLbXQuE6MQvL5cUQvdJkpHMxrL5eBo9WNkWtU6qbrBQMg6Plw_v-mjb5O3cVZbGd_AcIoMa_IfAhj416MgDA62o6GsGfUlHHIOVOtm45jLTDfAYLV5DZb5oPxK7jsU-B9JGlMh2qR5Fg/ryM9qaG_HFP2HPjpczZHrxExm7B4l7G_d6lq9Ph9M-A),image.png (https://v5.airtableusercontent.com/v3/u/58/58/1791108000000/5VigpEgRO5W6gOa4w2B_Kg/V7DlBbxVmSeAhFkhujL4Mo6ozOGVDIjSxjiUxsZPAx89N-nz_qLuVWGp2X82o672KTvjJsK3RmHGhmLuvRqJQ5Coy7r5hnjGGH1ALwr88V1UKo3nvvWnLth7m3wMjBvSM8jHkv2PzpWSJnYCMBfDyQ/3mc1o8j7YSrM5CfDomUEaawEa_z3E4xbbfBbXlVQGCo),image.png (https://v5.airtableusercontent.com/v3/u/58/58/1791108000000/Ec5O3G5TF6iqdmkLEz4bZA/tcrgOSZaOZDaMrTBAwsohlFgm1iYcLctbPMr785SsBeV6BMGF3m_YpE4czp6iSs3aAdov0HwgUTjOqb96jVRv8DA30KW97mgfBFRafEJLd8biW6tYvE4FTbKd6P5CVvxKQFatN3vVL39b44H39irUA/X2eT8jzfdTdjDgzipRlqH5IWObe5rpIL2Ojpor1XlrE)",€39.60,Restauration,
2/24/2021,Strasbourg,WALTZ TRAITEUR CHEZ SOI,,Restauration,FRAIS DE REPAS DE TRAVAIL MME LA MAIRE,"image.png (https://v5.airtableusercontent.com/v3/u/58/58/1791108000000/U_DMwh3JM0LurOhgOYd_vQ/BYI18PddAMfLbXQuE6MQvL5cUQvdJkpHMxrL5eBo9WNkWtU6qbrBQMg6Plw_v-mjb5O3cVZbGd_AcIoMa_IfAhj416MgDA62o6GsGfUlHHIOVOtm45jLTDfAYLV5DZb5oPxK7jsU-B9JGlMh2qR5Fg/ryM9qaG_HFP2HPjpczZHrxExm7B4l7G_d6lq9Ph9M-A),image.png (https://v5.airtableusercontent.com/v3/u/58/58/1791108000000/5VigpEgRO5W6gOa4w2B_Kg/V7DlBbxVmSeAhFkhujL4Mo6ozOGVDIjSxjiUxsZPAx89N-nz_qLuVWGp2X82o672KTvjJsK3RmHGhmLuvRqJQ5Coy7r5hnjGGH1ALwr88V1UKo3nvvWnLth7m3wMjBvSM8jHkv2PzpWSJnYCMBfDyQ/3mc1o8j7YSrM5CfDomUEaawEa_z3E4xbbfBbXlVQGCo),image.png (https://v5.airtableusercontent.com/v3/u/58/58/1791108000000/Ec5O3G5TF6iqdmkLEz4bZA/tcrgOSZaOZDaMrTBAwsohlFgm1iYcLctbPMr785SsBeV6BMGF3m_YpE4czp6iSs3aAdov0HwgUTjOqb96jVRv8DA30KW97mgfBFRafEJLd8biW6tYvE4FTbKd6P5CVvxKQFatN3vVL39b44H39irUA/X2eT8jzfdTdjDgzipRlqH5IWObe5rpIL2Ojpor1XlrE)",€26.40,Restauration,
11/3/2020,Strasbourg,API RESTAURATION,,Restauration,FRAIS DE REPAS DE TRAVAIL MME LA MAIRE,"image.png (https://v5.airtableusercontent.com/v3/u/58/58/1791108000000/U_DMwh3JM0LurOhgOYd_vQ/BYI18PddAMfLbXQuE6MQvL5cUQvdJkpHMxrL5eBo9WNkWtU6qbrBQMg6Plw_v-mjb5O3cVZbGd_AcIoMa_IfAhj416MgDA62o6GsGfUlHHIOVOtm45jLTDfAYLV5DZb5oPxK7jsU-B9JGlMh2qR5Fg/ryM9qaG_HFP2HPjpczZHrxExm7B4l7G_d6lq9Ph9M-A),image.png (https://v5.airtableusercontent.com/v3/u/58/58/1791108000000/5VigpEgRO5W6gOa4w2B_Kg/V7DlBbxVmSeAhFkhujL4Mo6ozOGVDIjSxjiUxsZPAx89N-nz_qLuVWGp2X82o672KTvjJsK3RmHGhmLuvRqJQ5Coy7r5hnjGGH1ALwr88V1UKo3nvvWnLth7m3wMjBvSM8jHkv2PzpWSJnYCMBfDyQ/3mc1o8j7YSrM5CfDomUEaawEa_z3E4xbbfBbXlVQGCo),image.png (https://v5.airtableusercontent.com/v3/u/58/58/1791108000000/Ec5O3G5TF6iqdmkLEz4bZA/tcrgOSZaOZDaMrTBAwsohlFgm1iYcLctbPMr785SsBeV6BMGF3m_YpE4czp6iSs3aAdov0HwgUTjOqb96jVRv8DA30KW97mgfBFRafEJLd8biW6tYvE4FTbKd6P5CVvxKQFatN3vVL39b44H39irUA/X2eT8jzfdTdjDgzipRlqH5IWObe5rpIL2Ojpor1XlrE)",€20.00,Restauration,
1/8/2021,Strasbourg,API RESTAURATION,,Restauration,FRAIS DE REPAS DE TRAVAIL MME LA MAIRE,"image.png (https://v5.airtableusercontent.com/v3/u/58/58/1791108000000/U_DMwh3JM0LurOhgOYd_vQ/BYI18PddAMfLbXQuE6MQvL5cUQvdJkpHMxrL5eBo9WNkWtU6qbrBQMg6Plw_v-mjb5O3cVZbGd_AcIoMa_IfAhj416MgDA62o6GsGfUlHHIOVOtm45jLTDfAYLV5DZb5oPxK7jsU-B9JGlMh2qR5Fg/ryM9qaG_HFP2HPjpczZHrxExm7B4l7G_d6lq9Ph9M-A),image.png (https://v5.airtableusercontent.com/v3/u/58/58/1791108000000/5VigpEgRO5W6gOa4w2B_Kg/V7DlBbxVmSeAhFkhujL4Mo6ozOGVDIjSxjiUxsZPAx89N-nz_qLuVWGp2X82o672KTvjJsK3RmHGhmLuvRqJQ5Coy7r5hnjGGH1ALwr88V1UKo3nvvWnLth7m3wMjBvSM8jHkv2PzpWSJnYCMBfDyQ/3mc1o8j7YSrM5CfDomUEaawEa_z3E4xbbfBbXlVQGCo),image.png (https://v5.airtableusercontent.com/v3/u/58/58/1791108000000/Ec5O3G5TF6iqdmkLEz4bZA/tcrgOSZaOZDaMrTBAwsohlFgm1iYcLctbPMr785SsBeV6BMGF3m_YpE4czp6iSs3aAdov0HwgUTjOqb96jVRv8DA30KW97mgfBFRafEJLd8biW6tYvE4FTbKd6P5CVvxKQFatN3vVL39b44H39irUA/X2eT8jzfdTdjDgzipRlqH5IWObe5rpIL2Ojpor1XlrE)",€70.00,Restauration,
3/16/2021,Strasbourg,TRAITEUR PHILIPPE ROME,,Restauration,FRAIS DE REPAS DE TRAVAIL MME LA MAIRE,"image.png (https://v5.airtableusercontent.com/v3/u/58/58/1791108000000/U_DMwh3JM0LurOhgOYd_vQ/BYI18PddAMfLbXQuE6MQvL5cUQvdJkpHMxrL5eBo9WNkWtU6qbrBQMg6Plw_v-mjb5O3cVZbGd_AcIoMa_IfAhj416MgDA62o6GsGfUlHHIOVOtm45jLTDfAYLV5DZb5oPxK7jsU-B9JGlMh2qR5Fg/ryM9qaG_HFP2HPjpczZHrxExm7B4l7G_d6lq9Ph9M-A),image.png (https://v5.airtableusercontent.com/v3/u/58/58/1791108000000/5VigpEgRO5W6gOa4w2B_Kg/V7DlBbxVmSeAhFkhujL4Mo6ozOGVDIjSxjiUxsZPAx89N-nz_qLuVWGp2X82o672KTvjJsK3RmHGhmLuvRqJQ5Coy7r5hnjGGH1ALwr88V1UKo3nvvWnLth7m3wMjBvSM8jHkv2PzpWSJnYCMBfDyQ/3mc1o8j7YSrM5CfDomUEaawEa_z3E4xbbfBbXlVQGCo),image.png (https://v5.airtableusercontent.com/v3/u/58/58/1791108000000/Ec5O3G5TF6iqdmkLEz4bZA/tcrgOSZaOZDaMrTBAwsohlFgm1iYcLctbPMr785SsBeV6BMGF3m_YpE4czp6iSs3aAdov0HwgUTjOqb96jVRv8DA30KW97mgfBFRafEJLd8biW6tYvE4FTbKd6P5CVvxKQFatN3vVL39b44H39irUA/X2eT8jzfdTdjDgzipRlqH5IWObe5rpIL2Ojpor1XlrE)",€24.00,Restauration,
3/18/2021,Strasbourg,WALTZ TRAITEUR CHEZ SOI,,Restauration,FRAIS DE REPAS DE TRAVAIL MME LA MAIRE,"image.png (https://v5.airtableusercontent.com/v3/u/58/58/1791108000000/U_DMwh3JM0LurOhgOYd_vQ/BYI18PddAMfLbXQuE6MQvL5cUQvdJkpHMxrL5eBo9WNkWtU6qbrBQMg6Plw_v-mjb5O3cVZbGd_AcIoMa_IfAhj416MgDA62o6GsGfUlHHIOVOtm45jLTDfAYLV5DZb5oPxK7jsU-B9JGlMh2qR5Fg/ryM9qaG_HFP2HPjpczZHrxExm7B4l7G_d6lq9Ph9M-A),image.png (https://v5.airtableusercontent.com/v3/u/58/58/1791108000000/5VigpEgRO5W6gOa4w2B_Kg/V7DlBbxVmSeAhFkhujL4Mo6ozOGVDIjSxjiUxsZPAx89N-nz_qLuVWGp2X82o672KTvjJsK3RmHGhmLuvRqJQ5Coy7r5hnjGGH1ALwr88V1UKo3nvvWnLth7m3wMjBvSM8jHkv2PzpWSJnYCMBfDyQ/3mc1o8j7YSrM5CfDomUEaawEa_z3E4xbbfBbXlVQGCo),image.png (https://v5.airtableusercontent.com/v3/u/58/58/1791108000000/Ec5O3G5TF6iqdmkLEz4bZA/tcrgOSZaOZDaMrTBAwsohlFgm1iYcLctbPMr785SsBeV6BMGF3m_YpE4czp6iSs3aAdov0HwgUTjOqb96jVRv8DA30KW97mgfBFRafEJLd8biW6tYvE4FTbKd6P5CVvxKQFatN3vVL39b44H39irUA/X2eT8jzfdTdjDgzipRlqH5IWObe5rpIL2Ojpor1XlrE)",€26.40,Restauration,
3/15/2021,Strasbourg,TRAITEUR PHILIPPE ROME,,Restauration,FRAIS DE REPAS DE TRAVAIL MME LA MAIRE,"image.png (https://v5.airtableusercontent.com/v3/u/58/58/1791108000000/U_DMwh3JM0LurOhgOYd_vQ/BYI18PddAMfLbXQuE6MQvL5cUQvdJkpHMxrL5eBo9WNkWtU6qbrBQMg6Plw_v-mjb5O3cVZbGd_AcIoMa_IfAhj416MgDA62o6GsGfUlHHIOVOtm45jLTDfAYLV5DZb5oPxK7jsU-B9JGlMh2qR5Fg/ryM9qaG_HFP2HPjpczZHrxExm7B4l7G_d6lq9Ph9M-A),image.png (https://v5.airtableusercontent.com/v3/u/58/58/1791108000000/5VigpEgRO5W6gOa4w2B_Kg/V7DlBbxVmSeAhFkhujL4Mo6ozOGVDIjSxjiUxsZPAx89N-nz_qLuVWGp2X82o672KTvjJsK3RmHGhmLuvRqJQ5Coy7r5hnjGGH1ALwr88V1UKo3nvvWnLth7m3wMjBvSM8jHkv2PzpWSJnYCMBfDyQ/3mc1o8j7YSrM5CfDomUEaawEa_z3E4xbbfBbXlVQGCo),image.png (https://v5.airtableusercontent.com/v3/u/58/58/1791108000000/Ec5O3G5TF6iqdmkLEz4bZA/tcrgOSZaOZDaMrTBAwsohlFgm1iYcLctbPMr785SsBeV6BMGF3m_YpE4czp6iSs3aAdov0HwgUTjOqb96jVRv8DA30KW97mgfBFRafEJLd8biW6tYvE4FTbKd6P5CVvxKQFatN3vVL39b44H39irUA/X2eT8jzfdTdjDgzipRlqH5IWObe5rpIL2Ojpor1XlrE)",€36.00,Restauration,
3/19/2021,Strasbourg,WALTZ TRAITEUR CHEZ SOI,,Restauration,FRAIS DE REPAS DE TRAVAIL MME LA MAIRE,"image.png (https://v5.airtableusercontent.com/v3/u/58/58/1791108000000/U_DMwh3JM0LurOhgOYd_vQ/BYI18PddAMfLbXQuE6MQvL5cUQvdJkpHMxrL5eBo9WNkWtU6qbrBQMg6Plw_v-mjb5O3cVZbGd_AcIoMa_IfAhj416MgDA62o6GsGfUlHHIOVOtm45jLTDfAYLV5DZb5oPxK7jsU-B9JGlMh2qR5Fg/ryM9qaG_HFP2HPjpczZHrxExm7B4l7G_d6lq9Ph9M-A),image.png (https://v5.airtableusercontent.com/v3/u/58/58/1791108000000/5VigpEgRO5W6gOa4w2B_Kg/V7DlBbxVmSeAhFkhujL4Mo6ozOGVDIjSxjiUxsZPAx89N-nz_qLuVWGp2X82o672KTvjJsK3RmHGhmLuvRqJQ5Coy7r5hnjGGH1ALwr88V1UKo3nvvWnLth7m3wMjBvSM8jHkv2PzpWSJnYCMBfDyQ/3mc1o8j7YSrM5CfDomUEaawEa_z3E4xbbfBbXlVQGCo),image.png (https://v5.airtableusercontent.com/v3/u/58/58/1791108000000/Ec5O3G5TF6iqdmkLEz4bZA/tcrgOSZaOZDaMrTBAwsohlFgm1iYcLctbPMr785SsBeV6BMGF3m_YpE4czp6iSs3aAdov0HwgUTjOqb96jVRv8DA30KW97mgfBFRafEJLd8biW6tYvE4FTbKd6P5CVvxKQFatN3vVL39b44H39irUA/X2eT8jzfdTdjDgzipRlqH5IWObe5rpIL2Ojpor1XlrE)",€39.60,Restauration,
3/23/2021,Strasbourg,WALTZ TRAITEUR CHEZ SOI,,Restauration,FRAIS DE REPAS DE TRAVAIL MME LA MAIRE,"image.png (https://v5.airtableusercontent.com/v3/u/58/58/1791108000000/U_DMwh3JM0LurOhgOYd_vQ/BYI18PddAMfLbXQuE6MQvL5cUQvdJkpHMxrL5eBo9WNkWtU6qbrBQMg6Plw_v-mjb5O3cVZbGd_AcIoMa_IfAhj416MgDA62o6GsGfUlHHIOVOtm45jLTDfAYLV5DZb5oPxK7jsU-B9JGlMh2qR5Fg/ryM9qaG_HFP2HPjpczZHrxExm7B4l7G_d6lq9Ph9M-A),image.png (https://v5.airtableusercontent.com/v3/u/58/58/1791108000000/5VigpEgRO5W6gOa4w2B_Kg/V7DlBbxVmSeAhFkhujL4Mo6ozOGVDIjSxjiUxsZPAx89N-nz_qLuVWGp2X82o672KTvjJsK3RmHGhmLuvRqJQ5Coy7r5hnjGGH1ALwr88V1UKo3nvvWnLth7m3wMjBvSM8jHkv2PzpWSJnYCMBfDyQ/3mc1o8j7YSrM5CfDomUEaawEa_z3E4xbbfBbXlVQGCo),image.png (https://v5.airtableusercontent.com/v3/u/58/58/1791108000000/Ec5O3G5TF6iqdmkLEz4bZA/tcrgOSZaOZDaMrTBAwsohlFgm1iYcLctbPMr785SsBeV6BMGF3m_YpE4czp6iSs3aAdov0HwgUTjOqb96jVRv8DA30KW97mgfBFRafEJLd8biW6tYvE4FTbKd6P5CVvxKQFatN3vVL39b44H39irUA/X2eT8jzfdTdjDgzipRlqH5IWObe5rpIL2Ojpor1XlrE)",€39.60,Restauration,
3/25/2021,Strasbourg,WALTZ TRAITEUR CHEZ SOI,,Restauration,FRAIS DE REPAS DE TRAVAIL MME LA MAIRE,"image.png (https://v5.airtableusercontent.com/v3/u/58/58/1791108000000/U_DMwh3JM0LurOhgOYd_vQ/BYI18PddAMfLbXQuE6MQvL5cUQvdJkpHMxrL5eBo9WNkWtU6qbrBQMg6Plw_v-mjb5O3cVZbGd_AcIoMa_IfAhj416MgDA62o6GsGfUlHHIOVOtm45jLTDfAYLV5DZb5oPxK7jsU-B9JGlMh2qR5Fg/ryM9qaG_HFP2HPjpczZHrxExm7B4l7G_d6lq9Ph9M-A),image.png (https://v5.airtableusercontent.com/v3/u/58/58/1791108000000/5VigpEgRO5W6gOa4w2B_Kg/V7DlBbxVmSeAhFkhujL4Mo6ozOGVDIjSxjiUxsZPAx89N-nz_qLuVWGp2X82o672KTvjJsK3RmHGhmLuvRqJQ5Coy7r5hnjGGH1ALwr88V1UKo3nvvWnLth7m3wMjBvSM8jHkv2PzpWSJnYCMBfDyQ/3mc1o8j7YSrM5CfDomUEaawEa_z3E4xbbfBbXlVQGCo),image.png (https://v5.airtableusercontent.com/v3/u/58/58/1791108000000/Ec5O3G5TF6iqdmkLEz4bZA/tcrgOSZaOZDaMrTBAwsohlFgm1iYcLctbPMr785SsBeV6BMGF3m_YpE4czp6iSs3aAdov0HwgUTjOqb96jVRv8DA30KW97mgfBFRafEJLd8biW6tYvE4FTbKd6P5CVvxKQFatN3vVL39b44H39irUA/X2eT8jzfdTdjDgzipRlqH5IWObe5rpIL2Ojpor1XlrE)",€66.00,Restauration,
3/26/2021,Strasbourg,TRAITEUR PHILIPPE ROME,,Restauration,FRAIS DE REPAS DE TRAVAIL MME LA MAIRE,"image.png (https://v5.airtableusercontent.com/v3/u/58/58/1791108000000/U_DMwh3JM0LurOhgOYd_vQ/BYI18PddAMfLbXQuE6MQvL5cUQvdJkpHMxrL5eBo9WNkWtU6qbrBQMg6Plw_v-mjb5O3cVZbGd_AcIoMa_IfAhj416MgDA62o6GsGfUlHHIOVOtm45jLTDfAYLV5DZb5oPxK7jsU-B9JGlMh2qR5Fg/ryM9qaG_HFP2HPjpczZHrxExm7B4l7G_d6lq9Ph9M-A),image.png (https://v5.airtableusercontent.com/v3/u/58/58/1791108000000/5VigpEgRO5W6gOa4w2B_Kg/V7DlBbxVmSeAhFkhujL4Mo6ozOGVDIjSxjiUxsZPAx89N-nz_qLuVWGp2X82o672KTvjJsK3RmHGhmLuvRqJQ5Coy7r5hnjGGH1ALwr88V1UKo3nvvWnLth7m3wMjBvSM8jHkv2PzpWSJnYCMBfDyQ/3mc1o8j7YSrM5CfDomUEaawEa_z3E4xbbfBbXlVQGCo),image.png (https://v5.airtableusercontent.com/v3/u/58/58/1791108000000/Ec5O3G5TF6iqdmkLEz4bZA/tcrgOSZaOZDaMrTBAwsohlFgm1iYcLctbPMr785SsBeV6BMGF3m_YpE4czp6iSs3aAdov0HwgUTjOqb96jVRv8DA30KW97mgfBFRafEJLd8biW6tYvE4FTbKd6P5CVvxKQFatN3vVL39b44H39irUA/X2eT8jzfdTdjDgzipRlqH5IWObe5rpIL2Ojpor1XlrE)",€11.50,Restauration,
4/6/2021,Strasbourg,PATISSERIE ST NICOLAS,,Restauration,FRAIS DE REPAS DE TRAVAIL MME LA MAIRE,"image.png (https://v5.airtableusercontent.com/v3/u/58/58/1791108000000/U_DMwh3JM0LurOhgOYd_vQ/BYI18PddAMfLbXQuE6MQvL5cUQvdJkpHMxrL5eBo9WNkWtU6qbrBQMg6Plw_v-mjb5O3cVZbGd_AcIoMa_IfAhj416MgDA62o6GsGfUlHHIOVOtm45jLTDfAYLV5DZb5oPxK7jsU-B9JGlMh2qR5Fg/ryM9qaG_HFP2HPjpczZHrxExm7B4l7G_d6lq9Ph9M-A),image.png (https://v5.airtableusercontent.com/v3/u/58/58/1791108000000/5VigpEgRO5W6gOa4w2B_Kg/V7DlBbxVmSeAhFkhujL4Mo6ozOGVDIjSxjiUxsZPAx89N-nz_qLuVWGp2X82o672KTvjJsK3RmHGhmLuvRqJQ5Coy7r5hnjGGH1ALwr88V1UKo3nvvWnLth7m3wMjBvSM8jHkv2PzpWSJnYCMBfDyQ/3mc1o8j7YSrM5CfDomUEaawEa_z3E4xbbfBbXlVQGCo),image.png (https://v5.airtableusercontent.com/v3/u/58/58/1791108000000/Ec5O3G5TF6iqdmkLEz4bZA/tcrgOSZaOZDaMrTBAwsohlFgm1iYcLctbPMr785SsBeV6BMGF3m_YpE4czp6iSs3aAdov0HwgUTjOqb96jVRv8DA30KW97mgfBFRafEJLd8biW6tYvE4FTbKd6P5CVvxKQFatN3vVL39b44H39irUA/X2eT8jzfdTdjDgzipRlqH5IWObe5rpIL2Ojpor1XlrE)",€10.51,Restauration,
4/7/2021,Strasbourg,WALTZ TRAITEUR CHEZ SOI,,Restauration,FRAIS DE REPAS DE TRAVAIL MME LA MAIRE,"image.png (https://v5.airtableusercontent.com/v3/u/58/58/1791108000000/U_DMwh3JM0LurOhgOYd_vQ/BYI18PddAMfLbXQuE6MQvL5cUQvdJkpHMxrL5eBo9WNkWtU6qbrBQMg6Plw_v-mjb5O3cVZbGd_AcIoMa_IfAhj416MgDA62o6GsGfUlHHIOVOtm45jLTDfAYLV5DZb5oPxK7jsU-B9JGlMh2qR5Fg/ryM9qaG_HFP2HPjpczZHrxExm7B4l7G_d6lq9Ph9M-A),image.png (https://v5.airtableusercontent.com/v3/u/58/58/1791108000000/5VigpEgRO5W6gOa4w2B_Kg/V7DlBbxVmSeAhFkhujL4Mo6ozOGVDIjSxjiUxsZPAx89N-nz_qLuVWGp2X82o672KTvjJsK3RmHGhmLuvRqJQ5Coy7r5hnjGGH1ALwr88V1UKo3nvvWnLth7m3wMjBvSM8jHkv2PzpWSJnYCMBfDyQ/3mc1o8j7YSrM5CfDomUEaawEa_z3E4xbbfBbXlVQGCo),image.png (https://v5.airtableusercontent.com/v3/u/58/58/1791108000000/Ec5O3G5TF6iqdmkLEz4bZA/tcrgOSZaOZDaMrTBAwsohlFgm1iYcLctbPMr785SsBeV6BMGF3m_YpE4czp6iSs3aAdov0HwgUTjOqb96jVRv8DA30KW97mgfBFRafEJLd8biW6tYvE4FTbKd6P5CVvxKQFatN3vVL39b44H39irUA/X2eT8jzfdTdjDgzipRlqH5IWObe5rpIL2Ojpor1XlrE)",€52.80,Restauration,
4/1/2021,Strasbourg,WALTZ TRAITEUR CHEZ SOI,,Restauration,FRAIS DE REPAS DE TRAVAIL MME LA MAIRE,"image.png (https://v5.airtableusercontent.com/v3/u/58/58/1791108000000/U_DMwh3JM0LurOhgOYd_vQ/BYI18PddAMfLbXQuE6MQvL5cUQvdJkpHMxrL5eBo9WNkWtU6qbrBQMg6Plw_v-mjb5O3cVZbGd_AcIoMa_IfAhj416MgDA62o6GsGfUlHHIOVOtm45jLTDfAYLV5DZb5oPxK7jsU-B9JGlMh2qR5Fg/ryM9qaG_HFP2HPjpczZHrxExm7B4l7G_d6lq9Ph9M-A),image.png (https://v5.airtableusercontent.com/v3/u/58/58/1791108000000/5VigpEgRO5W6gOa4w2B_Kg/V7DlBbxVmSeAhFkhujL4Mo6ozOGVDIjSxjiUxsZPAx89N-nz_qLuVWGp2X82o672KTvjJsK3RmHGhmLuvRqJQ5Coy7r5hnjGGH1ALwr88V1UKo3nvvWnLth7m3wMjBvSM8jHkv2PzpWSJnYCMBfDyQ/3mc1o8j7YSrM5CfDomUEaawEa_z3E4xbbfBbXlVQGCo),image.png (https://v5.airtableusercontent.com/v3/u/58/58/1791108000000/Ec5O3G5TF6iqdmkLEz4bZA/tcrgOSZaOZDaMrTBAwsohlFgm1iYcLctbPMr785SsBeV6BMGF3m_YpE4czp6iSs3aAdov0HwgUTjOqb96jVRv8DA30KW97mgfBFRafEJLd8biW6tYvE4FTbKd6P5CVvxKQFatN3vVL39b44H39irUA/X2eT8jzfdTdjDgzipRlqH5IWObe5rpIL2Ojpor1XlrE)",€13.20,Restauration,
4/13/2021,Strasbourg,WALTZ TRAITEUR CHEZ SOI,,Restauration,FRAIS DE REPAS DE TRAVAIL MME LA MAIRE,"image.png (https://v5.airtableusercontent.com/v3/u/58/58/1791108000000/U_DMwh3JM0LurOhgOYd_vQ/BYI18PddAMfLbXQuE6MQvL5cUQvdJkpHMxrL5eBo9WNkWtU6qbrBQMg6Plw_v-mjb5O3cVZbGd_AcIoMa_IfAhj416MgDA62o6GsGfUlHHIOVOtm45jLTDfAYLV5DZb5oPxK7jsU-B9JGlMh2qR5Fg/ryM9qaG_HFP2HPjpczZHrxExm7B4l7G_d6lq9Ph9M-A),image.png (https://v5.airtableusercontent.com/v3/u/58/58/1791108000000/5VigpEgRO5W6gOa4w2B_Kg/V7DlBbxVmSeAhFkhujL4Mo6ozOGVDIjSxjiUxsZPAx89N-nz_qLuVWGp2X82o672KTvjJsK3RmHGhmLuvRqJQ5Coy7r5hnjGGH1ALwr88V1UKo3nvvWnLth7m3wMjBvSM8jHkv2PzpWSJnYCMBfDyQ/3mc1o8j7YSrM5CfDomUEaawEa_z3E4xbbfBbXlVQGCo),image.png (https://v5.airtableusercontent.com/v3/u/58/58/1791108000000/Ec5O3G5TF6iqdmkLEz4bZA/tcrgOSZaOZDaMrTBAwsohlFgm1iYcLctbPMr785SsBeV6BMGF3m_YpE4czp6iSs3aAdov0HwgUTjOqb96jVRv8DA30KW97mgfBFRafEJLd8biW6tYvE4FTbKd6P5CVvxKQFatN3vVL39b44H39irUA/X2eT8jzfdTdjDgzipRlqH5IWObe5rpIL2Ojpor1XlrE)",€26.40,Restauration,
4/12/2021,Strasbourg,TRAITEUR PHILIPPE ROME,,Restauration,FRAIS DE REPAS DE TRAVAIL MME LA MAIRE,"image.png (https://v5.airtableusercontent.com/v3/u/58/58/1791108000000/U_DMwh3JM0LurOhgOYd_vQ/BYI18PddAMfLbXQuE6MQvL5cUQvdJkpHMxrL5eBo9WNkWtU6qbrBQMg6Plw_v-mjb5O3cVZbGd_AcIoMa_IfAhj416MgDA62o6GsGfUlHHIOVOtm45jLTDfAYLV5DZb5oPxK7jsU-B9JGlMh2qR5Fg/ryM9qaG_HFP2HPjpczZHrxExm7B4l7G_d6lq9Ph9M-A),image.png (https://v5.airtableusercontent.com/v3/u/58/58/1791108000000/5VigpEgRO5W6gOa4w2B_Kg/V7DlBbxVmSeAhFkhujL4Mo6ozOGVDIjSxjiUxsZPAx89N-nz_qLuVWGp2X82o672KTvjJsK3RmHGhmLuvRqJQ5Coy7r5hnjGGH1ALwr88V1UKo3nvvWnLth7m3wMjBvSM8jHkv2PzpWSJnYCMBfDyQ/3mc1o8j7YSrM5CfDomUEaawEa_z3E4xbbfBbXlVQGCo),image.png (https://v5.airtableusercontent.com/v3/u/58/58/1791108000000/Ec5O3G5TF6iqdmkLEz4bZA/tcrgOSZaOZDaMrTBAwsohlFgm1iYcLctbPMr785SsBeV6BMGF3m_YpE4czp6iSs3aAdov0HwgUTjOqb96jVRv8DA30KW97mgfBFRafEJLd8biW6tYvE4FTbKd6P5CVvxKQFatN3vVL39b44H39irUA/X2eT8jzfdTdjDgzipRlqH5IWObe5rpIL2Ojpor1XlrE)",€45.98,Restauration,
4/9/2021,Strasbourg,WALTZ TRAITEUR CHEZ SOI,,Restauration,FRAIS DE REPAS DE TRAVAIL MME LA MAIRE,"image.png (https://v5.airtableusercontent.com/v3/u/58/58/1791108000000/U_DMwh3JM0LurOhgOYd_vQ/BYI18PddAMfLbXQuE6MQvL5cUQvdJkpHMxrL5eBo9WNkWtU6qbrBQMg6Plw_v-mjb5O3cVZbGd_AcIoMa_IfAhj416MgDA62o6GsGfUlHHIOVOtm45jLTDfAYLV5DZb5oPxK7jsU-B9JGlMh2qR5Fg/ryM9qaG_HFP2HPjpczZHrxExm7B4l7G_d6lq9Ph9M-A),image.png (https://v5.airtableusercontent.com/v3/u/58/58/1791108000000/5VigpEgRO5W6gOa4w2B_Kg/V7DlBbxVmSeAhFkhujL4Mo6ozOGVDIjSxjiUxsZPAx89N-nz_qLuVWGp2X82o672KTvjJsK3RmHGhmLuvRqJQ5Coy7r5hnjGGH1ALwr88V1UKo3nvvWnLth7m3wMjBvSM8jHkv2PzpWSJnYCMBfDyQ/3mc1o8j7YSrM5CfDomUEaawEa_z3E4xbbfBbXlVQGCo),image.png (https://v5.airtableusercontent.com/v3/u/58/58/1791108000000/Ec5O3G5TF6iqdmkLEz4bZA/tcrgOSZaOZDaMrTBAwsohlFgm1iYcLctbPMr785SsBeV6BMGF3m_YpE4czp6iSs3aAdov0HwgUTjOqb96jVRv8DA30KW97mgfBFRafEJLd8biW6tYvE4FTbKd6P5CVvxKQFatN3vVL39b44H39irUA/X2eT8jzfdTdjDgzipRlqH5IWObe5rpIL2Ojpor1XlrE)",€39.60,Restauration,
4/19/2021,Strasbourg,WALTZ TRAITEUR CHEZ SOI,,Restauration,FRAIS DE REPAS DE TRAVAIL MME LA MAIRE,"image.png (https://v5.airtableusercontent.com/v3/u/58/58/1791108000000/U_DMwh3JM0LurOhgOYd_vQ/BYI18PddAMfLbXQuE6MQvL5cUQvdJkpHMxrL5eBo9WNkWtU6qbrBQMg6Plw_v-mjb5O3cVZbGd_AcIoMa_IfAhj416MgDA62o6GsGfUlHHIOVOtm45jLTDfAYLV5DZb5oPxK7jsU-B9JGlMh2qR5Fg/ryM9qaG_HFP2HPjpczZHrxExm7B4l7G_d6lq9Ph9M-A),image.png (https://v5.airtableusercontent.com/v3/u/58/58/1791108000000/5VigpEgRO5W6gOa4w2B_Kg/V7DlBbxVmSeAhFkhujL4Mo6ozOGVDIjSxjiUxsZPAx89N-nz_qLuVWGp2X82o672KTvjJsK3RmHGhmLuvRqJQ5Coy7r5hnjGGH1ALwr88V1UKo3nvvWnLth7m3wMjBvSM8jHkv2PzpWSJnYCMBfDyQ/3mc1o8j7YSrM5CfDomUEaawEa_z3E4xbbfBbXlVQGCo),image.png (https://v5.airtableusercontent.com/v3/u/58/58/1791108000000/Ec5O3G5TF6iqdmkLEz4bZA/tcrgOSZaOZDaMrTBAwsohlFgm1iYcLctbPMr785SsBeV6BMGF3m_YpE4czp6iSs3aAdov0HwgUTjOqb96jVRv8DA30KW97mgfBFRafEJLd8biW6tYvE4FTbKd6P5CVvxKQFatN3vVL39b44H39irUA/X2eT8jzfdTdjDgzipRlqH5IWObe5rpIL2Ojpor1XlrE)",€26.40,Restauration,
4/8/2021,Strasbourg,TRAITEUR PHILIPPE ROME,,Restauration,FRAIS DE REPAS DE TRAVAIL MME LA MAIRE,"image.png (https://v5.airtableusercontent.com/v3/u/58/58/1791108000000/U_DMwh3JM0LurOhgOYd_vQ/BYI18PddAMfLbXQuE6MQvL5cUQvdJkpHMxrL5eBo9WNkWtU6qbrBQMg6Plw_v-mjb5O3cVZbGd_AcIoMa_IfAhj416MgDA62o6GsGfUlHHIOVOtm45jLTDfAYLV5DZb5oPxK7jsU-B9JGlMh2qR5Fg/ryM9qaG_HFP2HPjpczZHrxExm7B4l7G_d6lq9Ph9M-A),image.png (https://v5.airtableusercontent.com/v3/u/58/58/1791108000000/5VigpEgRO5W6gOa4w2B_Kg/V7DlBbxVmSeAhFkhujL4Mo6ozOGVDIjSxjiUxsZPAx89N-nz_qLuVWGp2X82o672KTvjJsK3RmHGhmLuvRqJQ5Coy7r5hnjGGH1ALwr88V1UKo3nvvWnLth7m3wMjBvSM8jHkv2PzpWSJnYCMBfDyQ/3mc1o8j7YSrM5CfDomUEaawEa_z3E4xbbfBbXlVQGCo),image.png (https://v5.airtableusercontent.com/v3/u/58/58/1791108000000/Ec5O3G5TF6iqdmkLEz4bZA/tcrgOSZaOZDaMrTBAwsohlFgm1iYcLctbPMr785SsBeV6BMGF3m_YpE4czp6iSs3aAdov0HwgUTjOqb96jVRv8DA30KW97mgfBFRafEJLd8biW6tYvE4FTbKd6P5CVvxKQFatN3vVL39b44H39irUA/X2eT8jzfdTdjDgzipRlqH5IWObe5rpIL2Ojpor1XlrE)",€34.48,Restauration,
4/20/2021,Strasbourg,TRAITEUR PHILIPPE ROME,,Restauration,FRAIS DE REPAS DE TRAVAIL MME LA MAIRE,"image.png (https://v5.airtableusercontent.com/v3/u/58/58/1791108000000/U_DMwh3JM0LurOhgOYd_vQ/BYI18PddAMfLbXQuE6MQvL5cUQvdJkpHMxrL5eBo9WNkWtU6qbrBQMg6Plw_v-mjb5O3cVZbGd_AcIoMa_IfAhj416MgDA62o6GsGfUlHHIOVOtm45jLTDfAYLV5DZb5oPxK7jsU-B9JGlMh2qR5Fg/ryM9qaG_HFP2HPjpczZHrxExm7B4l7G_d6lq9Ph9M-A),image.png (https://v5.airtableusercontent.com/v3/u/58/58/1791108000000/5VigpEgRO5W6gOa4w2B_Kg/V7DlBbxVmSeAhFkhujL4Mo6ozOGVDIjSxjiUxsZPAx89N-nz_qLuVWGp2X82o672KTvjJsK3RmHGhmLuvRqJQ5Coy7r5hnjGGH1ALwr88V1UKo3nvvWnLth7m3wMjBvSM8jHkv2PzpWSJnYCMBfDyQ/3mc1o8j7YSrM5CfDomUEaawEa_z3E4xbbfBbXlVQGCo),image.png (https://v5.airtableusercontent.com/v3/u/58/58/1791108000000/Ec5O3G5TF6iqdmkLEz4bZA/tcrgOSZaOZDaMrTBAwsohlFgm1iYcLctbPMr785SsBeV6BMGF3m_YpE4czp6iSs3aAdov0HwgUTjOqb96jVRv8DA30KW97mgfBFRafEJLd8biW6tYvE4FTbKd6P5CVvxKQFatN3vVL39b44H39irUA/X2eT8jzfdTdjDgzipRlqH5IWObe5rpIL2Ojpor1XlrE)",€22.99,Restauration,
3/2/2021,Strasbourg,API RESTAURATION,,Restauration,FRAIS DE REPAS DE TRAVAIL MME LA MAIRE,"image.png (https://v5.airtableusercontent.com/v3/u/58/58/1791108000000/U_DMwh3JM0LurOhgOYd_vQ/BYI18PddAMfLbXQuE6MQvL5cUQvdJkpHMxrL5eBo9WNkWtU6qbrBQMg6Plw_v-mjb5O3cVZbGd_AcIoMa_IfAhj416MgDA62o6GsGfUlHHIOVOtm45jLTDfAYLV5DZb5oPxK7jsU-B9JGlMh2qR5Fg/ryM9qaG_HFP2HPjpczZHrxExm7B4l7G_d6lq9Ph9M-A),image.png (https://v5.airtableusercontent.com/v3/u/58/58/1791108000000/5VigpEgRO5W6gOa4w2B_Kg/V7DlBbxVmSeAhFkhujL4Mo6ozOGVDIjSxjiUxsZPAx89N-nz_qLuVWGp2X82o672KTvjJsK3RmHGhmLuvRqJQ5Coy7r5hnjGGH1ALwr88V1UKo3nvvWnLth7m3wMjBvSM8jHkv2PzpWSJnYCMBfDyQ/3mc1o8j7YSrM5CfDomUEaawEa_z3E4xbbfBbXlVQGCo),image.png (https://v5.airtableusercontent.com/v3/u/58/58/1791108000000/Ec5O3G5TF6iqdmkLEz4bZA/tcrgOSZaOZDaMrTBAwsohlFgm1iYcLctbPMr785SsBeV6BMGF3m_YpE4czp6iSs3aAdov0HwgUTjOqb96jVRv8DA30KW97mgfBFRafEJLd8biW6tYvE4FTbKd6P5CVvxKQFatN3vVL39b44H39irUA/X2eT8jzfdTdjDgzipRlqH5IWObe5rpIL2Ojpor1XlrE)",€17.52,Restauration,
3/31/2021,Strasbourg,WALTZ TRAITEUR CHEZ SOI,,Restauration,FRAIS DE REPAS DE TRAVAIL MME LA MAIRE,"image.png (https://v5.airtableusercontent.com/v3/u/58/58/1791108000000/U_DMwh3JM0LurOhgOYd_vQ/BYI18PddAMfLbXQuE6MQvL5cUQvdJkpHMxrL5eBo9WNkWtU6qbrBQMg6Plw_v-mjb5O3cVZbGd_AcIoMa_IfAhj416MgDA62o6GsGfUlHHIOVOtm45jLTDfAYLV5DZb5oPxK7jsU-B9JGlMh2qR5Fg/ryM9qaG_HFP2HPjpczZHrxExm7B4l7G_d6lq9Ph9M-A),image.png (https://v5.airtableusercontent.com/v3/u/58/58/1791108000000/5VigpEgRO5W6gOa4w2B_Kg/V7DlBbxVmSeAhFkhujL4Mo6ozOGVDIjSxjiUxsZPAx89N-nz_qLuVWGp2X82o672KTvjJsK3RmHGhmLuvRqJQ5Coy7r5hnjGGH1ALwr88V1UKo3nvvWnLth7m3wMjBvSM8jHkv2PzpWSJnYCMBfDyQ/3mc1o8j7YSrM5CfDomUEaawEa_z3E4xbbfBbXlVQGCo),image.png (https://v5.airtableusercontent.com/v3/u/58/58/1791108000000/Ec5O3G5TF6iqdmkLEz4bZA/tcrgOSZaOZDaMrTBAwsohlFgm1iYcLctbPMr785SsBeV6BMGF3m_YpE4czp6iSs3aAdov0HwgUTjOqb96jVRv8DA30KW97mgfBFRafEJLd8biW6tYvE4FTbKd6P5CVvxKQFatN3vVL39b44H39irUA/X2eT8jzfdTdjDgzipRlqH5IWObe5rpIL2Ojpor1XlrE)",€26.40,Restauration,
4/22/2021,Strasbourg,WALTZ TRAITEUR CHEZ SOI,,Restauration,FRAIS DE REPAS DE TRAVAIL MME LA MAIRE,"image.png (https://v5.airtableusercontent.com/v3/u/58/58/1791108000000/U_DMwh3JM0LurOhgOYd_vQ/BYI18PddAMfLbXQuE6MQvL5cUQvdJkpHMxrL5eBo9WNkWtU6qbrBQMg6Plw_v-mjb5O3cVZbGd_AcIoMa_IfAhj416MgDA62o6GsGfUlHHIOVOtm45jLTDfAYLV5DZb5oPxK7jsU-B9JGlMh2qR5Fg/ryM9qaG_HFP2HPjpczZHrxExm7B4l7G_d6lq9Ph9M-A),image.png (https://v5.airtableusercontent.com/v3/u/58/58/1791108000000/5VigpEgRO5W6gOa4w2B_Kg/V7DlBbxVmSeAhFkhujL4Mo6ozOGVDIjSxjiUxsZPAx89N-nz_qLuVWGp2X82o672KTvjJsK3RmHGhmLuvRqJQ5Coy7r5hnjGGH1ALwr88V1UKo3nvvWnLth7m3wMjBvSM8jHkv2PzpWSJnYCMBfDyQ/3mc1o8j7YSrM5CfDomUEaawEa_z3E4xbbfBbXlVQGCo),image.png (https://v5.airtableusercontent.com/v3/u/58/58/1791108000000/Ec5O3G5TF6iqdmkLEz4bZA/tcrgOSZaOZDaMrTBAwsohlFgm1iYcLctbPMr785SsBeV6BMGF3m_YpE4czp6iSs3aAdov0HwgUTjOqb96jVRv8DA30KW97mgfBFRafEJLd8biW6tYvE4FTbKd6P5CVvxKQFatN3vVL39b44H39irUA/X2eT8jzfdTdjDgzipRlqH5IWObe5rpIL2Ojpor1XlrE)",€79.20,Restauration,
4/27/2021,Strasbourg,WALTZ TRAITEUR CHEZ SOI,,Restauration,FRAIS DE REPAS DE TRAVAIL MME LA MAIRE,"image.png (https://v5.airtableusercontent.com/v3/u/58/58/1791108000000/U_DMwh3JM0LurOhgOYd_vQ/BYI18PddAMfLbXQuE6MQvL5cUQvdJkpHMxrL5eBo9WNkWtU6qbrBQMg6Plw_v-mjb5O3cVZbGd_AcIoMa_IfAhj416MgDA62o6GsGfUlHHIOVOtm45jLTDfAYLV5DZb5oPxK7jsU-B9JGlMh2qR5Fg/ryM9qaG_HFP2HPjpczZHrxExm7B4l7G_d6lq9Ph9M-A),image.png (https://v5.airtableusercontent.com/v3/u/58/58/1791108000000/5VigpEgRO5W6gOa4w2B_Kg/V7DlBbxVmSeAhFkhujL4Mo6ozOGVDIjSxjiUxsZPAx89N-nz_qLuVWGp2X82o672KTvjJsK3RmHGhmLuvRqJQ5Coy7r5hnjGGH1ALwr88V1UKo3nvvWnLth7m3wMjBvSM8jHkv2PzpWSJnYCMBfDyQ/3mc1o8j7YSrM5CfDomUEaawEa_z3E4xbbfBbXlVQGCo),image.png (https://v5.airtableusercontent.com/v3/u/58/58/1791108000000/Ec5O3G5TF6iqdmkLEz4bZA/tcrgOSZaOZDaMrTBAwsohlFgm1iYcLctbPMr785SsBeV6BMGF3m_YpE4czp6iSs3aAdov0HwgUTjOqb96jVRv8DA30KW97mgfBFRafEJLd8biW6tYvE4FTbKd6P5CVvxKQFatN3vVL39b44H39irUA/X2eT8jzfdTdjDgzipRlqH5IWObe5rpIL2Ojpor1XlrE)",€39.60,Restauration,
4/23/2021,Strasbourg,WALTZ TRAITEUR CHEZ SOI,,Restauration,FRAIS DE REPAS DE TRAVAIL MME LA MAIRE,"image.png (https://v5.airtableusercontent.com/v3/u/58/58/1791108000000/U_DMwh3JM0LurOhgOYd_vQ/BYI18PddAMfLbXQuE6MQvL5cUQvdJkpHMxrL5eBo9WNkWtU6qbrBQMg6Plw_v-mjb5O3cVZbGd_AcIoMa_IfAhj416MgDA62o6GsGfUlHHIOVOtm45jLTDfAYLV5DZb5oPxK7jsU-B9JGlMh2qR5Fg/ryM9qaG_HFP2HPjpczZHrxExm7B4l7G_d6lq9Ph9M-A),image.png (https://v5.airtableusercontent.com/v3/u/58/58/1791108000000/5VigpEgRO5W6gOa4w2B_Kg/V7DlBbxVmSeAhFkhujL4Mo6ozOGVDIjSxjiUxsZPAx89N-nz_qLuVWGp2X82o672KTvjJsK3RmHGhmLuvRqJQ5Coy7r5hnjGGH1ALwr88V1UKo3nvvWnLth7m3wMjBvSM8jHkv2PzpWSJnYCMBfDyQ/3mc1o8j7YSrM5CfDomUEaawEa_z3E4xbbfBbXlVQGCo),image.png (https://v5.airtableusercontent.com/v3/u/58/58/1791108000000/Ec5O3G5TF6iqdmkLEz4bZA/tcrgOSZaOZDaMrTBAwsohlFgm1iYcLctbPMr785SsBeV6BMGF3m_YpE4czp6iSs3aAdov0HwgUTjOqb96jVRv8DA30KW97mgfBFRafEJLd8biW6tYvE4FTbKd6P5CVvxKQFatN3vVL39b44H39irUA/X2eT8jzfdTdjDgzipRlqH5IWObe5rpIL2Ojpor1XlrE)",€66.00,Restauration,
4/30/2021,Strasbourg,TRAITEUR PHILIPPE ROME,,Restauration,FRAIS DE REPAS DE TRAVAIL MME LA MAIRE,"image.png (https://v5.airtableusercontent.com/v3/u/58/58/1791108000000/U_DMwh3JM0LurOhgOYd_vQ/BYI18PddAMfLbXQuE6MQvL5cUQvdJkpHMxrL5eBo9WNkWtU6qbrBQMg6Plw_v-mjb5O3cVZbGd_AcIoMa_IfAhj416MgDA62o6GsGfUlHHIOVOtm45jLTDfAYLV5DZb5oPxK7jsU-B9JGlMh2qR5Fg/ryM9qaG_HFP2HPjpczZHrxExm7B4l7G_d6lq9Ph9M-A),image.png (https://v5.airtableusercontent.com/v3/u/58/58/1791108000000/5VigpEgRO5W6gOa4w2B_Kg/V7DlBbxVmSeAhFkhujL4Mo6ozOGVDIjSxjiUxsZPAx89N-nz_qLuVWGp2X82o672KTvjJsK3RmHGhmLuvRqJQ5Coy7r5hnjGGH1ALwr88V1UKo3nvvWnLth7m3wMjBvSM8jHkv2PzpWSJnYCMBfDyQ/3mc1o8j7YSrM5CfDomUEaawEa_z3E4xbbfBbXlVQGCo),image.png (https://v5.airtableusercontent.com/v3/u/58/58/1791108000000/Ec5O3G5TF6iqdmkLEz4bZA/tcrgOSZaOZDaMrTBAwsohlFgm1iYcLctbPMr785SsBeV6BMGF3m_YpE4czp6iSs3aAdov0HwgUTjOqb96jVRv8DA30KW97mgfBFRafEJLd8biW6tYvE4FTbKd6P5CVvxKQFatN3vVL39b44H39irUA/X2eT8jzfdTdjDgzipRlqH5IWObe5rpIL2Ojpor1XlrE)",€22.99,Restauration,
5/4/2021,Strasbourg,WALTZ TRAITEUR CHEZ SOI,,Restauration,FRAIS DE REPAS DE TRAVAIL MME LA MAIRE,"image.png (https://v5.airtableusercontent.com/v3/u/58/58/1791108000000/U_DMwh3JM0LurOhgOYd_vQ/BYI18PddAMfLbXQuE6MQvL5cUQvdJkpHMxrL5eBo9WNkWtU6qbrBQMg6Plw_v-mjb5O3cVZbGd_AcIoMa_IfAhj416MgDA62o6GsGfUlHHIOVOtm45jLTDfAYLV5DZb5oPxK7jsU-B9JGlMh2qR5Fg/ryM9qaG_HFP2HPjpczZHrxExm7B4l7G_d6lq9Ph9M-A),image.png (https://v5.airtableusercontent.com/v3/u/58/58/1791108000000/5VigpEgRO5W6gOa4w2B_Kg/V7DlBbxVmSeAhFkhujL4Mo6ozOGVDIjSxjiUxsZPAx89N-nz_qLuVWGp2X82o672KTvjJsK3RmHGhmLuvRqJQ5Coy7r5hnjGGH1ALwr88V1UKo3nvvWnLth7m3wMjBvSM8jHkv2PzpWSJnYCMBfDyQ/3mc1o8j7YSrM5CfDomUEaawEa_z3E4xbbfBbXlVQGCo),image.png (https://v5.airtableusercontent.com/v3/u/58/58/1791108000000/Ec5O3G5TF6iqdmkLEz4bZA/tcrgOSZaOZDaMrTBAwsohlFgm1iYcLctbPMr785SsBeV6BMGF3m_YpE4czp6iSs3aAdov0HwgUTjOqb96jVRv8DA30KW97mgfBFRafEJLd8biW6tYvE4FTbKd6P5CVvxKQFatN3vVL39b44H39irUA/X2eT8jzfdTdjDgzipRlqH5IWObe5rpIL2Ojpor1XlrE)",€52.80,Restauration,
5/10/2021,Strasbourg,TRAITEUR PHILIPPE ROME,,Restauration,FRAIS DE REPAS DE TRAVAIL MME LA MAIRE,"image.png (https://v5.airtableusercontent.com/v3/u/58/58/1791108000000/U_DMwh3JM0LurOhgOYd_vQ/BYI18PddAMfLbXQuE6MQvL5cUQvdJkpHMxrL5eBo9WNkWtU6qbrBQMg6Plw_v-mjb5O3cVZbGd_AcIoMa_IfAhj416MgDA62o6GsGfUlHHIOVOtm45jLTDfAYLV5DZb5oPxK7jsU-B9JGlMh2qR5Fg/ryM9qaG_HFP2HPjpczZHrxExm7B4l7G_d6lq9Ph9M-A),image.png (https://v5.airtableusercontent.com/v3/u/58/58/1791108000000/5VigpEgRO5W6gOa4w2B_Kg/V7DlBbxVmSeAhFkhujL4Mo6ozOGVDIjSxjiUxsZPAx89N-nz_qLuVWGp2X82o672KTvjJsK3RmHGhmLuvRqJQ5Coy7r5hnjGGH1ALwr88V1UKo3nvvWnLth7m3wMjBvSM8jHkv2PzpWSJnYCMBfDyQ/3mc1o8j7YSrM5CfDomUEaawEa_z3E4xbbfBbXlVQGCo),image.png (https://v5.airtableusercontent.com/v3/u/58/58/1791108000000/Ec5O3G5TF6iqdmkLEz4bZA/tcrgOSZaOZDaMrTBAwsohlFgm1iYcLctbPMr785SsBeV6BMGF3m_YpE4czp6iSs3aAdov0HwgUTjOqb96jVRv8DA30KW97mgfBFRafEJLd8biW6tYvE4FTbKd6P5CVvxKQFatN3vVL39b44H39irUA/X2eT8jzfdTdjDgzipRlqH5IWObe5rpIL2Ojpor1XlrE)",€34.48,Restauration,
4/26/2021,Strasbourg,PATISSERIE ST NICOLAS,,Restauration,FRAIS DE REPAS DE TRAVAIL MME LA MAIRE,"image.png (https://v5.airtableusercontent.com/v3/u/58/58/1791108000000/U_DMwh3JM0LurOhgOYd_vQ/BYI18PddAMfLbXQuE6MQvL5cUQvdJkpHMxrL5eBo9WNkWtU6qbrBQMg6Plw_v-mjb5O3cVZbGd_AcIoMa_IfAhj416MgDA62o6GsGfUlHHIOVOtm45jLTDfAYLV5DZb5oPxK7jsU-B9JGlMh2qR5Fg/ryM9qaG_HFP2HPjpczZHrxExm7B4l7G_d6lq9Ph9M-A),image.png (https://v5.airtableusercontent.com/v3/u/58/58/1791108000000/5VigpEgRO5W6gOa4w2B_Kg/V7DlBbxVmSeAhFkhujL4Mo6ozOGVDIjSxjiUxsZPAx89N-nz_qLuVWGp2X82o672KTvjJsK3RmHGhmLuvRqJQ5Coy7r5hnjGGH1ALwr88V1UKo3nvvWnLth7m3wMjBvSM8jHkv2PzpWSJnYCMBfDyQ/3mc1o8j7YSrM5CfDomUEaawEa_z3E4xbbfBbXlVQGCo),image.png (https://v5.airtableusercontent.com/v3/u/58/58/1791108000000/Ec5O3G5TF6iqdmkLEz4bZA/tcrgOSZaOZDaMrTBAwsohlFgm1iYcLctbPMr785SsBeV6BMGF3m_YpE4czp6iSs3aAdov0HwgUTjOqb96jVRv8DA30KW97mgfBFRafEJLd8biW6tYvE4FTbKd6P5CVvxKQFatN3vVL39b44H39irUA/X2eT8jzfdTdjDgzipRlqH5IWObe5rpIL2Ojpor1XlrE)",€84.04,Restauration,
5/12/2021,Strasbourg,WALTZ TRAITEUR CHEZ SOI,,Restauration,FRAIS DE REPAS DE TRAVAIL MME LA MAIRE,"image.png (https://v5.airtableusercontent.com/v3/u/58/58/1791108000000/U_DMwh3JM0LurOhgOYd_vQ/BYI18PddAMfLbXQuE6MQvL5cUQvdJkpHMxrL5eBo9WNkWtU6qbrBQMg6Plw_v-mjb5O3cVZbGd_AcIoMa_IfAhj416MgDA62o6GsGfUlHHIOVOtm45jLTDfAYLV5DZb5oPxK7jsU-B9JGlMh2qR5Fg/ryM9qaG_HFP2HPjpczZHrxExm7B4l7G_d6lq9Ph9M-A),image.png (https://v5.airtableusercontent.com/v3/u/58/58/1791108000000/5VigpEgRO5W6gOa4w2B_Kg/V7DlBbxVmSeAhFkhujL4Mo6ozOGVDIjSxjiUxsZPAx89N-nz_qLuVWGp2X82o672KTvjJsK3RmHGhmLuvRqJQ5Coy7r5hnjGGH1ALwr88V1UKo3nvvWnLth7m3wMjBvSM8jHkv2PzpWSJnYCMBfDyQ/3mc1o8j7YSrM5CfDomUEaawEa_z3E4xbbfBbXlVQGCo),image.png (https://v5.airtableusercontent.com/v3/u/58/58/1791108000000/Ec5O3G5TF6iqdmkLEz4bZA/tcrgOSZaOZDaMrTBAwsohlFgm1iYcLctbPMr785SsBeV6BMGF3m_YpE4czp6iSs3aAdov0HwgUTjOqb96jVRv8DA30KW97mgfBFRafEJLd8biW6tYvE4FTbKd6P5CVvxKQFatN3vVL39b44H39irUA/X2eT8jzfdTdjDgzipRlqH5IWObe5rpIL2Ojpor1XlrE)",€39.60,Restauration,
5/11/2021,Strasbourg,TRAITEUR PHILIPPE ROME,,Restauration,FRAIS DE REPAS DE TRAVAIL MME LA MAIRE,"image.png (https://v5.airtableusercontent.com/v3/u/58/58/1791108000000/U_DMwh3JM0LurOhgOYd_vQ/BYI18PddAMfLbXQuE6MQvL5cUQvdJkpHMxrL5eBo9WNkWtU6qbrBQMg6Plw_v-mjb5O3cVZbGd_AcIoMa_IfAhj416MgDA62o6GsGfUlHHIOVOtm45jLTDfAYLV5DZb5oPxK7jsU-B9JGlMh2qR5Fg/ryM9qaG_HFP2HPjpczZHrxExm7B4l7G_d6lq9Ph9M-A),image.png (https://v5.airtableusercontent.com/v3/u/58/58/1791108000000/5VigpEgRO5W6gOa4w2B_Kg/V7DlBbxVmSeAhFkhujL4Mo6ozOGVDIjSxjiUxsZPAx89N-nz_qLuVWGp2X82o672KTvjJsK3RmHGhmLuvRqJQ5Coy7r5hnjGGH1ALwr88V1UKo3nvvWnLth7m3wMjBvSM8jHkv2PzpWSJnYCMBfDyQ/3mc1o8j7YSrM5CfDomUEaawEa_z3E4xbbfBbXlVQGCo),image.png (https://v5.airtableusercontent.com/v3/u/58/58/1791108000000/Ec5O3G5TF6iqdmkLEz4bZA/tcrgOSZaOZDaMrTBAwsohlFgm1iYcLctbPMr785SsBeV6BMGF3m_YpE4czp6iSs3aAdov0HwgUTjOqb96jVRv8DA30KW97mgfBFRafEJLd8biW6tYvE4FTbKd6P5CVvxKQFatN3vVL39b44H39irUA/X2eT8jzfdTdjDgzipRlqH5IWObe5rpIL2Ojpor1XlrE)",€34.48,Restauration,
5/18/2021,Strasbourg,TRAITEUR PHILIPPE ROME,,Restauration,FRAIS DE REPAS DE TRAVAIL MME LA MAIRE,"image.png (https://v5.airtableusercontent.com/v3/u/58/58/1791108000000/U_DMwh3JM0LurOhgOYd_vQ/BYI18PddAMfLbXQuE6MQvL5cUQvdJkpHMxrL5eBo9WNkWtU6qbrBQMg6Plw_v-mjb5O3cVZbGd_AcIoMa_IfAhj416MgDA62o6GsGfUlHHIOVOtm45jLTDfAYLV5DZb5oPxK7jsU-B9JGlMh2qR5Fg/ryM9qaG_HFP2HPjpczZHrxExm7B4l7G_d6lq9Ph9M-A),image.png (https://v5.airtableusercontent.com/v3/u/58/58/1791108000000/5VigpEgRO5W6gOa4w2B_Kg/V7DlBbxVmSeAhFkhujL4Mo6ozOGVDIjSxjiUxsZPAx89N-nz_qLuVWGp2X82o672KTvjJsK3RmHGhmLuvRqJQ5Coy7r5hnjGGH1ALwr88V1UKo3nvvWnLth7m3wMjBvSM8jHkv2PzpWSJnYCMBfDyQ/3mc1o8j7YSrM5CfDomUEaawEa_z3E4xbbfBbXlVQGCo),image.png (https://v5.airtableusercontent.com/v3/u/58/58/1791108000000/Ec5O3G5TF6iqdmkLEz4bZA/tcrgOSZaOZDaMrTBAwsohlFgm1iYcLctbPMr785SsBeV6BMGF3m_YpE4czp6iSs3aAdov0HwgUTjOqb96jVRv8DA30KW97mgfBFRafEJLd8biW6tYvE4FTbKd6P5CVvxKQFatN3vVL39b44H39irUA/X2eT8jzfdTdjDgzipRlqH5IWObe5rpIL2Ojpor1XlrE)",€34.48,Restauration,
5/19/2021,Strasbourg,TRAITEUR PHILIPPE ROME,,Restauration,FRAIS DE REPAS DE TRAVAIL MME LA MAIRE,"image.png (https://v5.airtableusercontent.com/v3/u/58/58/1791108000000/U_DMwh3JM0LurOhgOYd_vQ/BYI18PddAMfLbXQuE6MQvL5cUQvdJkpHMxrL5eBo9WNkWtU6qbrBQMg6Plw_v-mjb5O3cVZbGd_AcIoMa_IfAhj416MgDA62o6GsGfUlHHIOVOtm45jLTDfAYLV5DZb5oPxK7jsU-B9JGlMh2qR5Fg/ryM9qaG_HFP2HPjpczZHrxExm7B4l7G_d6lq9Ph9M-A),image.png (https://v5.airtableusercontent.com/v3/u/58/58/1791108000000/5VigpEgRO5W6gOa4w2B_Kg/V7DlBbxVmSeAhFkhujL4Mo6ozOGVDIjSxjiUxsZPAx89N-nz_qLuVWGp2X82o672KTvjJsK3RmHGhmLuvRqJQ5Coy7r5hnjGGH1ALwr88V1UKo3nvvWnLth7m3wMjBvSM8jHkv2PzpWSJnYCMBfDyQ/3mc1o8j7YSrM5CfDomUEaawEa_z3E4xbbfBbXlVQGCo),image.png (https://v5.airtableusercontent.com/v3/u/58/58/1791108000000/Ec5O3G5TF6iqdmkLEz4bZA/tcrgOSZaOZDaMrTBAwsohlFgm1iYcLctbPMr785SsBeV6BMGF3m_YpE4czp6iSs3aAdov0HwgUTjOqb96jVRv8DA30KW97mgfBFRafEJLd8biW6tYvE4FTbKd6P5CVvxKQFatN3vVL39b44H39irUA/X2eT8jzfdTdjDgzipRlqH5IWObe5rpIL2Ojpor1XlrE)",€34.48,Restauration,
5/17/2021,Strasbourg,TRAITEUR PHILIPPE ROME,,Restauration,FRAIS DE REPAS DE TRAVAIL MME LA MAIRE,"image.png (https://v5.airtableusercontent.com/v3/u/58/58/1791108000000/U_DMwh3JM0LurOhgOYd_vQ/BYI18PddAMfLbXQuE6MQvL5cUQvdJkpHMxrL5eBo9WNkWtU6qbrBQMg6Plw_v-mjb5O3cVZbGd_AcIoMa_IfAhj416MgDA62o6GsGfUlHHIOVOtm45jLTDfAYLV5DZb5oPxK7jsU-B9JGlMh2qR5Fg/ryM9qaG_HFP2HPjpczZHrxExm7B4l7G_d6lq9Ph9M-A),image.png (https://v5.airtableusercontent.com/v3/u/58/58/1791108000000/5VigpEgRO5W6gOa4w2B_Kg/V7DlBbxVmSeAhFkhujL4Mo6ozOGVDIjSxjiUxsZPAx89N-nz_qLuVWGp2X82o672KTvjJsK3RmHGhmLuvRqJQ5Coy7r5hnjGGH1ALwr88V1UKo3nvvWnLth7m3wMjBvSM8jHkv2PzpWSJnYCMBfDyQ/3mc1o8j7YSrM5CfDomUEaawEa_z3E4xbbfBbXlVQGCo),image.png (https://v5.airtableusercontent.com/v3/u/58/58/1791108000000/Ec5O3G5TF6iqdmkLEz4bZA/tcrgOSZaOZDaMrTBAwsohlFgm1iYcLctbPMr785SsBeV6BMGF3m_YpE4czp6iSs3aAdov0HwgUTjOqb96jVRv8DA30KW97mgfBFRafEJLd8biW6tYvE4FTbKd6P5CVvxKQFatN3vVL39b44H39irUA/X2eT8jzfdTdjDgzipRlqH5IWObe5rpIL2Ojpor1XlrE)",€11.50,Restauration,
5/20/2021,Strasbourg,PECHEUR 2000 SARL,,Restauration,FRAIS DE REPAS DE TRAVAIL MME LA MAIRE,"image.png (https://v5.airtableusercontent.com/v3/u/58/58/1791108000000/U_DMwh3JM0LurOhgOYd_vQ/BYI18PddAMfLbXQuE6MQvL5cUQvdJkpHMxrL5eBo9WNkWtU6qbrBQMg6Plw_v-mjb5O3cVZbGd_AcIoMa_IfAhj416MgDA62o6GsGfUlHHIOVOtm45jLTDfAYLV5DZb5oPxK7jsU-B9JGlMh2qR5Fg/ryM9qaG_HFP2HPjpczZHrxExm7B4l7G_d6lq9Ph9M-A),image.png (https://v5.airtableusercontent.com/v3/u/58/58/1791108000000/5VigpEgRO5W6gOa4w2B_Kg/V7DlBbxVmSeAhFkhujL4Mo6ozOGVDIjSxjiUxsZPAx89N-nz_qLuVWGp2X82o672KTvjJsK3RmHGhmLuvRqJQ5Coy7r5hnjGGH1ALwr88V1UKo3nvvWnLth7m3wMjBvSM8jHkv2PzpWSJnYCMBfDyQ/3mc1o8j7YSrM5CfDomUEaawEa_z3E4xbbfBbXlVQGCo),image.png (https://v5.airtableusercontent.com/v3/u/58/58/1791108000000/Ec5O3G5TF6iqdmkLEz4bZA/tcrgOSZaOZDaMrTBAwsohlFgm1iYcLctbPMr785SsBeV6BMGF3m_YpE4czp6iSs3aAdov0HwgUTjOqb96jVRv8DA30KW97mgfBFRafEJLd8biW6tYvE4FTbKd6P5CVvxKQFatN3vVL39b44H39irUA/X2eT8jzfdTdjDgzipRlqH5IWObe5rpIL2Ojpor1XlrE)",€204.81,Restauration,
12/2/2020,Strasbourg,API RESTAURATION,,Restauration,FRAIS DE REPAS DE TRAVAIL MME LA MAIRE,"image.png (https://v5.airtableusercontent.com/v3/u/58/58/1791108000000/U_DMwh3JM0LurOhgOYd_vQ/BYI18PddAMfLbXQuE6MQvL5cUQvdJkpHMxrL5eBo9WNkWtU6qbrBQMg6Plw_v-mjb5O3cVZbGd_AcIoMa_IfAhj416MgDA62o6GsGfUlHHIOVOtm45jLTDfAYLV5DZb5oPxK7jsU-B9JGlMh2qR5Fg/ryM9qaG_HFP2HPjpczZHrxExm7B4l7G_d6lq9Ph9M-A),image.png (https://v5.airtableusercontent.com/v3/u/58/58/1791108000000/5VigpEgRO5W6gOa4w2B_Kg/V7DlBbxVmSeAhFkhujL4Mo6ozOGVDIjSxjiUxsZPAx89N-nz_qLuVWGp2X82o672KTvjJsK3RmHGhmLuvRqJQ5Coy7r5hnjGGH1ALwr88V1UKo3nvvWnLth7m3wMjBvSM8jHkv2PzpWSJnYCMBfDyQ/3mc1o8j7YSrM5CfDomUEaawEa_z3E4xbbfBbXlVQGCo),image.png (https://v5.airtableusercontent.com/v3/u/58/58/1791108000000/Ec5O3G5TF6iqdmkLEz4bZA/tcrgOSZaOZDaMrTBAwsohlFgm1iYcLctbPMr785SsBeV6BMGF3m_YpE4czp6iSs3aAdov0HwgUTjOqb96jVRv8DA30KW97mgfBFRafEJLd8biW6tYvE4FTbKd6P5CVvxKQFatN3vVL39b44H39irUA/X2eT8jzfdTdjDgzipRlqH5IWObe5rpIL2Ojpor1XlrE)",€59.99,Restauration,
2/1/2021,Strasbourg,API RESTAURATION,,Restauration,FRAIS DE REPAS DE TRAVAIL MME LA MAIRE,"image.png (https://v5.airtableusercontent.com/v3/u/58/58/1791108000000/U_DMwh3JM0LurOhgOYd_vQ/BYI18PddAMfLbXQuE6MQvL5cUQvdJkpHMxrL5eBo9WNkWtU6qbrBQMg6Plw_v-mjb5O3cVZbGd_AcIoMa_IfAhj416MgDA62o6GsGfUlHHIOVOtm45jLTDfAYLV5DZb5oPxK7jsU-B9JGlMh2qR5Fg/ryM9qaG_HFP2HPjpczZHrxExm7B4l7G_d6lq9Ph9M-A),image.png (https://v5.airtableusercontent.com/v3/u/58/58/1791108000000/5VigpEgRO5W6gOa4w2B_Kg/V7DlBbxVmSeAhFkhujL4Mo6ozOGVDIjSxjiUxsZPAx89N-nz_qLuVWGp2X82o672KTvjJsK3RmHGhmLuvRqJQ5Coy7r5hnjGGH1ALwr88V1UKo3nvvWnLth7m3wMjBvSM8jHkv2PzpWSJnYCMBfDyQ/3mc1o8j7YSrM5CfDomUEaawEa_z3E4xbbfBbXlVQGCo),image.png (https://v5.airtableusercontent.com/v3/u/58/58/1791108000000/Ec5O3G5TF6iqdmkLEz4bZA/tcrgOSZaOZDaMrTBAwsohlFgm1iYcLctbPMr785SsBeV6BMGF3m_YpE4czp6iSs3aAdov0HwgUTjOqb96jVRv8DA30KW97mgfBFRafEJLd8biW6tYvE4FTbKd6P5CVvxKQFatN3vVL39b44H39irUA/X2eT8jzfdTdjDgzipRlqH5IWObe5rpIL2Ojpor1XlrE)",€17.09,Restauration,
4/1/2021,Strasbourg,API RESTAURATION,,Restauration,FRAIS DE REPAS DE TRAVAIL MME LA MAIRE,"image.png (https://v5.airtableusercontent.com/v3/u/58/58/1791108000000/U_DMwh3JM0LurOhgOYd_vQ/BYI18PddAMfLbXQuE6MQvL5cUQvdJkpHMxrL5eBo9WNkWtU6qbrBQMg6Plw_v-mjb5O3cVZbGd_AcIoMa_IfAhj416MgDA62o6GsGfUlHHIOVOtm45jLTDfAYLV5DZb5oPxK7jsU-B9JGlMh2qR5Fg/ryM9qaG_HFP2HPjpczZHrxExm7B4l7G_d6lq9Ph9M-A),image.png (https://v5.airtableusercontent.com/v3/u/58/58/1791108000000/5VigpEgRO5W6gOa4w2B_Kg/V7DlBbxVmSeAhFkhujL4Mo6ozOGVDIjSxjiUxsZPAx89N-nz_qLuVWGp2X82o672KTvjJsK3RmHGhmLuvRqJQ5Coy7r5hnjGGH1ALwr88V1UKo3nvvWnLth7m3wMjBvSM8jHkv2PzpWSJnYCMBfDyQ/3mc1o8j7YSrM5CfDomUEaawEa_z3E4xbbfBbXlVQGCo),image.png (https://v5.airtableusercontent.com/v3/u/58/58/1791108000000/Ec5O3G5TF6iqdmkLEz4bZA/tcrgOSZaOZDaMrTBAwsohlFgm1iYcLctbPMr785SsBeV6BMGF3m_YpE4czp6iSs3aAdov0HwgUTjOqb96jVRv8DA30KW97mgfBFRafEJLd8biW6tYvE4FTbKd6P5CVvxKQFatN3vVL39b44H39irUA/X2eT8jzfdTdjDgzipRlqH5IWObe5rpIL2Ojpor1XlrE)",€48.55,Restauration,
5/25/2021,Strasbourg,TRAITEUR PHILIPPE ROME,,Restauration,FRAIS DE REPAS DE TRAVAIL MME LA MAIRE,"image.png (https://v5.airtableusercontent.com/v3/u/58/58/1791108000000/U_DMwh3JM0LurOhgOYd_vQ/BYI18PddAMfLbXQuE6MQvL5cUQvdJkpHMxrL5eBo9WNkWtU6qbrBQMg6Plw_v-mjb5O3cVZbGd_AcIoMa_IfAhj416MgDA62o6GsGfUlHHIOVOtm45jLTDfAYLV5DZb5oPxK7jsU-B9JGlMh2qR5Fg/ryM9qaG_HFP2HPjpczZHrxExm7B4l7G_d6lq9Ph9M-A),image.png (https://v5.airtableusercontent.com/v3/u/58/58/1791108000000/5VigpEgRO5W6gOa4w2B_Kg/V7DlBbxVmSeAhFkhujL4Mo6ozOGVDIjSxjiUxsZPAx89N-nz_qLuVWGp2X82o672KTvjJsK3RmHGhmLuvRqJQ5Coy7r5hnjGGH1ALwr88V1UKo3nvvWnLth7m3wMjBvSM8jHkv2PzpWSJnYCMBfDyQ/3mc1o8j7YSrM5CfDomUEaawEa_z3E4xbbfBbXlVQGCo),image.png (https://v5.airtableusercontent.com/v3/u/58/58/1791108000000/Ec5O3G5TF6iqdmkLEz4bZA/tcrgOSZaOZDaMrTBAwsohlFgm1iYcLctbPMr785SsBeV6BMGF3m_YpE4czp6iSs3aAdov0HwgUTjOqb96jVRv8DA30KW97mgfBFRafEJLd8biW6tYvE4FTbKd6P5CVvxKQFatN3vVL39b44H39irUA/X2eT8jzfdTdjDgzipRlqH5IWObe5rpIL2Ojpor1XlrE)",€45.98,Restauration,
5/28/2021,Strasbourg,TRAITEUR PHILIPPE ROME,,Restauration,FRAIS DE REPAS DE TRAVAIL MME LA MAIRE,"image.png (https://v5.airtableusercontent.com/v3/u/58/58/1791108000000/U_DMwh3JM0LurOhgOYd_vQ/BYI18PddAMfLbXQuE6MQvL5cUQvdJkpHMxrL5eBo9WNkWtU6qbrBQMg6Plw_v-mjb5O3cVZbGd_AcIoMa_IfAhj416MgDA62o6GsGfUlHHIOVOtm45jLTDfAYLV5DZb5oPxK7jsU-B9JGlMh2qR5Fg/ryM9qaG_HFP2HPjpczZHrxExm7B4l7G_d6lq9Ph9M-A),image.png (https://v5.airtableusercontent.com/v3/u/58/58/1791108000000/5VigpEgRO5W6gOa4w2B_Kg/V7DlBbxVmSeAhFkhujL4Mo6ozOGVDIjSxjiUxsZPAx89N-nz_qLuVWGp2X82o672KTvjJsK3RmHGhmLuvRqJQ5Coy7r5hnjGGH1ALwr88V1UKo3nvvWnLth7m3wMjBvSM8jHkv2PzpWSJnYCMBfDyQ/3mc1o8j7YSrM5CfDomUEaawEa_z3E4xbbfBbXlVQGCo),image.png (https://v5.airtableusercontent.com/v3/u/58/58/1791108000000/Ec5O3G5TF6iqdmkLEz4bZA/tcrgOSZaOZDaMrTBAwsohlFgm1iYcLctbPMr785SsBeV6BMGF3m_YpE4czp6iSs3aAdov0HwgUTjOqb96jVRv8DA30KW97mgfBFRafEJLd8biW6tYvE4FTbKd6P5CVvxKQFatN3vVL39b44H39irUA/X2eT8jzfdTdjDgzipRlqH5IWObe5rpIL2Ojpor1XlrE)",€114.95,Restauration,
6/2/2021,Strasbourg,TRAITEUR PHILIPPE ROME,,Restauration,FRAIS DE REPAS DE TRAVAIL MME LA MAIRE,"image.png (https://v5.airtableusercontent.com/v3/u/58/58/1791108000000/U_DMwh3JM0LurOhgOYd_vQ/BYI18PddAMfLbXQuE6MQvL5cUQvdJkpHMxrL5eBo9WNkWtU6qbrBQMg6Plw_v-mjb5O3cVZbGd_AcIoMa_IfAhj416MgDA62o6GsGfUlHHIOVOtm45jLTDfAYLV5DZb5oPxK7jsU-B9JGlMh2qR5Fg/ryM9qaG_HFP2HPjpczZHrxExm7B4l7G_d6lq9Ph9M-A),image.png (https://v5.airtableusercontent.com/v3/u/58/58/1791108000000/5VigpEgRO5W6gOa4w2B_Kg/V7DlBbxVmSeAhFkhujL4Mo6ozOGVDIjSxjiUxsZPAx89N-nz_qLuVWGp2X82o672KTvjJsK3RmHGhmLuvRqJQ5Coy7r5hnjGGH1ALwr88V1UKo3nvvWnLth7m3wMjBvSM8jHkv2PzpWSJnYCMBfDyQ/3mc1o8j7YSrM5CfDomUEaawEa_z3E4xbbfBbXlVQGCo),image.png (https://v5.airtableusercontent.com/v3/u/58/58/1791108000000/Ec5O3G5TF6iqdmkLEz4bZA/tcrgOSZaOZDaMrTBAwsohlFgm1iYcLctbPMr785SsBeV6BMGF3m_YpE4czp6iSs3aAdov0HwgUTjOqb96jVRv8DA30KW97mgfBFRafEJLd8biW6tYvE4FTbKd6P5CVvxKQFatN3vVL39b44H39irUA/X2eT8jzfdTdjDgzipRlqH5IWObe5rpIL2Ojpor1XlrE)",€59.95,Restauration,
6/8/2021,Strasbourg,SODEXO SPORTS ET LOISIRS,,Restauration,FRAIS DE REPAS DE TRAVAIL MME LA MAIRE,"image.png (https://v5.airtableusercontent.com/v3/u/58/58/1791108000000/U_DMwh3JM0LurOhgOYd_vQ/BYI18PddAMfLbXQuE6MQvL5cUQvdJkpHMxrL5eBo9WNkWtU6qbrBQMg6Plw_v-mjb5O3cVZbGd_AcIoMa_IfAhj416MgDA62o6GsGfUlHHIOVOtm45jLTDfAYLV5DZb5oPxK7jsU-B9JGlMh2qR5Fg/ryM9qaG_HFP2HPjpczZHrxExm7B4l7G_d6lq9Ph9M-A),image.png (https://v5.airtableusercontent.com/v3/u/58/58/1791108000000/5VigpEgRO5W6gOa4w2B_Kg/V7DlBbxVmSeAhFkhujL4Mo6ozOGVDIjSxjiUxsZPAx89N-nz_qLuVWGp2X82o672KTvjJsK3RmHGhmLuvRqJQ5Coy7r5hnjGGH1ALwr88V1UKo3nvvWnLth7m3wMjBvSM8jHkv2PzpWSJnYCMBfDyQ/3mc1o8j7YSrM5CfDomUEaawEa_z3E4xbbfBbXlVQGCo),image.png (https://v5.airtableusercontent.com/v3/u/58/58/1791108000000/Ec5O3G5TF6iqdmkLEz4bZA/tcrgOSZaOZDaMrTBAwsohlFgm1iYcLctbPMr785SsBeV6BMGF3m_YpE4czp6iSs3aAdov0HwgUTjOqb96jVRv8DA30KW97mgfBFRafEJLd8biW6tYvE4FTbKd6P5CVvxKQFatN3vVL39b44H39irUA/X2eT8jzfdTdjDgzipRlqH5IWObe5rpIL2Ojpor1XlrE)",€307.00,Restauration,
6/10/2021,Strasbourg,TRAITEUR PHILIPPE ROME,,Restauration,FRAIS DE REPAS DE TRAVAIL MME LA MAIRE,"image.png (https://v5.airtableusercontent.com/v3/u/58/58/1791108000000/U_DMwh3JM0LurOhgOYd_vQ/BYI18PddAMfLbXQuE6MQvL5cUQvdJkpHMxrL5eBo9WNkWtU6qbrBQMg6Plw_v-mjb5O3cVZbGd_AcIoMa_IfAhj416MgDA62o6GsGfUlHHIOVOtm45jLTDfAYLV5DZb5oPxK7jsU-B9JGlMh2qR5Fg/ryM9qaG_HFP2HPjpczZHrxExm7B4l7G_d6lq9Ph9M-A),image.png (https://v5.airtableusercontent.com/v3/u/58/58/1791108000000/5VigpEgRO5W6gOa4w2B_Kg/V7DlBbxVmSeAhFkhujL4Mo6ozOGVDIjSxjiUxsZPAx89N-nz_qLuVWGp2X82o672KTvjJsK3RmHGhmLuvRqJQ5Coy7r5hnjGGH1ALwr88V1UKo3nvvWnLth7m3wMjBvSM8jHkv2PzpWSJnYCMBfDyQ/3mc1o8j7YSrM5CfDomUEaawEa_z3E4xbbfBbXlVQGCo),image.png (https://v5.airtableusercontent.com/v3/u/58/58/1791108000000/Ec5O3G5TF6iqdmkLEz4bZA/tcrgOSZaOZDaMrTBAwsohlFgm1iYcLctbPMr785SsBeV6BMGF3m_YpE4czp6iSs3aAdov0HwgUTjOqb96jVRv8DA30KW97mgfBFRafEJLd8biW6tYvE4FTbKd6P5CVvxKQFatN3vVL39b44H39irUA/X2eT8jzfdTdjDgzipRlqH5IWObe5rpIL2Ojpor1XlrE)",€45.98,Restauration,
5/5/2021,Strasbourg,API RESTAURATION,,Restauration,FRAIS DE REPAS DE TRAVAIL MME LA MAIRE,"image.png (https://v5.airtableusercontent.com/v3/u/58/58/1791108000000/U_DMwh3JM0LurOhgOYd_vQ/BYI18PddAMfLbXQuE6MQvL5cUQvdJkpHMxrL5eBo9WNkWtU6qbrBQMg6Plw_v-mjb5O3cVZbGd_AcIoMa_IfAhj416MgDA62o6GsGfUlHHIOVOtm45jLTDfAYLV5DZb5oPxK7jsU-B9JGlMh2qR5Fg/ryM9qaG_HFP2HPjpczZHrxExm7B4l7G_d6lq9Ph9M-A),image.png (https://v5.airtableusercontent.com/v3/u/58/58/1791108000000/5VigpEgRO5W6gOa4w2B_Kg/V7DlBbxVmSeAhFkhujL4Mo6ozOGVDIjSxjiUxsZPAx89N-nz_qLuVWGp2X82o672KTvjJsK3RmHGhmLuvRqJQ5Coy7r5hnjGGH1ALwr88V1UKo3nvvWnLth7m3wMjBvSM8jHkv2PzpWSJnYCMBfDyQ/3mc1o8j7YSrM5CfDomUEaawEa_z3E4xbbfBbXlVQGCo),image.png (https://v5.airtableusercontent.com/v3/u/58/58/1791108000000/Ec5O3G5TF6iqdmkLEz4bZA/tcrgOSZaOZDaMrTBAwsohlFgm1iYcLctbPMr785SsBeV6BMGF3m_YpE4czp6iSs3aAdov0HwgUTjOqb96jVRv8DA30KW97mgfBFRafEJLd8biW6tYvE4FTbKd6P5CVvxKQFatN3vVL39b44H39irUA/X2eT8jzfdTdjDgzipRlqH5IWObe5rpIL2Ojpor1XlrE)",€10.31,Restauration,
6/18/2021,Strasbourg,WALTZ TRAITEUR CHEZ SOI,,Restauration,FRAIS DE REPAS DE TRAVAIL MME LA MAIRE,"image.png (https://v5.airtableusercontent.com/v3/u/58/58/1791108000000/U_DMwh3JM0LurOhgOYd_vQ/BYI18PddAMfLbXQuE6MQvL5cUQvdJkpHMxrL5eBo9WNkWtU6qbrBQMg6Plw_v-mjb5O3cVZbGd_AcIoMa_IfAhj416MgDA62o6GsGfUlHHIOVOtm45jLTDfAYLV5DZb5oPxK7jsU-B9JGlMh2qR5Fg/ryM9qaG_HFP2HPjpczZHrxExm7B4l7G_d6lq9Ph9M-A),image.png (https://v5.airtableusercontent.com/v3/u/58/58/1791108000000/5VigpEgRO5W6gOa4w2B_Kg/V7DlBbxVmSeAhFkhujL4Mo6ozOGVDIjSxjiUxsZPAx89N-nz_qLuVWGp2X82o672KTvjJsK3RmHGhmLuvRqJQ5Coy7r5hnjGGH1ALwr88V1UKo3nvvWnLth7m3wMjBvSM8jHkv2PzpWSJnYCMBfDyQ/3mc1o8j7YSrM5CfDomUEaawEa_z3E4xbbfBbXlVQGCo),image.png (https://v5.airtableusercontent.com/v3/u/58/58/1791108000000/Ec5O3G5TF6iqdmkLEz4bZA/tcrgOSZaOZDaMrTBAwsohlFgm1iYcLctbPMr785SsBeV6BMGF3m_YpE4czp6iSs3aAdov0HwgUTjOqb96jVRv8DA30KW97mgfBFRafEJLd8biW6tYvE4FTbKd6P5CVvxKQFatN3vVL39b44H39irUA/X2eT8jzfdTdjDgzipRlqH5IWObe5rpIL2Ojpor1XlrE)",€554.40,Restauration,
6/18/2021,Strasbourg,WALTZ TRAITEUR CHEZ SOI,,Restauration,FRAIS DE REPAS DE TRAVAIL MME LA MAIRE,"image.png (https://v5.airtableusercontent.com/v3/u/58/58/1791108000000/U_DMwh3JM0LurOhgOYd_vQ/BYI18PddAMfLbXQuE6MQvL5cUQvdJkpHMxrL5eBo9WNkWtU6qbrBQMg6Plw_v-mjb5O3cVZbGd_AcIoMa_IfAhj416MgDA62o6GsGfUlHHIOVOtm45jLTDfAYLV5DZb5oPxK7jsU-B9JGlMh2qR5Fg/ryM9qaG_HFP2HPjpczZHrxExm7B4l7G_d6lq9Ph9M-A),image.png (https://v5.airtableusercontent.com/v3/u/58/58/1791108000000/5VigpEgRO5W6gOa4w2B_Kg/V7DlBbxVmSeAhFkhujL4Mo6ozOGVDIjSxjiUxsZPAx89N-nz_qLuVWGp2X82o672KTvjJsK3RmHGhmLuvRqJQ5Coy7r5hnjGGH1ALwr88V1UKo3nvvWnLth7m3wMjBvSM8jHkv2PzpWSJnYCMBfDyQ/3mc1o8j7YSrM5CfDomUEaawEa_z3E4xbbfBbXlVQGCo),image.png (https://v5.airtableusercontent.com/v3/u/58/58/1791108000000/Ec5O3G5TF6iqdmkLEz4bZA/tcrgOSZaOZDaMrTBAwsohlFgm1iYcLctbPMr785SsBeV6BMGF3m_YpE4czp6iSs3aAdov0HwgUTjOqb96jVRv8DA30KW97mgfBFRafEJLd8biW6tYvE4FTbKd6P5CVvxKQFatN3vVL39b44H39irUA/X2eT8jzfdTdjDgzipRlqH5IWObe5rpIL2Ojpor1XlrE)",€39.60,Restauration,
6/23/2021,Strasbourg,TRAITEUR PHILIPPE ROME,,Restauration,FRAIS DE REPAS DE TRAVAIL MME LA MAIRE,"image.png (https://v5.airtableusercontent.com/v3/u/58/58/1791108000000/U_DMwh3JM0LurOhgOYd_vQ/BYI18PddAMfLbXQuE6MQvL5cUQvdJkpHMxrL5eBo9WNkWtU6qbrBQMg6Plw_v-mjb5O3cVZbGd_AcIoMa_IfAhj416MgDA62o6GsGfUlHHIOVOtm45jLTDfAYLV5DZb5oPxK7jsU-B9JGlMh2qR5Fg/ryM9qaG_HFP2HPjpczZHrxExm7B4l7G_d6lq9Ph9M-A),image.png (https://v5.airtableusercontent.com/v3/u/58/58/1791108000000/5VigpEgRO5W6gOa4w2B_Kg/V7DlBbxVmSeAhFkhujL4Mo6ozOGVDIjSxjiUxsZPAx89N-nz_qLuVWGp2X82o672KTvjJsK3RmHGhmLuvRqJQ5Coy7r5hnjGGH1ALwr88V1UKo3nvvWnLth7m3wMjBvSM8jHkv2PzpWSJnYCMBfDyQ/3mc1o8j7YSrM5CfDomUEaawEa_z3E4xbbfBbXlVQGCo),image.png (https://v5.airtableusercontent.com/v3/u/58/58/1791108000000/Ec5O3G5TF6iqdmkLEz4bZA/tcrgOSZaOZDaMrTBAwsohlFgm1iYcLctbPMr785SsBeV6BMGF3m_YpE4czp6iSs3aAdov0HwgUTjOqb96jVRv8DA30KW97mgfBFRafEJLd8biW6tYvE4FTbKd6P5CVvxKQFatN3vVL39b44H39irUA/X2eT8jzfdTdjDgzipRlqH5IWObe5rpIL2Ojpor1XlrE)",€132.00,Restauration,
6/14/2021,Strasbourg,WALTZ TRAITEUR CHEZ SOI,,Restauration,FRAIS DE REPAS DE TRAVAIL MME LA MAIRE,"image.png (https://v5.airtableusercontent.com/v3/u/58/58/1791108000000/U_DMwh3JM0LurOhgOYd_vQ/BYI18PddAMfLbXQuE6MQvL5cUQvdJkpHMxrL5eBo9WNkWtU6qbrBQMg6Plw_v-mjb5O3cVZbGd_AcIoMa_IfAhj416MgDA62o6GsGfUlHHIOVOtm45jLTDfAYLV5DZb5oPxK7jsU-B9JGlMh2qR5Fg/ryM9qaG_HFP2HPjpczZHrxExm7B4l7G_d6lq9Ph9M-A),image.png (https://v5.airtableusercontent.com/v3/u/58/58/1791108000000/5VigpEgRO5W6gOa4w2B_Kg/V7DlBbxVmSeAhFkhujL4Mo6ozOGVDIjSxjiUxsZPAx89N-nz_qLuVWGp2X82o672KTvjJsK3RmHGhmLuvRqJQ5Coy7r5hnjGGH1ALwr88V1UKo3nvvWnLth7m3wMjBvSM8jHkv2PzpWSJnYCMBfDyQ/3mc1o8j7YSrM5CfDomUEaawEa_z3E4xbbfBbXlVQGCo),image.png (https://v5.airtableusercontent.com/v3/u/58/58/1791108000000/Ec5O3G5TF6iqdmkLEz4bZA/tcrgOSZaOZDaMrTBAwsohlFgm1iYcLctbPMr785SsBeV6BMGF3m_YpE4czp6iSs3aAdov0HwgUTjOqb96jVRv8DA30KW97mgfBFRafEJLd8biW6tYvE4FTbKd6P5CVvxKQFatN3vVL39b44H39irUA/X2eT8jzfdTdjDgzipRlqH5IWObe5rpIL2Ojpor1XlrE)",€66.00,Restauration,
6/4/2021,Strasbourg,API RESTAURATION,,Restauration,FRAIS DE REPAS DE TRAVAIL MME LA MAIRE,"image.png (https://v5.airtableusercontent.com/v3/u/58/58/1791108000000/U_DMwh3JM0LurOhgOYd_vQ/BYI18PddAMfLbXQuE6MQvL5cUQvdJkpHMxrL5eBo9WNkWtU6qbrBQMg6Plw_v-mjb5O3cVZbGd_AcIoMa_IfAhj416MgDA62o6GsGfUlHHIOVOtm45jLTDfAYLV5DZb5oPxK7jsU-B9JGlMh2qR5Fg/ryM9qaG_HFP2HPjpczZHrxExm7B4l7G_d6lq9Ph9M-A),image.png (https://v5.airtableusercontent.com/v3/u/58/58/1791108000000/5VigpEgRO5W6gOa4w2B_Kg/V7DlBbxVmSeAhFkhujL4Mo6ozOGVDIjSxjiUxsZPAx89N-nz_qLuVWGp2X82o672KTvjJsK3RmHGhmLuvRqJQ5Coy7r5hnjGGH1ALwr88V1UKo3nvvWnLth7m3wMjBvSM8jHkv2PzpWSJnYCMBfDyQ/3mc1o8j7YSrM5CfDomUEaawEa_z3E4xbbfBbXlVQGCo),image.png (https://v5.airtableusercontent.com/v3/u/58/58/1791108000000/Ec5O3G5TF6iqdmkLEz4bZA/tcrgOSZaOZDaMrTBAwsohlFgm1iYcLctbPMr785SsBeV6BMGF3m_YpE4czp6iSs3aAdov0HwgUTjOqb96jVRv8DA30KW97mgfBFRafEJLd8biW6tYvE4FTbKd6P5CVvxKQFatN3vVL39b44H39irUA/X2eT8jzfdTdjDgzipRlqH5IWObe5rpIL2Ojpor1XlrE)",€20.13,Restauration,
6/29/2021,Strasbourg,TRAITEUR PHILIPPE ROME,,Restauration,FRAIS DE REPAS DE TRAVAIL MME LA MAIRE,"image.png (https://v5.airtableusercontent.com/v3/u/58/58/1791108000000/U_DMwh3JM0LurOhgOYd_vQ/BYI18PddAMfLbXQuE6MQvL5cUQvdJkpHMxrL5eBo9WNkWtU6qbrBQMg6Plw_v-mjb5O3cVZbGd_AcIoMa_IfAhj416MgDA62o6GsGfUlHHIOVOtm45jLTDfAYLV5DZb5oPxK7jsU-B9JGlMh2qR5Fg/ryM9qaG_HFP2HPjpczZHrxExm7B4l7G_d6lq9Ph9M-A),image.png (https://v5.airtableusercontent.com/v3/u/58/58/1791108000000/5VigpEgRO5W6gOa4w2B_Kg/V7DlBbxVmSeAhFkhujL4Mo6ozOGVDIjSxjiUxsZPAx89N-nz_qLuVWGp2X82o672KTvjJsK3RmHGhmLuvRqJQ5Coy7r5hnjGGH1ALwr88V1UKo3nvvWnLth7m3wMjBvSM8jHkv2PzpWSJnYCMBfDyQ/3mc1o8j7YSrM5CfDomUEaawEa_z3E4xbbfBbXlVQGCo),image.png (https://v5.airtableusercontent.com/v3/u/58/58/1791108000000/Ec5O3G5TF6iqdmkLEz4bZA/tcrgOSZaOZDaMrTBAwsohlFgm1iYcLctbPMr785SsBeV6BMGF3m_YpE4czp6iSs3aAdov0HwgUTjOqb96jVRv8DA30KW97mgfBFRafEJLd8biW6tYvE4FTbKd6P5CVvxKQFatN3vVL39b44H39irUA/X2eT8jzfdTdjDgzipRlqH5IWObe5rpIL2Ojpor1XlrE)",€45.98,Restauration,
7/6/2021,Strasbourg,PATISSERIE ST NICOLAS,,Restauration,FRAIS DE REPAS DE TRAVAIL MME LA MAIRE,"image.png (https://v5.airtableusercontent.com/v3/u/58/58/1791108000000/U_DMwh3JM0LurOhgOYd_vQ/BYI18PddAMfLbXQuE6MQvL5cUQvdJkpHMxrL5eBo9WNkWtU6qbrBQMg6Plw_v-mjb5O3cVZbGd_AcIoMa_IfAhj416MgDA62o6GsGfUlHHIOVOtm45jLTDfAYLV5DZb5oPxK7jsU-B9JGlMh2qR5Fg/ryM9qaG_HFP2HPjpczZHrxExm7B4l7G_d6lq9Ph9M-A),image.png (https://v5.airtableusercontent.com/v3/u/58/58/1791108000000/5VigpEgRO5W6gOa4w2B_Kg/V7DlBbxVmSeAhFkhujL4Mo6ozOGVDIjSxjiUxsZPAx89N-nz_qLuVWGp2X82o672KTvjJsK3RmHGhmLuvRqJQ5Coy7r5hnjGGH1ALwr88V1UKo3nvvWnLth7m3wMjBvSM8jHkv2PzpWSJnYCMBfDyQ/3mc1o8j7YSrM5CfDomUEaawEa_z3E4xbbfBbXlVQGCo),image.png (https://v5.airtableusercontent.com/v3/u/58/58/1791108000000/Ec5O3G5TF6iqdmkLEz4bZA/tcrgOSZaOZDaMrTBAwsohlFgm1iYcLctbPMr785SsBeV6BMGF3m_YpE4czp6iSs3aAdov0HwgUTjOqb96jVRv8DA30KW97mgfBFRafEJLd8biW6tYvE4FTbKd6P5CVvxKQFatN3vVL39b44H39irUA/X2eT8jzfdTdjDgzipRlqH5IWObe5rpIL2Ojpor1XlrE)",€8.02,Restauration,
7/15/2021,Strasbourg,IN VINO VERITAS,,Restauration,FRAIS DE REPAS DE TRAVAIL MME LA MAIRE,"image.png (https://v5.airtableusercontent.com/v3/u/58/58/1791108000000/U_DMwh3JM0LurOhgOYd_vQ/BYI18PddAMfLbXQuE6MQvL5cUQvdJkpHMxrL5eBo9WNkWtU6qbrBQMg6Plw_v-mjb5O3cVZbGd_AcIoMa_IfAhj416MgDA62o6GsGfUlHHIOVOtm45jLTDfAYLV5DZb5oPxK7jsU-B9JGlMh2qR5Fg/ryM9qaG_HFP2HPjpczZHrxExm7B4l7G_d6lq9Ph9M-A),image.png (https://v5.airtableusercontent.com/v3/u/58/58/1791108000000/5VigpEgRO5W6gOa4w2B_Kg/V7DlBbxVmSeAhFkhujL4Mo6ozOGVDIjSxjiUxsZPAx89N-nz_qLuVWGp2X82o672KTvjJsK3RmHGhmLuvRqJQ5Coy7r5hnjGGH1ALwr88V1UKo3nvvWnLth7m3wMjBvSM8jHkv2PzpWSJnYCMBfDyQ/3mc1o8j7YSrM5CfDomUEaawEa_z3E4xbbfBbXlVQGCo),image.png (https://v5.airtableusercontent.com/v3/u/58/58/1791108000000/Ec5O3G5TF6iqdmkLEz4bZA/tcrgOSZaOZDaMrTBAwsohlFgm1iYcLctbPMr785SsBeV6BMGF3m_YpE4czp6iSs3aAdov0HwgUTjOqb96jVRv8DA30KW97mgfBFRafEJLd8biW6tYvE4FTbKd6P5CVvxKQFatN3vVL39b44H39irUA/X2eT8jzfdTdjDgzipRlqH5IWObe5rpIL2Ojpor1XlrE)",€76.50,Restauration,
7/8/2021,Strasbourg,WALTZ TRAITEUR CHEZ SOI,,Restauration,FRAIS DE REPAS DE TRAVAIL MME LA MAIRE,"image.png (https://v5.airtableusercontent.com/v3/u/58/58/1791108000000/U_DMwh3JM0LurOhgOYd_vQ/BYI18PddAMfLbXQuE6MQvL5cUQvdJkpHMxrL5eBo9WNkWtU6qbrBQMg6Plw_v-mjb5O3cVZbGd_AcIoMa_IfAhj416MgDA62o6GsGfUlHHIOVOtm45jLTDfAYLV5DZb5oPxK7jsU-B9JGlMh2qR5Fg/ryM9qaG_HFP2HPjpczZHrxExm7B4l7G_d6lq9Ph9M-A),image.png (https://v5.airtableusercontent.com/v3/u/58/58/1791108000000/5VigpEgRO5W6gOa4w2B_Kg/V7DlBbxVmSeAhFkhujL4Mo6ozOGVDIjSxjiUxsZPAx89N-nz_qLuVWGp2X82o672KTvjJsK3RmHGhmLuvRqJQ5Coy7r5hnjGGH1ALwr88V1UKo3nvvWnLth7m3wMjBvSM8jHkv2PzpWSJnYCMBfDyQ/3mc1o8j7YSrM5CfDomUEaawEa_z3E4xbbfBbXlVQGCo),image.png (https://v5.airtableusercontent.com/v3/u/58/58/1791108000000/Ec5O3G5TF6iqdmkLEz4bZA/tcrgOSZaOZDaMrTBAwsohlFgm1iYcLctbPMr785SsBeV6BMGF3m_YpE4czp6iSs3aAdov0HwgUTjOqb96jVRv8DA30KW97mgfBFRafEJLd8biW6tYvE4FTbKd6P5CVvxKQFatN3vVL39b44H39irUA/X2eT8jzfdTdjDgzipRlqH5IWObe5rpIL2Ojpor1XlrE)",€66.00,Restauration,
7/5/2021,Strasbourg,API RESTAURATION,,Restauration,FRAIS DE REPAS DE TRAVAIL MME LA MAIRE,"image.png (https://v5.airtableusercontent.com/v3/u/58/58/1791108000000/U_DMwh3JM0LurOhgOYd_vQ/BYI18PddAMfLbXQuE6MQvL5cUQvdJkpHMxrL5eBo9WNkWtU6qbrBQMg6Plw_v-mjb5O3cVZbGd_AcIoMa_IfAhj416MgDA62o6GsGfUlHHIOVOtm45jLTDfAYLV5DZb5oPxK7jsU-B9JGlMh2qR5Fg/ryM9qaG_HFP2HPjpczZHrxExm7B4l7G_d6lq9Ph9M-A),image.png (https://v5.airtableusercontent.com/v3/u/58/58/1791108000000/5VigpEgRO5W6gOa4w2B_Kg/V7DlBbxVmSeAhFkhujL4Mo6ozOGVDIjSxjiUxsZPAx89N-nz_qLuVWGp2X82o672KTvjJsK3RmHGhmLuvRqJQ5Coy7r5hnjGGH1ALwr88V1UKo3nvvWnLth7m3wMjBvSM8jHkv2PzpWSJnYCMBfDyQ/3mc1o8j7YSrM5CfDomUEaawEa_z3E4xbbfBbXlVQGCo),image.png (https://v5.airtableusercontent.com/v3/u/58/58/1791108000000/Ec5O3G5TF6iqdmkLEz4bZA/tcrgOSZaOZDaMrTBAwsohlFgm1iYcLctbPMr785SsBeV6BMGF3m_YpE4czp6iSs3aAdov0HwgUTjOqb96jVRv8DA30KW97mgfBFRafEJLd8biW6tYvE4FTbKd6P5CVvxKQFatN3vVL39b44H39irUA/X2eT8jzfdTdjDgzipRlqH5IWObe5rpIL2Ojpor1XlrE)",€15.66,Restauration,
8/25/2021,Strasbourg,WALTZ TRAITEUR CHEZ SOI,,Restauration,FRAIS DE REPAS DE TRAVAIL MME LA MAIRE,"image.png (https://v5.airtableusercontent.com/v3/u/58/58/1791108000000/U_DMwh3JM0LurOhgOYd_vQ/BYI18PddAMfLbXQuE6MQvL5cUQvdJkpHMxrL5eBo9WNkWtU6qbrBQMg6Plw_v-mjb5O3cVZbGd_AcIoMa_IfAhj416MgDA62o6GsGfUlHHIOVOtm45jLTDfAYLV5DZb5oPxK7jsU-B9JGlMh2qR5Fg/ryM9qaG_HFP2HPjpczZHrxExm7B4l7G_d6lq9Ph9M-A),image.png (https://v5.airtableusercontent.com/v3/u/58/58/1791108000000/5VigpEgRO5W6gOa4w2B_Kg/V7DlBbxVmSeAhFkhujL4Mo6ozOGVDIjSxjiUxsZPAx89N-nz_qLuVWGp2X82o672KTvjJsK3RmHGhmLuvRqJQ5Coy7r5hnjGGH1ALwr88V1UKo3nvvWnLth7m3wMjBvSM8jHkv2PzpWSJnYCMBfDyQ/3mc1o8j7YSrM5CfDomUEaawEa_z3E4xbbfBbXlVQGCo),image.png (https://v5.airtableusercontent.com/v3/u/58/58/1791108000000/Ec5O3G5TF6iqdmkLEz4bZA/tcrgOSZaOZDaMrTBAwsohlFgm1iYcLctbPMr785SsBeV6BMGF3m_YpE4czp6iSs3aAdov0HwgUTjOqb96jVRv8DA30KW97mgfBFRafEJLd8biW6tYvE4FTbKd6P5CVvxKQFatN3vVL39b44H39irUA/X2eT8jzfdTdjDgzipRlqH5IWObe5rpIL2Ojpor1XlrE)",€66.00,Restauration,
8/26/2021,Strasbourg,WALTZ TRAITEUR CHEZ SOI,,Restauration,FRAIS DE REPAS DE TRAVAIL MME LA MAIRE,"image.png (https://v5.airtableusercontent.com/v3/u/58/58/1791108000000/U_DMwh3JM0LurOhgOYd_vQ/BYI18PddAMfLbXQuE6MQvL5cUQvdJkpHMxrL5eBo9WNkWtU6qbrBQMg6Plw_v-mjb5O3cVZbGd_AcIoMa_IfAhj416MgDA62o6GsGfUlHHIOVOtm45jLTDfAYLV5DZb5oPxK7jsU-B9JGlMh2qR5Fg/ryM9qaG_HFP2HPjpczZHrxExm7B4l7G_d6lq9Ph9M-A),image.png (https://v5.airtableusercontent.com/v3/u/58/58/1791108000000/5VigpEgRO5W6gOa4w2B_Kg/V7DlBbxVmSeAhFkhujL4Mo6ozOGVDIjSxjiUxsZPAx89N-nz_qLuVWGp2X82o672KTvjJsK3RmHGhmLuvRqJQ5Coy7r5hnjGGH1ALwr88V1UKo3nvvWnLth7m3wMjBvSM8jHkv2PzpWSJnYCMBfDyQ/3mc1o8j7YSrM5CfDomUEaawEa_z3E4xbbfBbXlVQGCo),image.png (https://v5.airtableusercontent.com/v3/u/58/58/1791108000000/Ec5O3G5TF6iqdmkLEz4bZA/tcrgOSZaOZDaMrTBAwsohlFgm1iYcLctbPMr785SsBeV6BMGF3m_YpE4czp6iSs3aAdov0HwgUTjOqb96jVRv8DA30KW97mgfBFRafEJLd8biW6tYvE4FTbKd6P5CVvxKQFatN3vVL39b44H39irUA/X2eT8jzfdTdjDgzipRlqH5IWObe5rpIL2Ojpor1XlrE)",€52.80,Restauration,
9/1/2021,Strasbourg,BOULANGERIE PATISSERIE OLLAND,,Restauration,FRAIS DE REPAS DE TRAVAIL MME LA MAIRE,"image.png (https://v5.airtableusercontent.com/v3/u/58/58/1791108000000/U_DMwh3JM0LurOhgOYd_vQ/BYI18PddAMfLbXQuE6MQvL5cUQvdJkpHMxrL5eBo9WNkWtU6qbrBQMg6Plw_v-mjb5O3cVZbGd_AcIoMa_IfAhj416MgDA62o6GsGfUlHHIOVOtm45jLTDfAYLV5DZb5oPxK7jsU-B9JGlMh2qR5Fg/ryM9qaG_HFP2HPjpczZHrxExm7B4l7G_d6lq9Ph9M-A),image.png (https://v5.airtableusercontent.com/v3/u/58/58/1791108000000/5VigpEgRO5W6gOa4w2B_Kg/V7DlBbxVmSeAhFkhujL4Mo6ozOGVDIjSxjiUxsZPAx89N-nz_qLuVWGp2X82o672KTvjJsK3RmHGhmLuvRqJQ5Coy7r5hnjGGH1ALwr88V1UKo3nvvWnLth7m3wMjBvSM8jHkv2PzpWSJnYCMBfDyQ/3mc1o8j7YSrM5CfDomUEaawEa_z3E4xbbfBbXlVQGCo),image.png (https://v5.airtableusercontent.com/v3/u/58/58/1791108000000/Ec5O3G5TF6iqdmkLEz4bZA/tcrgOSZaOZDaMrTBAwsohlFgm1iYcLctbPMr785SsBeV6BMGF3m_YpE4czp6iSs3aAdov0HwgUTjOqb96jVRv8DA30KW97mgfBFRafEJLd8biW6tYvE4FTbKd6P5CVvxKQFatN3vVL39b44H39irUA/X2eT8jzfdTdjDgzipRlqH5IWObe5rpIL2Ojpor1XlrE)",€31.20,Restauration,
9/14/2021,Strasbourg,ITALCUCINA,,Restauration,FRAIS DE REPAS DE TRAVAIL MME LA MAIRE,"image.png (https://v5.airtableusercontent.com/v3/u/58/58/1791108000000/U_DMwh3JM0LurOhgOYd_vQ/BYI18PddAMfLbXQuE6MQvL5cUQvdJkpHMxrL5eBo9WNkWtU6qbrBQMg6Plw_v-mjb5O3cVZbGd_AcIoMa_IfAhj416MgDA62o6GsGfUlHHIOVOtm45jLTDfAYLV5DZb5oPxK7jsU-B9JGlMh2qR5Fg/ryM9qaG_HFP2HPjpczZHrxExm7B4l7G_d6lq9Ph9M-A),image.png (https://v5.airtableusercontent.com/v3/u/58/58/1791108000000/5VigpEgRO5W6gOa4w2B_Kg/V7DlBbxVmSeAhFkhujL4Mo6ozOGVDIjSxjiUxsZPAx89N-nz_qLuVWGp2X82o672KTvjJsK3RmHGhmLuvRqJQ5Coy7r5hnjGGH1ALwr88V1UKo3nvvWnLth7m3wMjBvSM8jHkv2PzpWSJnYCMBfDyQ/3mc1o8j7YSrM5CfDomUEaawEa_z3E4xbbfBbXlVQGCo),image.png (https://v5.airtableusercontent.com/v3/u/58/58/1791108000000/Ec5O3G5TF6iqdmkLEz4bZA/tcrgOSZaOZDaMrTBAwsohlFgm1iYcLctbPMr785SsBeV6BMGF3m_YpE4czp6iSs3aAdov0HwgUTjOqb96jVRv8DA30KW97mgfBFRafEJLd8biW6tYvE4FTbKd6P5CVvxKQFatN3vVL39b44H39irUA/X2eT8jzfdTdjDgzipRlqH5IWObe5rpIL2Ojpor1XlrE)",€83.30,Restauration,
8/16/2021,Strasbourg,API RESTAURATION,,Restauration,FRAIS DE REPAS DE TRAVAIL MME LA MAIRE,"image.png (https://v5.airtableusercontent.com/v3/u/58/58/1791108000000/U_DMwh3JM0LurOhgOYd_vQ/BYI18PddAMfLbXQuE6MQvL5cUQvdJkpHMxrL5eBo9WNkWtU6qbrBQMg6Plw_v-mjb5O3cVZbGd_AcIoMa_IfAhj416MgDA62o6GsGfUlHHIOVOtm45jLTDfAYLV5DZb5oPxK7jsU-B9JGlMh2qR5Fg/ryM9qaG_HFP2HPjpczZHrxExm7B4l7G_d6lq9Ph9M-A),image.png (https://v5.airtableusercontent.com/v3/u/58/58/1791108000000/5VigpEgRO5W6gOa4w2B_Kg/V7DlBbxVmSeAhFkhujL4Mo6ozOGVDIjSxjiUxsZPAx89N-nz_qLuVWGp2X82o672KTvjJsK3RmHGhmLuvRqJQ5Coy7r5hnjGGH1ALwr88V1UKo3nvvWnLth7m3wMjBvSM8jHkv2PzpWSJnYCMBfDyQ/3mc1o8j7YSrM5CfDomUEaawEa_z3E4xbbfBbXlVQGCo),image.png (https://v5.airtableusercontent.com/v3/u/58/58/1791108000000/Ec5O3G5TF6iqdmkLEz4bZA/tcrgOSZaOZDaMrTBAwsohlFgm1iYcLctbPMr785SsBeV6BMGF3m_YpE4czp6iSs3aAdov0HwgUTjOqb96jVRv8DA30KW97mgfBFRafEJLd8biW6tYvE4FTbKd6P5CVvxKQFatN3vVL39b44H39irUA/X2eT8jzfdTdjDgzipRlqH5IWObe5rpIL2Ojpor1XlrE)",€29.73,Restauration,
9/21/2021,Strasbourg,TRAITEUR PHILIPPE ROME,,Restauration,FRAIS DE REPAS DE TRAVAIL MME LA MAIRE,"image.png (https://v5.airtableusercontent.com/v3/u/58/58/1791108000000/U_DMwh3JM0LurOhgOYd_vQ/BYI18PddAMfLbXQuE6MQvL5cUQvdJkpHMxrL5eBo9WNkWtU6qbrBQMg6Plw_v-mjb5O3cVZbGd_AcIoMa_IfAhj416MgDA62o6GsGfUlHHIOVOtm45jLTDfAYLV5DZb5oPxK7jsU-B9JGlMh2qR5Fg/ryM9qaG_HFP2HPjpczZHrxExm7B4l7G_d6lq9Ph9M-A),image.png (https://v5.airtableusercontent.com/v3/u/58/58/1791108000000/5VigpEgRO5W6gOa4w2B_Kg/V7DlBbxVmSeAhFkhujL4Mo6ozOGVDIjSxjiUxsZPAx89N-nz_qLuVWGp2X82o672KTvjJsK3RmHGhmLuvRqJQ5Coy7r5hnjGGH1ALwr88V1UKo3nvvWnLth7m3wMjBvSM8jHkv2PzpWSJnYCMBfDyQ/3mc1o8j7YSrM5CfDomUEaawEa_z3E4xbbfBbXlVQGCo),image.png (https://v5.airtableusercontent.com/v3/u/58/58/1791108000000/Ec5O3G5TF6iqdmkLEz4bZA/tcrgOSZaOZDaMrTBAwsohlFgm1iYcLctbPMr785SsBeV6BMGF3m_YpE4czp6iSs3aAdov0HwgUTjOqb96jVRv8DA30KW97mgfBFRafEJLd8biW6tYvE4FTbKd6P5CVvxKQFatN3vVL39b44H39irUA/X2eT8jzfdTdjDgzipRlqH5IWObe5rpIL2Ojpor1XlrE)",€34.48,Restauration,
9/22/2021,Strasbourg,WALTZ TRAITEUR CHEZ SOI,,Restauration,FRAIS DE REPAS DE TRAVAIL MME LA MAIRE,"image.png (https://v5.airtableusercontent.com/v3/u/58/58/1791108000000/U_DMwh3JM0LurOhgOYd_vQ/BYI18PddAMfLbXQuE6MQvL5cUQvdJkpHMxrL5eBo9WNkWtU6qbrBQMg6Plw_v-mjb5O3cVZbGd_AcIoMa_IfAhj416MgDA62o6GsGfUlHHIOVOtm45jLTDfAYLV5DZb5oPxK7jsU-B9JGlMh2qR5Fg/ryM9qaG_HFP2HPjpczZHrxExm7B4l7G_d6lq9Ph9M-A),image.png (https://v5.airtableusercontent.com/v3/u/58/58/1791108000000/5VigpEgRO5W6gOa4w2B_Kg/V7DlBbxVmSeAhFkhujL4Mo6ozOGVDIjSxjiUxsZPAx89N-nz_qLuVWGp2X82o672KTvjJsK3RmHGhmLuvRqJQ5Coy7r5hnjGGH1ALwr88V1UKo3nvvWnLth7m3wMjBvSM8jHkv2PzpWSJnYCMBfDyQ/3mc1o8j7YSrM5CfDomUEaawEa_z3E4xbbfBbXlVQGCo),image.png (https://v5.airtableusercontent.com/v3/u/58/58/1791108000000/Ec5O3G5TF6iqdmkLEz4bZA/tcrgOSZaOZDaMrTBAwsohlFgm1iYcLctbPMr785SsBeV6BMGF3m_YpE4czp6iSs3aAdov0HwgUTjOqb96jVRv8DA30KW97mgfBFRafEJLd8biW6tYvE4FTbKd6P5CVvxKQFatN3vVL39b44H39irUA/X2eT8jzfdTdjDgzipRlqH5IWObe5rpIL2Ojpor1XlrE)",€39.60,Restauration,
9/28/2021,Strasbourg,TRAITEUR PHILIPPE ROME,,Restauration,FRAIS DE REPAS DE TRAVAIL MME LA MAIRE,"image.png (https://v5.airtableusercontent.com/v3/u/58/58/1791108000000/U_DMwh3JM0LurOhgOYd_vQ/BYI18PddAMfLbXQuE6MQvL5cUQvdJkpHMxrL5eBo9WNkWtU6qbrBQMg6Plw_v-mjb5O3cVZbGd_AcIoMa_IfAhj416MgDA62o6GsGfUlHHIOVOtm45jLTDfAYLV5DZb5oPxK7jsU-B9JGlMh2qR5Fg/ryM9qaG_HFP2HPjpczZHrxExm7B4l7G_d6lq9Ph9M-A),image.png (https://v5.airtableusercontent.com/v3/u/58/58/1791108000000/5VigpEgRO5W6gOa4w2B_Kg/V7DlBbxVmSeAhFkhujL4Mo6ozOGVDIjSxjiUxsZPAx89N-nz_qLuVWGp2X82o672KTvjJsK3RmHGhmLuvRqJQ5Coy7r5hnjGGH1ALwr88V1UKo3nvvWnLth7m3wMjBvSM8jHkv2PzpWSJnYCMBfDyQ/3mc1o8j7YSrM5CfDomUEaawEa_z3E4xbbfBbXlVQGCo),image.png (https://v5.airtableusercontent.com/v3/u/58/58/1791108000000/Ec5O3G5TF6iqdmkLEz4bZA/tcrgOSZaOZDaMrTBAwsohlFgm1iYcLctbPMr785SsBeV6BMGF3m_YpE4czp6iSs3aAdov0HwgUTjOqb96jVRv8DA30KW97mgfBFRafEJLd8biW6tYvE4FTbKd6P5CVvxKQFatN3vVL39b44H39irUA/X2eT8jzfdTdjDgzipRlqH5IWObe5rpIL2Ojpor1XlrE)",€396.00,Restauration,
9/23/2021,Strasbourg,TRAITEUR PHILIPPE ROME,,Restauration,FRAIS DE REPAS DE TRAVAIL MME LA MAIRE,"image.png (https://v5.airtableusercontent.com/v3/u/58/58/1791108000000/U_DMwh3JM0LurOhgOYd_vQ/BYI18PddAMfLbXQuE6MQvL5cUQvdJkpHMxrL5eBo9WNkWtU6qbrBQMg6Plw_v-mjb5O3cVZbGd_AcIoMa_IfAhj416MgDA62o6GsGfUlHHIOVOtm45jLTDfAYLV5DZb5oPxK7jsU-B9JGlMh2qR5Fg/ryM9qaG_HFP2HPjpczZHrxExm7B4l7G_d6lq9Ph9M-A),image.png (https://v5.airtableusercontent.com/v3/u/58/58/1791108000000/5VigpEgRO5W6gOa4w2B_Kg/V7DlBbxVmSeAhFkhujL4Mo6ozOGVDIjSxjiUxsZPAx89N-nz_qLuVWGp2X82o672KTvjJsK3RmHGhmLuvRqJQ5Coy7r5hnjGGH1ALwr88V1UKo3nvvWnLth7m3wMjBvSM8jHkv2PzpWSJnYCMBfDyQ/3mc1o8j7YSrM5CfDomUEaawEa_z3E4xbbfBbXlVQGCo),image.png (https://v5.airtableusercontent.com/v3/u/58/58/1791108000000/Ec5O3G5TF6iqdmkLEz4bZA/tcrgOSZaOZDaMrTBAwsohlFgm1iYcLctbPMr785SsBeV6BMGF3m_YpE4czp6iSs3aAdov0HwgUTjOqb96jVRv8DA30KW97mgfBFRafEJLd8biW6tYvE4FTbKd6P5CVvxKQFatN3vVL39b44H39irUA/X2eT8jzfdTdjDgzipRlqH5IWObe5rpIL2Ojpor1XlrE)",€57.47,Restauration,
10/4/2021,Strasbourg,TRAITEUR PHILIPPE ROME,,Restauration,FRAIS DE REPAS DE TRAVAIL MME LA MAIRE,"image.png (https://v5.airtableusercontent.com/v3/u/58/58/1791108000000/U_DMwh3JM0LurOhgOYd_vQ/BYI18PddAMfLbXQuE6MQvL5cUQvdJkpHMxrL5eBo9WNkWtU6qbrBQMg6Plw_v-mjb5O3cVZbGd_AcIoMa_IfAhj416MgDA62o6GsGfUlHHIOVOtm45jLTDfAYLV5DZb5oPxK7jsU-B9JGlMh2qR5Fg/ryM9qaG_HFP2HPjpczZHrxExm7B4l7G_d6lq9Ph9M-A),image.png (https://v5.airtableusercontent.com/v3/u/58/58/1791108000000/5VigpEgRO5W6gOa4w2B_Kg/V7DlBbxVmSeAhFkhujL4Mo6ozOGVDIjSxjiUxsZPAx89N-nz_qLuVWGp2X82o672KTvjJsK3RmHGhmLuvRqJQ5Coy7r5hnjGGH1ALwr88V1UKo3nvvWnLth7m3wMjBvSM8jHkv2PzpWSJnYCMBfDyQ/3mc1o8j7YSrM5CfDomUEaawEa_z3E4xbbfBbXlVQGCo),image.png (https://v5.airtableusercontent.com/v3/u/58/58/1791108000000/Ec5O3G5TF6iqdmkLEz4bZA/tcrgOSZaOZDaMrTBAwsohlFgm1iYcLctbPMr785SsBeV6BMGF3m_YpE4czp6iSs3aAdov0HwgUTjOqb96jVRv8DA30KW97mgfBFRafEJLd8biW6tYvE4FTbKd6P5CVvxKQFatN3vVL39b44H39irUA/X2eT8jzfdTdjDgzipRlqH5IWObe5rpIL2Ojpor1XlrE)",€66.00,Restauration,
9/29/2021,Strasbourg,TRAITEUR PHILIPPE ROME,,Restauration,FRAIS DE REPAS DE TRAVAIL MME LA MAIRE,"image.png (https://v5.airtableusercontent.com/v3/u/58/58/1791108000000/U_DMwh3JM0LurOhgOYd_vQ/BYI18PddAMfLbXQuE6MQvL5cUQvdJkpHMxrL5eBo9WNkWtU6qbrBQMg6Plw_v-mjb5O3cVZbGd_AcIoMa_IfAhj416MgDA62o6GsGfUlHHIOVOtm45jLTDfAYLV5DZb5oPxK7jsU-B9JGlMh2qR5Fg/ryM9qaG_HFP2HPjpczZHrxExm7B4l7G_d6lq9Ph9M-A),image.png (https://v5.airtableusercontent.com/v3/u/58/58/1791108000000/5VigpEgRO5W6gOa4w2B_Kg/V7DlBbxVmSeAhFkhujL4Mo6ozOGVDIjSxjiUxsZPAx89N-nz_qLuVWGp2X82o672KTvjJsK3RmHGhmLuvRqJQ5Coy7r5hnjGGH1ALwr88V1UKo3nvvWnLth7m3wMjBvSM8jHkv2PzpWSJnYCMBfDyQ/3mc1o8j7YSrM5CfDomUEaawEa_z3E4xbbfBbXlVQGCo),image.png (https://v5.airtableusercontent.com/v3/u/58/58/1791108000000/Ec5O3G5TF6iqdmkLEz4bZA/tcrgOSZaOZDaMrTBAwsohlFgm1iYcLctbPMr785SsBeV6BMGF3m_YpE4czp6iSs3aAdov0HwgUTjOqb96jVRv8DA30KW97mgfBFRafEJLd8biW6tYvE4FTbKd6P5CVvxKQFatN3vVL39b44H39irUA/X2eT8jzfdTdjDgzipRlqH5IWObe5rpIL2Ojpor1XlrE)",€34.48,Restauration,
10/19/2021,Strasbourg,ELOVIO GRAND EST,,Restauration,FRAIS DE REPAS DE TRAVAIL MME LA MAIRE,"image.png (https://v5.airtableusercontent.com/v3/u/58/58/1791108000000/U_DMwh3JM0LurOhgOYd_vQ/BYI18PddAMfLbXQuE6MQvL5cUQvdJkpHMxrL5eBo9WNkWtU6qbrBQMg6Plw_v-mjb5O3cVZbGd_AcIoMa_IfAhj416MgDA62o6GsGfUlHHIOVOtm45jLTDfAYLV5DZb5oPxK7jsU-B9JGlMh2qR5Fg/ryM9qaG_HFP2HPjpczZHrxExm7B4l7G_d6lq9Ph9M-A),image.png (https://v5.airtableusercontent.com/v3/u/58/58/1791108000000/5VigpEgRO5W6gOa4w2B_Kg/V7DlBbxVmSeAhFkhujL4Mo6ozOGVDIjSxjiUxsZPAx89N-nz_qLuVWGp2X82o672KTvjJsK3RmHGhmLuvRqJQ5Coy7r5hnjGGH1ALwr88V1UKo3nvvWnLth7m3wMjBvSM8jHkv2PzpWSJnYCMBfDyQ/3mc1o8j7YSrM5CfDomUEaawEa_z3E4xbbfBbXlVQGCo),image.png (https://v5.airtableusercontent.com/v3/u/58/58/1791108000000/Ec5O3G5TF6iqdmkLEz4bZA/tcrgOSZaOZDaMrTBAwsohlFgm1iYcLctbPMr785SsBeV6BMGF3m_YpE4czp6iSs3aAdov0HwgUTjOqb96jVRv8DA30KW97mgfBFRafEJLd8biW6tYvE4FTbKd6P5CVvxKQFatN3vVL39b44H39irUA/X2eT8jzfdTdjDgzipRlqH5IWObe5rpIL2Ojpor1XlrE)",€53.40,Restauration,
10/12/2021,Strasbourg,TRAITEUR PHILIPPE ROME,,Restauration,FRAIS DE REPAS DE TRAVAIL MME LA MAIRE,"image.png (https://v5.airtableusercontent.com/v3/u/58/58/1791108000000/U_DMwh3JM0LurOhgOYd_vQ/BYI18PddAMfLbXQuE6MQvL5cUQvdJkpHMxrL5eBo9WNkWtU6qbrBQMg6Plw_v-mjb5O3cVZbGd_AcIoMa_IfAhj416MgDA62o6GsGfUlHHIOVOtm45jLTDfAYLV5DZb5oPxK7jsU-B9JGlMh2qR5Fg/ryM9qaG_HFP2HPjpczZHrxExm7B4l7G_d6lq9Ph9M-A),image.png (https://v5.airtableusercontent.com/v3/u/58/58/1791108000000/5VigpEgRO5W6gOa4w2B_Kg/V7DlBbxVmSeAhFkhujL4Mo6ozOGVDIjSxjiUxsZPAx89N-nz_qLuVWGp2X82o672KTvjJsK3RmHGhmLuvRqJQ5Coy7r5hnjGGH1ALwr88V1UKo3nvvWnLth7m3wMjBvSM8jHkv2PzpWSJnYCMBfDyQ/3mc1o8j7YSrM5CfDomUEaawEa_z3E4xbbfBbXlVQGCo),image.png (https://v5.airtableusercontent.com/v3/u/58/58/1791108000000/Ec5O3G5TF6iqdmkLEz4bZA/tcrgOSZaOZDaMrTBAwsohlFgm1iYcLctbPMr785SsBeV6BMGF3m_YpE4czp6iSs3aAdov0HwgUTjOqb96jVRv8DA30KW97mgfBFRafEJLd8biW6tYvE4FTbKd6P5CVvxKQFatN3vVL39b44H39irUA/X2eT8jzfdTdjDgzipRlqH5IWObe5rpIL2Ojpor1XlrE)",€80.46,Restauration,
7/9/2021,Strasbourg,PATISSERIE ST NICOLAS,,Restauration,FRAIS DE REPAS DE TRAVAIL MME LA MAIRE,"image.png (https://v5.airtableusercontent.com/v3/u/58/58/1791108000000/U_DMwh3JM0LurOhgOYd_vQ/BYI18PddAMfLbXQuE6MQvL5cUQvdJkpHMxrL5eBo9WNkWtU6qbrBQMg6Plw_v-mjb5O3cVZbGd_AcIoMa_IfAhj416MgDA62o6GsGfUlHHIOVOtm45jLTDfAYLV5DZb5oPxK7jsU-B9JGlMh2qR5Fg/ryM9qaG_HFP2HPjpczZHrxExm7B4l7G_d6lq9Ph9M-A),image.png (https://v5.airtableusercontent.com/v3/u/58/58/1791108000000/5VigpEgRO5W6gOa4w2B_Kg/V7DlBbxVmSeAhFkhujL4Mo6ozOGVDIjSxjiUxsZPAx89N-nz_qLuVWGp2X82o672KTvjJsK3RmHGhmLuvRqJQ5Coy7r5hnjGGH1ALwr88V1UKo3nvvWnLth7m3wMjBvSM8jHkv2PzpWSJnYCMBfDyQ/3mc1o8j7YSrM5CfDomUEaawEa_z3E4xbbfBbXlVQGCo),image.png (https://v5.airtableusercontent.com/v3/u/58/58/1791108000000/Ec5O3G5TF6iqdmkLEz4bZA/tcrgOSZaOZDaMrTBAwsohlFgm1iYcLctbPMr785SsBeV6BMGF3m_YpE4czp6iSs3aAdov0HwgUTjOqb96jVRv8DA30KW97mgfBFRafEJLd8biW6tYvE4FTbKd6P5CVvxKQFatN3vVL39b44H39irUA/X2eT8jzfdTdjDgzipRlqH5IWObe5rpIL2Ojpor1XlrE)",€4.01,Restauration,
10/20/2021,Strasbourg,HOTEL AU CERF D OR,,Restauration,FRAIS DE REPAS DE TRAVAIL MME LA MAIRE,"image.png (https://v5.airtableusercontent.com/v3/u/58/58/1791108000000/U_DMwh3JM0LurOhgOYd_vQ/BYI18PddAMfLbXQuE6MQvL5cUQvdJkpHMxrL5eBo9WNkWtU6qbrBQMg6Plw_v-mjb5O3cVZbGd_AcIoMa_IfAhj416MgDA62o6GsGfUlHHIOVOtm45jLTDfAYLV5DZb5oPxK7jsU-B9JGlMh2qR5Fg/ryM9qaG_HFP2HPjpczZHrxExm7B4l7G_d6lq9Ph9M-A),image.png (https://v5.airtableusercontent.com/v3/u/58/58/1791108000000/5VigpEgRO5W6gOa4w2B_Kg/V7DlBbxVmSeAhFkhujL4Mo6ozOGVDIjSxjiUxsZPAx89N-nz_qLuVWGp2X82o672KTvjJsK3RmHGhmLuvRqJQ5Coy7r5hnjGGH1ALwr88V1UKo3nvvWnLth7m3wMjBvSM8jHkv2PzpWSJnYCMBfDyQ/3mc1o8j7YSrM5CfDomUEaawEa_z3E4xbbfBbXlVQGCo),image.png (https://v5.airtableusercontent.com/v3/u/58/58/1791108000000/Ec5O3G5TF6iqdmkLEz4bZA/tcrgOSZaOZDaMrTBAwsohlFgm1iYcLctbPMr785SsBeV6BMGF3m_YpE4czp6iSs3aAdov0HwgUTjOqb96jVRv8DA30KW97mgfBFRafEJLd8biW6tYvE4FTbKd6P5CVvxKQFatN3vVL39b44H39irUA/X2eT8jzfdTdjDgzipRlqH5IWObe5rpIL2Ojpor1XlrE)",€77.40,Restauration,
10/21/2021,Strasbourg,HEY MAMA,,Restauration,FRAIS DE REPAS DE TRAVAIL MME LA MAIRE,"image.png (https://v5.airtableusercontent.com/v3/u/58/58/1791108000000/U_DMwh3JM0LurOhgOYd_vQ/BYI18PddAMfLbXQuE6MQvL5cUQvdJkpHMxrL5eBo9WNkWtU6qbrBQMg6Plw_v-mjb5O3cVZbGd_AcIoMa_IfAhj416MgDA62o6GsGfUlHHIOVOtm45jLTDfAYLV5DZb5oPxK7jsU-B9JGlMh2qR5Fg/ryM9qaG_HFP2HPjpczZHrxExm7B4l7G_d6lq9Ph9M-A),image.png (https://v5.airtableusercontent.com/v3/u/58/58/1791108000000/5VigpEgRO5W6gOa4w2B_Kg/V7DlBbxVmSeAhFkhujL4Mo6ozOGVDIjSxjiUxsZPAx89N-nz_qLuVWGp2X82o672KTvjJsK3RmHGhmLuvRqJQ5Coy7r5hnjGGH1ALwr88V1UKo3nvvWnLth7m3wMjBvSM8jHkv2PzpWSJnYCMBfDyQ/3mc1o8j7YSrM5CfDomUEaawEa_z3E4xbbfBbXlVQGCo),image.png (https://v5.airtableusercontent.com/v3/u/58/58/1791108000000/Ec5O3G5TF6iqdmkLEz4bZA/tcrgOSZaOZDaMrTBAwsohlFgm1iYcLctbPMr785SsBeV6BMGF3m_YpE4czp6iSs3aAdov0HwgUTjOqb96jVRv8DA30KW97mgfBFRafEJLd8biW6tYvE4FTbKd6P5CVvxKQFatN3vVL39b44H39irUA/X2eT8jzfdTdjDgzipRlqH5IWObe5rpIL2Ojpor1XlrE)",€31.10,Restauration,
9/16/2021,Strasbourg,PATISSERIE ST NICOLAS,,Restauration,FRAIS DE REPAS DE TRAVAIL MME LA MAIRE,"image.png (https://v5.airtableusercontent.com/v3/u/58/58/1791108000000/U_DMwh3JM0LurOhgOYd_vQ/BYI18PddAMfLbXQuE6MQvL5cUQvdJkpHMxrL5eBo9WNkWtU6qbrBQMg6Plw_v-mjb5O3cVZbGd_AcIoMa_IfAhj416MgDA62o6GsGfUlHHIOVOtm45jLTDfAYLV5DZb5oPxK7jsU-B9JGlMh2qR5Fg/ryM9qaG_HFP2HPjpczZHrxExm7B4l7G_d6lq9Ph9M-A),image.png (https://v5.airtableusercontent.com/v3/u/58/58/1791108000000/5VigpEgRO5W6gOa4w2B_Kg/V7DlBbxVmSeAhFkhujL4Mo6ozOGVDIjSxjiUxsZPAx89N-nz_qLuVWGp2X82o672KTvjJsK3RmHGhmLuvRqJQ5Coy7r5hnjGGH1ALwr88V1UKo3nvvWnLth7m3wMjBvSM8jHkv2PzpWSJnYCMBfDyQ/3mc1o8j7YSrM5CfDomUEaawEa_z3E4xbbfBbXlVQGCo),image.png (https://v5.airtableusercontent.com/v3/u/58/58/1791108000000/Ec5O3G5TF6iqdmkLEz4bZA/tcrgOSZaOZDaMrTBAwsohlFgm1iYcLctbPMr785SsBeV6BMGF3m_YpE4czp6iSs3aAdov0HwgUTjOqb96jVRv8DA30KW97mgfBFRafEJLd8biW6tYvE4FTbKd6P5CVvxKQFatN3vVL39b44H39irUA/X2eT8jzfdTdjDgzipRlqH5IWObe5rpIL2Ojpor1XlrE)",€17.01,Restauration,
9/8/2021,Strasbourg,PATISSERIE ST NICOLAS,,Restauration,FRAIS DE REPAS DE TRAVAIL MME LA MAIRE,"image.png (https://v5.airtableusercontent.com/v3/u/58/58/1791108000000/U_DMwh3JM0LurOhgOYd_vQ/BYI18PddAMfLbXQuE6MQvL5cUQvdJkpHMxrL5eBo9WNkWtU6qbrBQMg6Plw_v-mjb5O3cVZbGd_AcIoMa_IfAhj416MgDA62o6GsGfUlHHIOVOtm45jLTDfAYLV5DZb5oPxK7jsU-B9JGlMh2qR5Fg/ryM9qaG_HFP2HPjpczZHrxExm7B4l7G_d6lq9Ph9M-A),image.png (https://v5.airtableusercontent.com/v3/u/58/58/1791108000000/5VigpEgRO5W6gOa4w2B_Kg/V7DlBbxVmSeAhFkhujL4Mo6ozOGVDIjSxjiUxsZPAx89N-nz_qLuVWGp2X82o672KTvjJsK3RmHGhmLuvRqJQ5Coy7r5hnjGGH1ALwr88V1UKo3nvvWnLth7m3wMjBvSM8jHkv2PzpWSJnYCMBfDyQ/3mc1o8j7YSrM5CfDomUEaawEa_z3E4xbbfBbXlVQGCo),image.png (https://v5.airtableusercontent.com/v3/u/58/58/1791108000000/Ec5O3G5TF6iqdmkLEz4bZA/tcrgOSZaOZDaMrTBAwsohlFgm1iYcLctbPMr785SsBeV6BMGF3m_YpE4czp6iSs3aAdov0HwgUTjOqb96jVRv8DA30KW97mgfBFRafEJLd8biW6tYvE4FTbKd6P5CVvxKQFatN3vVL39b44H39irUA/X2eT8jzfdTdjDgzipRlqH5IWObe5rpIL2Ojpor1XlrE)",€38.02,Restauration,
10/7/2021,Strasbourg,LE RELAIS AVS,,Restauration,FRAIS DE REPAS DE TRAVAIL MME LA MAIRE,"image.png (https://v5.airtableusercontent.com/v3/u/58/58/1791108000000/U_DMwh3JM0LurOhgOYd_vQ/BYI18PddAMfLbXQuE6MQvL5cUQvdJkpHMxrL5eBo9WNkWtU6qbrBQMg6Plw_v-mjb5O3cVZbGd_AcIoMa_IfAhj416MgDA62o6GsGfUlHHIOVOtm45jLTDfAYLV5DZb5oPxK7jsU-B9JGlMh2qR5Fg/ryM9qaG_HFP2HPjpczZHrxExm7B4l7G_d6lq9Ph9M-A),image.png (https://v5.airtableusercontent.com/v3/u/58/58/1791108000000/5VigpEgRO5W6gOa4w2B_Kg/V7DlBbxVmSeAhFkhujL4Mo6ozOGVDIjSxjiUxsZPAx89N-nz_qLuVWGp2X82o672KTvjJsK3RmHGhmLuvRqJQ5Coy7r5hnjGGH1ALwr88V1UKo3nvvWnLth7m3wMjBvSM8jHkv2PzpWSJnYCMBfDyQ/3mc1o8j7YSrM5CfDomUEaawEa_z3E4xbbfBbXlVQGCo),image.png (https://v5.airtableusercontent.com/v3/u/58/58/1791108000000/Ec5O3G5TF6iqdmkLEz4bZA/tcrgOSZaOZDaMrTBAwsohlFgm1iYcLctbPMr785SsBeV6BMGF3m_YpE4czp6iSs3aAdov0HwgUTjOqb96jVRv8DA30KW97mgfBFRafEJLd8biW6tYvE4FTbKd6P5CVvxKQFatN3vVL39b44H39irUA/X2eT8jzfdTdjDgzipRlqH5IWObe5rpIL2Ojpor1XlrE)",€42.90,Restauration,
10/11/2021,Strasbourg,WALTZ TRAITEUR CHEZ SOI,,Restauration,FRAIS DE REPAS DE TRAVAIL MME LA MAIRE,"image.png (https://v5.airtableusercontent.com/v3/u/58/58/1791108000000/U_DMwh3JM0LurOhgOYd_vQ/BYI18PddAMfLbXQuE6MQvL5cUQvdJkpHMxrL5eBo9WNkWtU6qbrBQMg6Plw_v-mjb5O3cVZbGd_AcIoMa_IfAhj416MgDA62o6GsGfUlHHIOVOtm45jLTDfAYLV5DZb5oPxK7jsU-B9JGlMh2qR5Fg/ryM9qaG_HFP2HPjpczZHrxExm7B4l7G_d6lq9Ph9M-A),image.png (https://v5.airtableusercontent.com/v3/u/58/58/1791108000000/5VigpEgRO5W6gOa4w2B_Kg/V7DlBbxVmSeAhFkhujL4Mo6ozOGVDIjSxjiUxsZPAx89N-nz_qLuVWGp2X82o672KTvjJsK3RmHGhmLuvRqJQ5Coy7r5hnjGGH1ALwr88V1UKo3nvvWnLth7m3wMjBvSM8jHkv2PzpWSJnYCMBfDyQ/3mc1o8j7YSrM5CfDomUEaawEa_z3E4xbbfBbXlVQGCo),image.png (https://v5.airtableusercontent.com/v3/u/58/58/1791108000000/Ec5O3G5TF6iqdmkLEz4bZA/tcrgOSZaOZDaMrTBAwsohlFgm1iYcLctbPMr785SsBeV6BMGF3m_YpE4czp6iSs3aAdov0HwgUTjOqb96jVRv8DA30KW97mgfBFRafEJLd8biW6tYvE4FTbKd6P5CVvxKQFatN3vVL39b44H39irUA/X2eT8jzfdTdjDgzipRlqH5IWObe5rpIL2Ojpor1XlrE)",€448.80,Restauration,
11/2/2021,Strasbourg,SOC RESTAUR RECEPTION STRASBOURGEOISE,,Restauration,FRAIS DE REPAS DE TRAVAIL MME LA MAIRE,"image.png (https://v5.airtableusercontent.com/v3/u/58/58/1791108000000/U_DMwh3JM0LurOhgOYd_vQ/BYI18PddAMfLbXQuE6MQvL5cUQvdJkpHMxrL5eBo9WNkWtU6qbrBQMg6Plw_v-mjb5O3cVZbGd_AcIoMa_IfAhj416MgDA62o6GsGfUlHHIOVOtm45jLTDfAYLV5DZb5oPxK7jsU-B9JGlMh2qR5Fg/ryM9qaG_HFP2HPjpczZHrxExm7B4l7G_d6lq9Ph9M-A),image.png (https://v5.airtableusercontent.com/v3/u/58/58/1791108000000/5VigpEgRO5W6gOa4w2B_Kg/V7DlBbxVmSeAhFkhujL4Mo6ozOGVDIjSxjiUxsZPAx89N-nz_qLuVWGp2X82o672KTvjJsK3RmHGhmLuvRqJQ5Coy7r5hnjGGH1ALwr88V1UKo3nvvWnLth7m3wMjBvSM8jHkv2PzpWSJnYCMBfDyQ/3mc1o8j7YSrM5CfDomUEaawEa_z3E4xbbfBbXlVQGCo),image.png (https://v5.airtableusercontent.com/v3/u/58/58/1791108000000/Ec5O3G5TF6iqdmkLEz4bZA/tcrgOSZaOZDaMrTBAwsohlFgm1iYcLctbPMr785SsBeV6BMGF3m_YpE4czp6iSs3aAdov0HwgUTjOqb96jVRv8DA30KW97mgfBFRafEJLd8biW6tYvE4FTbKd6P5CVvxKQFatN3vVL39b44H39irUA/X2eT8jzfdTdjDgzipRlqH5IWObe5rpIL2Ojpor1XlrE)",€357.80,Restauration,
10/8/2021,Strasbourg,API RESTAURATION,,Restauration,FRAIS DE REPAS DE TRAVAIL MME LA MAIRE,"image.png (https://v5.airtableusercontent.com/v3/u/58/58/1791108000000/U_DMwh3JM0LurOhgOYd_vQ/BYI18PddAMfLbXQuE6MQvL5cUQvdJkpHMxrL5eBo9WNkWtU6qbrBQMg6Plw_v-mjb5O3cVZbGd_AcIoMa_IfAhj416MgDA62o6GsGfUlHHIOVOtm45jLTDfAYLV5DZb5oPxK7jsU-B9JGlMh2qR5Fg/ryM9qaG_HFP2HPjpczZHrxExm7B4l7G_d6lq9Ph9M-A),image.png (https://v5.airtableusercontent.com/v3/u/58/58/1791108000000/5VigpEgRO5W6gOa4w2B_Kg/V7DlBbxVmSeAhFkhujL4Mo6ozOGVDIjSxjiUxsZPAx89N-nz_qLuVWGp2X82o672KTvjJsK3RmHGhmLuvRqJQ5Coy7r5hnjGGH1ALwr88V1UKo3nvvWnLth7m3wMjBvSM8jHkv2PzpWSJnYCMBfDyQ/3mc1o8j7YSrM5CfDomUEaawEa_z3E4xbbfBbXlVQGCo),image.png (https://v5.airtableusercontent.com/v3/u/58/58/1791108000000/Ec5O3G5TF6iqdmkLEz4bZA/tcrgOSZaOZDaMrTBAwsohlFgm1iYcLctbPMr785SsBeV6BMGF3m_YpE4czp6iSs3aAdov0HwgUTjOqb96jVRv8DA30KW97mgfBFRafEJLd8biW6tYvE4FTbKd6P5CVvxKQFatN3vVL39b44H39irUA/X2eT8jzfdTdjDgzipRlqH5IWObe5rpIL2Ojpor1XlrE)",€47.07,Restauration,
11/10/2021,Strasbourg,PATISSERIE ST NICOLAS,,Restauration,FRAIS DE REPAS DE TRAVAIL MME LA MAIRE,"image.png (https://v5.airtableusercontent.com/v3/u/58/58/1791108000000/U_DMwh3JM0LurOhgOYd_vQ/BYI18PddAMfLbXQuE6MQvL5cUQvdJkpHMxrL5eBo9WNkWtU6qbrBQMg6Plw_v-mjb5O3cVZbGd_AcIoMa_IfAhj416MgDA62o6GsGfUlHHIOVOtm45jLTDfAYLV5DZb5oPxK7jsU-B9JGlMh2qR5Fg/ryM9qaG_HFP2HPjpczZHrxExm7B4l7G_d6lq9Ph9M-A),image.png (https://v5.airtableusercontent.com/v3/u/58/58/1791108000000/5VigpEgRO5W6gOa4w2B_Kg/V7DlBbxVmSeAhFkhujL4Mo6ozOGVDIjSxjiUxsZPAx89N-nz_qLuVWGp2X82o672KTvjJsK3RmHGhmLuvRqJQ5Coy7r5hnjGGH1ALwr88V1UKo3nvvWnLth7m3wMjBvSM8jHkv2PzpWSJnYCMBfDyQ/3mc1o8j7YSrM5CfDomUEaawEa_z3E4xbbfBbXlVQGCo),image.png (https://v5.airtableusercontent.com/v3/u/58/58/1791108000000/Ec5O3G5TF6iqdmkLEz4bZA/tcrgOSZaOZDaMrTBAwsohlFgm1iYcLctbPMr785SsBeV6BMGF3m_YpE4czp6iSs3aAdov0HwgUTjOqb96jVRv8DA30KW97mgfBFRafEJLd8biW6tYvE4FTbKd6P5CVvxKQFatN3vVL39b44H39irUA/X2eT8jzfdTdjDgzipRlqH5IWObe5rpIL2Ojpor1XlrE)",€13.51,Restauration,
11/22/2021,Strasbourg,ELOVIO GRAND EST,,Restauration,FRAIS DE REPAS DE TRAVAIL MME LA MAIRE,"image.png (https://v5.airtableusercontent.com/v3/u/58/58/1791108000000/U_DMwh3JM0LurOhgOYd_vQ/BYI18PddAMfLbXQuE6MQvL5cUQvdJkpHMxrL5eBo9WNkWtU6qbrBQMg6Plw_v-mjb5O3cVZbGd_AcIoMa_IfAhj416MgDA62o6GsGfUlHHIOVOtm45jLTDfAYLV5DZb5oPxK7jsU-B9JGlMh2qR5Fg/ryM9qaG_HFP2HPjpczZHrxExm7B4l7G_d6lq9Ph9M-A),image.png (https://v5.airtableusercontent.com/v3/u/58/58/1791108000000/5VigpEgRO5W6gOa4w2B_Kg/V7DlBbxVmSeAhFkhujL4Mo6ozOGVDIjSxjiUxsZPAx89N-nz_qLuVWGp2X82o672KTvjJsK3RmHGhmLuvRqJQ5Coy7r5hnjGGH1ALwr88V1UKo3nvvWnLth7m3wMjBvSM8jHkv2PzpWSJnYCMBfDyQ/3mc1o8j7YSrM5CfDomUEaawEa_z3E4xbbfBbXlVQGCo),image.png (https://v5.airtableusercontent.com/v3/u/58/58/1791108000000/Ec5O3G5TF6iqdmkLEz4bZA/tcrgOSZaOZDaMrTBAwsohlFgm1iYcLctbPMr785SsBeV6BMGF3m_YpE4czp6iSs3aAdov0HwgUTjOqb96jVRv8DA30KW97mgfBFRafEJLd8biW6tYvE4FTbKd6P5CVvxKQFatN3vVL39b44H39irUA/X2eT8jzfdTdjDgzipRlqH5IWObe5rpIL2Ojpor1XlrE)",€14.91,Restauration,
10/14/2021,Strasbourg,PATISSERIE ST NICOLAS,,Restauration,FRAIS DE REPAS DE TRAVAIL MME LA MAIRE,"image.png (https://v5.airtableusercontent.com/v3/u/58/58/1791108000000/U_DMwh3JM0LurOhgOYd_vQ/BYI18PddAMfLbXQuE6MQvL5cUQvdJkpHMxrL5eBo9WNkWtU6qbrBQMg6Plw_v-mjb5O3cVZbGd_AcIoMa_IfAhj416MgDA62o6GsGfUlHHIOVOtm45jLTDfAYLV5DZb5oPxK7jsU-B9JGlMh2qR5Fg/ryM9qaG_HFP2HPjpczZHrxExm7B4l7G_d6lq9Ph9M-A),image.png (https://v5.airtableusercontent.com/v3/u/58/58/1791108000000/5VigpEgRO5W6gOa4w2B_Kg/V7DlBbxVmSeAhFkhujL4Mo6ozOGVDIjSxjiUxsZPAx89N-nz_qLuVWGp2X82o672KTvjJsK3RmHGhmLuvRqJQ5Coy7r5hnjGGH1ALwr88V1UKo3nvvWnLth7m3wMjBvSM8jHkv2PzpWSJnYCMBfDyQ/3mc1o8j7YSrM5CfDomUEaawEa_z3E4xbbfBbXlVQGCo),image.png (https://v5.airtableusercontent.com/v3/u/58/58/1791108000000/Ec5O3G5TF6iqdmkLEz4bZA/tcrgOSZaOZDaMrTBAwsohlFgm1iYcLctbPMr785SsBeV6BMGF3m_YpE4czp6iSs3aAdov0HwgUTjOqb96jVRv8DA30KW97mgfBFRafEJLd8biW6tYvE4FTbKd6P5CVvxKQFatN3vVL39b44H39irUA/X2eT8jzfdTdjDgzipRlqH5IWObe5rpIL2Ojpor1XlrE)",€15.00,Restauration,
12/1/2021,Strasbourg,TRAITEUR PHILIPPE ROME,,Restauration,FRAIS DE REPAS DE TRAVAIL MME LA MAIRE,"image.png (https://v5.airtableusercontent.com/v3/u/58/58/1791108000000/U_DMwh3JM0LurOhgOYd_vQ/BYI18PddAMfLbXQuE6MQvL5cUQvdJkpHMxrL5eBo9WNkWtU6qbrBQMg6Plw_v-mjb5O3cVZbGd_AcIoMa_IfAhj416MgDA62o6GsGfUlHHIOVOtm45jLTDfAYLV5DZb5oPxK7jsU-B9JGlMh2qR5Fg/ryM9qaG_HFP2HPjpczZHrxExm7B4l7G_d6lq9Ph9M-A),image.png (https://v5.airtableusercontent.com/v3/u/58/58/1791108000000/5VigpEgRO5W6gOa4w2B_Kg/V7DlBbxVmSeAhFkhujL4Mo6ozOGVDIjSxjiUxsZPAx89N-nz_qLuVWGp2X82o672KTvjJsK3RmHGhmLuvRqJQ5Coy7r5hnjGGH1ALwr88V1UKo3nvvWnLth7m3wMjBvSM8jHkv2PzpWSJnYCMBfDyQ/3mc1o8j7YSrM5CfDomUEaawEa_z3E4xbbfBbXlVQGCo),image.png (https://v5.airtableusercontent.com/v3/u/58/58/1791108000000/Ec5O3G5TF6iqdmkLEz4bZA/tcrgOSZaOZDaMrTBAwsohlFgm1iYcLctbPMr785SsBeV6BMGF3m_YpE4czp6iSs3aAdov0HwgUTjOqb96jVRv8DA30KW97mgfBFRafEJLd8biW6tYvE4FTbKd6P5CVvxKQFatN3vVL39b44H39irUA/X2eT8jzfdTdjDgzipRlqH5IWObe5rpIL2Ojpor1XlrE)",€220.00,Restauration,
7/2/2021,Strasbourg,BLUE FLAMINGO,,Restauration,FRAIS DE REPAS DE TRAVAIL MME LA MAIRE,"image.png (https://v5.airtableusercontent.com/v3/u/58/58/1791108000000/U_DMwh3JM0LurOhgOYd_vQ/BYI18PddAMfLbXQuE6MQvL5cUQvdJkpHMxrL5eBo9WNkWtU6qbrBQMg6Plw_v-mjb5O3cVZbGd_AcIoMa_IfAhj416MgDA62o6GsGfUlHHIOVOtm45jLTDfAYLV5DZb5oPxK7jsU-B9JGlMh2qR5Fg/ryM9qaG_HFP2HPjpczZHrxExm7B4l7G_d6lq9Ph9M-A),image.png (https://v5.airtableusercontent.com/v3/u/58/58/1791108000000/5VigpEgRO5W6gOa4w2B_Kg/V7DlBbxVmSeAhFkhujL4Mo6ozOGVDIjSxjiUxsZPAx89N-nz_qLuVWGp2X82o672KTvjJsK3RmHGhmLuvRqJQ5Coy7r5hnjGGH1ALwr88V1UKo3nvvWnLth7m3wMjBvSM8jHkv2PzpWSJnYCMBfDyQ/3mc1o8j7YSrM5CfDomUEaawEa_z3E4xbbfBbXlVQGCo),image.png (https://v5.airtableusercontent.com/v3/u/58/58/1791108000000/Ec5O3G5TF6iqdmkLEz4bZA/tcrgOSZaOZDaMrTBAwsohlFgm1iYcLctbPMr785SsBeV6BMGF3m_YpE4czp6iSs3aAdov0HwgUTjOqb96jVRv8DA30KW97mgfBFRafEJLd8biW6tYvE4FTbKd6P5CVvxKQFatN3vVL39b44H39irUA/X2eT8jzfdTdjDgzipRlqH5IWObe5rpIL2Ojpor1XlrE)",€100.50,Restauration,
9/2/2021,Strasbourg,API RESTAURATION,,Restauration,FRAIS DE REPAS DE TRAVAIL MME LA MAIRE,"image.png (https://v5.airtableusercontent.com/v3/u/58/58/1791108000000/U_DMwh3JM0LurOhgOYd_vQ/BYI18PddAMfLbXQuE6MQvL5cUQvdJkpHMxrL5eBo9WNkWtU6qbrBQMg6Plw_v-mjb5O3cVZbGd_AcIoMa_IfAhj416MgDA62o6GsGfUlHHIOVOtm45jLTDfAYLV5DZb5oPxK7jsU-B9JGlMh2qR5Fg/ryM9qaG_HFP2HPjpczZHrxExm7B4l7G_d6lq9Ph9M-A),image.png (https://v5.airtableusercontent.com/v3/u/58/58/1791108000000/5VigpEgRO5W6gOa4w2B_Kg/V7DlBbxVmSeAhFkhujL4Mo6ozOGVDIjSxjiUxsZPAx89N-nz_qLuVWGp2X82o672KTvjJsK3RmHGhmLuvRqJQ5Coy7r5hnjGGH1ALwr88V1UKo3nvvWnLth7m3wMjBvSM8jHkv2PzpWSJnYCMBfDyQ/3mc1o8j7YSrM5CfDomUEaawEa_z3E4xbbfBbXlVQGCo),image.png (https://v5.airtableusercontent.com/v3/u/58/58/1791108000000/Ec5O3G5TF6iqdmkLEz4bZA/tcrgOSZaOZDaMrTBAwsohlFgm1iYcLctbPMr785SsBeV6BMGF3m_YpE4czp6iSs3aAdov0HwgUTjOqb96jVRv8DA30KW97mgfBFRafEJLd8biW6tYvE4FTbKd6P5CVvxKQFatN3vVL39b44H39irUA/X2eT8jzfdTdjDgzipRlqH5IWObe5rpIL2Ojpor1XlrE)",€25.52,Restauration,
11/9/2021,Strasbourg,SARL LUNA,,Restauration,FRAIS DE REPAS DE TRAVAIL MME LA MAIRE,"image.png (https://v5.airtableusercontent.com/v3/u/58/58/1791108000000/U_DMwh3JM0LurOhgOYd_vQ/BYI18PddAMfLbXQuE6MQvL5cUQvdJkpHMxrL5eBo9WNkWtU6qbrBQMg6Plw_v-mjb5O3cVZbGd_AcIoMa_IfAhj416MgDA62o6GsGfUlHHIOVOtm45jLTDfAYLV5DZb5oPxK7jsU-B9JGlMh2qR5Fg/ryM9qaG_HFP2HPjpczZHrxExm7B4l7G_d6lq9Ph9M-A),image.png (https://v5.airtableusercontent.com/v3/u/58/58/1791108000000/5VigpEgRO5W6gOa4w2B_Kg/V7DlBbxVmSeAhFkhujL4Mo6ozOGVDIjSxjiUxsZPAx89N-nz_qLuVWGp2X82o672KTvjJsK3RmHGhmLuvRqJQ5Coy7r5hnjGGH1ALwr88V1UKo3nvvWnLth7m3wMjBvSM8jHkv2PzpWSJnYCMBfDyQ/3mc1o8j7YSrM5CfDomUEaawEa_z3E4xbbfBbXlVQGCo),image.png (https://v5.airtableusercontent.com/v3/u/58/58/1791108000000/Ec5O3G5TF6iqdmkLEz4bZA/tcrgOSZaOZDaMrTBAwsohlFgm1iYcLctbPMr785SsBeV6BMGF3m_YpE4czp6iSs3aAdov0HwgUTjOqb96jVRv8DA30KW97mgfBFRafEJLd8biW6tYvE4FTbKd6P5CVvxKQFatN3vVL39b44H39irUA/X2eT8jzfdTdjDgzipRlqH5IWObe5rpIL2Ojpor1XlrE)",€451.00,Restauration,
10/27/2021,Strasbourg,PATISSERIE ST NICOLAS,,Restauration,FRAIS DE REPAS DE TRAVAIL MME LA MAIRE,"image.png (https://v5.airtableusercontent.com/v3/u/58/58/1791108000000/U_DMwh3JM0LurOhgOYd_vQ/BYI18PddAMfLbXQuE6MQvL5cUQvdJkpHMxrL5eBo9WNkWtU6qbrBQMg6Plw_v-mjb5O3cVZbGd_AcIoMa_IfAhj416MgDA62o6GsGfUlHHIOVOtm45jLTDfAYLV5DZb5oPxK7jsU-B9JGlMh2qR5Fg/ryM9qaG_HFP2HPjpczZHrxExm7B4l7G_d6lq9Ph9M-A),image.png (https://v5.airtableusercontent.com/v3/u/58/58/1791108000000/5VigpEgRO5W6gOa4w2B_Kg/V7DlBbxVmSeAhFkhujL4Mo6ozOGVDIjSxjiUxsZPAx89N-nz_qLuVWGp2X82o672KTvjJsK3RmHGhmLuvRqJQ5Coy7r5hnjGGH1ALwr88V1UKo3nvvWnLth7m3wMjBvSM8jHkv2PzpWSJnYCMBfDyQ/3mc1o8j7YSrM5CfDomUEaawEa_z3E4xbbfBbXlVQGCo),image.png (https://v5.airtableusercontent.com/v3/u/58/58/1791108000000/Ec5O3G5TF6iqdmkLEz4bZA/tcrgOSZaOZDaMrTBAwsohlFgm1iYcLctbPMr785SsBeV6BMGF3m_YpE4czp6iSs3aAdov0HwgUTjOqb96jVRv8DA30KW97mgfBFRafEJLd8biW6tYvE4FTbKd6P5CVvxKQFatN3vVL39b44H39irUA/X2eT8jzfdTdjDgzipRlqH5IWObe5rpIL2Ojpor1XlrE)",€14.01,Restauration,
11/23/2021,Strasbourg,BRASSERIE DES HARAS,,Restauration,FRAIS DE REPAS DE TRAVAIL MME LA MAIRE,"image.png (https://v5.airtableusercontent.com/v3/u/58/58/1791108000000/U_DMwh3JM0LurOhgOYd_vQ/BYI18PddAMfLbXQuE6MQvL5cUQvdJkpHMxrL5eBo9WNkWtU6qbrBQMg6Plw_v-mjb5O3cVZbGd_AcIoMa_IfAhj416MgDA62o6GsGfUlHHIOVOtm45jLTDfAYLV5DZb5oPxK7jsU-B9JGlMh2qR5Fg/ryM9qaG_HFP2HPjpczZHrxExm7B4l7G_d6lq9Ph9M-A),image.png (https://v5.airtableusercontent.com/v3/u/58/58/1791108000000/5VigpEgRO5W6gOa4w2B_Kg/V7DlBbxVmSeAhFkhujL4Mo6ozOGVDIjSxjiUxsZPAx89N-nz_qLuVWGp2X82o672KTvjJsK3RmHGhmLuvRqJQ5Coy7r5hnjGGH1ALwr88V1UKo3nvvWnLth7m3wMjBvSM8jHkv2PzpWSJnYCMBfDyQ/3mc1o8j7YSrM5CfDomUEaawEa_z3E4xbbfBbXlVQGCo),image.png (https://v5.airtableusercontent.com/v3/u/58/58/1791108000000/Ec5O3G5TF6iqdmkLEz4bZA/tcrgOSZaOZDaMrTBAwsohlFgm1iYcLctbPMr785SsBeV6BMGF3m_YpE4czp6iSs3aAdov0HwgUTjOqb96jVRv8DA30KW97mgfBFRafEJLd8biW6tYvE4FTbKd6P5CVvxKQFatN3vVL39b44H39irUA/X2eT8jzfdTdjDgzipRlqH5IWObe5rpIL2Ojpor1XlrE)",€336.00,Restauration,
12/4/2021,Strasbourg,PATISSERIE ST NICOLAS,,Restauration,FRAIS DE REPAS DE TRAVAIL MME LA MAIRE,"image.png (https://v5.airtableusercontent.com/v3/u/58/58/1791108000000/U_DMwh3JM0LurOhgOYd_vQ/BYI18PddAMfLbXQuE6MQvL5cUQvdJkpHMxrL5eBo9WNkWtU6qbrBQMg6Plw_v-mjb5O3cVZbGd_AcIoMa_IfAhj416MgDA62o6GsGfUlHHIOVOtm45jLTDfAYLV5DZb5oPxK7jsU-B9JGlMh2qR5Fg/ryM9qaG_HFP2HPjpczZHrxExm7B4l7G_d6lq9Ph9M-A),image.png (https://v5.airtableusercontent.com/v3/u/58/58/1791108000000/5VigpEgRO5W6gOa4w2B_Kg/V7DlBbxVmSeAhFkhujL4Mo6ozOGVDIjSxjiUxsZPAx89N-nz_qLuVWGp2X82o672KTvjJsK3RmHGhmLuvRqJQ5Coy7r5hnjGGH1ALwr88V1UKo3nvvWnLth7m3wMjBvSM8jHkv2PzpWSJnYCMBfDyQ/3mc1o8j7YSrM5CfDomUEaawEa_z3E4xbbfBbXlVQGCo),image.png (https://v5.airtableusercontent.com/v3/u/58/58/1791108000000/Ec5O3G5TF6iqdmkLEz4bZA/tcrgOSZaOZDaMrTBAwsohlFgm1iYcLctbPMr785SsBeV6BMGF3m_YpE4czp6iSs3aAdov0HwgUTjOqb96jVRv8DA30KW97mgfBFRafEJLd8biW6tYvE4FTbKd6P5CVvxKQFatN3vVL39b44H39irUA/X2eT8jzfdTdjDgzipRlqH5IWObe5rpIL2Ojpor1XlrE)",€13.51,Restauration,
7/1/2021,Strasbourg,MATTHIAS,,Restauration,FRAIS DE PETIT DEJEUNER MME LA MAIRE,"image.png (https://v5.airtableusercontent.com/v3/u/58/58/1791108000000/U_DMwh3JM0LurOhgOYd_vQ/BYI18PddAMfLbXQuE6MQvL5cUQvdJkpHMxrL5eBo9WNkWtU6qbrBQMg6Plw_v-mjb5O3cVZbGd_AcIoMa_IfAhj416MgDA62o6GsGfUlHHIOVOtm45jLTDfAYLV5DZb5oPxK7jsU-B9JGlMh2qR5Fg/ryM9qaG_HFP2HPjpczZHrxExm7B4l7G_d6lq9Ph9M-A),image.png (https://v5.airtableusercontent.com/v3/u/58/58/1791108000000/5VigpEgRO5W6gOa4w2B_Kg/V7DlBbxVmSeAhFkhujL4Mo6ozOGVDIjSxjiUxsZPAx89N-nz_qLuVWGp2X82o672KTvjJsK3RmHGhmLuvRqJQ5Coy7r5hnjGGH1ALwr88V1UKo3nvvWnLth7m3wMjBvSM8jHkv2PzpWSJnYCMBfDyQ/3mc1o8j7YSrM5CfDomUEaawEa_z3E4xbbfBbXlVQGCo),image.png (https://v5.airtableusercontent.com/v3/u/58/58/1791108000000/Ec5O3G5TF6iqdmkLEz4bZA/tcrgOSZaOZDaMrTBAwsohlFgm1iYcLctbPMr785SsBeV6BMGF3m_YpE4czp6iSs3aAdov0HwgUTjOqb96jVRv8DA30KW97mgfBFRafEJLd8biW6tYvE4FTbKd6P5CVvxKQFatN3vVL39b44H39irUA/X2eT8jzfdTdjDgzipRlqH5IWObe5rpIL2Ojpor1XlrE)",€78.00,Restauration,
7/21/2021,Strasbourg,HEILIGENSTEIN,,Restauration,FRAIS DE PETIT DEJEUNER MME LA MAIRE,"image.png (https://v5.airtableusercontent.com/v3/u/58/58/1791108000000/U_DMwh3JM0LurOhgOYd_vQ/BYI18PddAMfLbXQuE6MQvL5cUQvdJkpHMxrL5eBo9WNkWtU6qbrBQMg6Plw_v-mjb5O3cVZbGd_AcIoMa_IfAhj416MgDA62o6GsGfUlHHIOVOtm45jLTDfAYLV5DZb5oPxK7jsU-B9JGlMh2qR5Fg/ryM9qaG_HFP2HPjpczZHrxExm7B4l7G_d6lq9Ph9M-A),image.png (https://v5.airtableusercontent.com/v3/u/58/58/1791108000000/5VigpEgRO5W6gOa4w2B_Kg/V7DlBbxVmSeAhFkhujL4Mo6ozOGVDIjSxjiUxsZPAx89N-nz_qLuVWGp2X82o672KTvjJsK3RmHGhmLuvRqJQ5Coy7r5hnjGGH1ALwr88V1UKo3nvvWnLth7m3wMjBvSM8jHkv2PzpWSJnYCMBfDyQ/3mc1o8j7YSrM5CfDomUEaawEa_z3E4xbbfBbXlVQGCo),image.png (https://v5.airtableusercontent.com/v3/u/58/58/1791108000000/Ec5O3G5TF6iqdmkLEz4bZA/tcrgOSZaOZDaMrTBAwsohlFgm1iYcLctbPMr785SsBeV6BMGF3m_YpE4czp6iSs3aAdov0HwgUTjOqb96jVRv8DA30KW97mgfBFRafEJLd8biW6tYvE4FTbKd6P5CVvxKQFatN3vVL39b44H39irUA/X2eT8jzfdTdjDgzipRlqH5IWObe5rpIL2Ojpor1XlrE)",€42.10,Restauration,
4/15/2021,Strasbourg,PATISSERIE ST NICOLAS,,Restauration,FRAIS DE PETIT DEJEUNER MME LA MAIRE,"image.png (https://v5.airtableusercontent.com/v3/u/58/58/1791108000000/U_DMwh3JM0LurOhgOYd_vQ/BYI18PddAMfLbXQuE6MQvL5cUQvdJkpHMxrL5eBo9WNkWtU6qbrBQMg6Plw_v-mjb5O3cVZbGd_AcIoMa_IfAhj416MgDA62o6GsGfUlHHIOVOtm45jLTDfAYLV5DZb5oPxK7jsU-B9JGlMh2qR5Fg/ryM9qaG_HFP2HPjpczZHrxExm7B4l7G_d6lq9Ph9M-A),image.png (https://v5.airtableusercontent.com/v3/u/58/58/1791108000000/5VigpEgRO5W6gOa4w2B_Kg/V7DlBbxVmSeAhFkhujL4Mo6ozOGVDIjSxjiUxsZPAx89N-nz_qLuVWGp2X82o672KTvjJsK3RmHGhmLuvRqJQ5Coy7r5hnjGGH1ALwr88V1UKo3nvvWnLth7m3wMjBvSM8jHkv2PzpWSJnYCMBfDyQ/3mc1o8j7YSrM5CfDomUEaawEa_z3E4xbbfBbXlVQGCo),image.png (https://v5.airtableusercontent.com/v3/u/58/58/1791108000000/Ec5O3G5TF6iqdmkLEz4bZA/tcrgOSZaOZDaMrTBAwsohlFgm1iYcLctbPMr785SsBeV6BMGF3m_YpE4czp6iSs3aAdov0HwgUTjOqb96jVRv8DA30KW97mgfBFRafEJLd8biW6tYvE4FTbKd6P5CVvxKQFatN3vVL39b44H39irUA/X2eT8jzfdTdjDgzipRlqH5IWObe5rpIL2Ojpor1XlrE)",€22.03,Restauration,
1/27/2021,Strasbourg,BOULANGERIE PATISSERIE OLLAND,,Restauration,FRAIS DE PETIT DEJEUNER MME LA MAIRE,"image.png (https://v5.airtableusercontent.com/v3/u/58/58/1791108000000/U_DMwh3JM0LurOhgOYd_vQ/BYI18PddAMfLbXQuE6MQvL5cUQvdJkpHMxrL5eBo9WNkWtU6qbrBQMg6Plw_v-mjb5O3cVZbGd_AcIoMa_IfAhj416MgDA62o6GsGfUlHHIOVOtm45jLTDfAYLV5DZb5oPxK7jsU-B9JGlMh2qR5Fg/ryM9qaG_HFP2HPjpczZHrxExm7B4l7G_d6lq9Ph9M-A),image.png (https://v5.airtableusercontent.com/v3/u/58/58/1791108000000/5VigpEgRO5W6gOa4w2B_Kg/V7DlBbxVmSeAhFkhujL4Mo6ozOGVDIjSxjiUxsZPAx89N-nz_qLuVWGp2X82o672KTvjJsK3RmHGhmLuvRqJQ5Coy7r5hnjGGH1ALwr88V1UKo3nvvWnLth7m3wMjBvSM8jHkv2PzpWSJnYCMBfDyQ/3mc1o8j7YSrM5CfDomUEaawEa_z3E4xbbfBbXlVQGCo),image.png (https://v5.airtableusercontent.com/v3/u/58/58/1791108000000/Ec5O3G5TF6iqdmkLEz4bZA/tcrgOSZaOZDaMrTBAwsohlFgm1iYcLctbPMr785SsBeV6BMGF3m_YpE4czp6iSs3aAdov0HwgUTjOqb96jVRv8DA30KW97mgfBFRafEJLd8biW6tYvE4FTbKd6P5CVvxKQFatN3vVL39b44H39irUA/X2eT8jzfdTdjDgzipRlqH5IWObe5rpIL2Ojpor1XlrE)",€11.35,Restauration,
10/6/2021,Strasbourg,HEILIGENSTEIN,,Restauration,FRAIS DE PETIT DEJEUNER MME LA MAIRE,"image.png (https://v5.airtableusercontent.com/v3/u/58/58/1791108000000/U_DMwh3JM0LurOhgOYd_vQ/BYI18PddAMfLbXQuE6MQvL5cUQvdJkpHMxrL5eBo9WNkWtU6qbrBQMg6Plw_v-mjb5O3cVZbGd_AcIoMa_IfAhj416MgDA62o6GsGfUlHHIOVOtm45jLTDfAYLV5DZb5oPxK7jsU-B9JGlMh2qR5Fg/ryM9qaG_HFP2HPjpczZHrxExm7B4l7G_d6lq9Ph9M-A),image.png (https://v5.airtableusercontent.com/v3/u/58/58/1791108000000/5VigpEgRO5W6gOa4w2B_Kg/V7DlBbxVmSeAhFkhujL4Mo6ozOGVDIjSxjiUxsZPAx89N-nz_qLuVWGp2X82o672KTvjJsK3RmHGhmLuvRqJQ5Coy7r5hnjGGH1ALwr88V1UKo3nvvWnLth7m3wMjBvSM8jHkv2PzpWSJnYCMBfDyQ/3mc1o8j7YSrM5CfDomUEaawEa_z3E4xbbfBbXlVQGCo),image.png (https://v5.airtableusercontent.com/v3/u/58/58/1791108000000/Ec5O3G5TF6iqdmkLEz4bZA/tcrgOSZaOZDaMrTBAwsohlFgm1iYcLctbPMr785SsBeV6BMGF3m_YpE4czp6iSs3aAdov0HwgUTjOqb96jVRv8DA30KW97mgfBFRafEJLd8biW6tYvE4FTbKd6P5CVvxKQFatN3vVL39b44H39irUA/X2eT8jzfdTdjDgzipRlqH5IWObe5rpIL2Ojpor1XlrE)",€30.25,Restauration,
11/15/2021,Strasbourg,PATISSERIE ST NICOLAS,,Restauration,FRAIS DE PETIT DEJEUNER MME LA MAIRE,"image.png (https://v5.airtableusercontent.com/v3/u/58/58/1791108000000/U_DMwh3JM0LurOhgOYd_vQ/BYI18PddAMfLbXQuE6MQvL5cUQvdJkpHMxrL5eBo9WNkWtU6qbrBQMg6Plw_v-mjb5O3cVZbGd_AcIoMa_IfAhj416MgDA62o6GsGfUlHHIOVOtm45jLTDfAYLV5DZb5oPxK7jsU-B9JGlMh2qR5Fg/ryM9qaG_HFP2HPjpczZHrxExm7B4l7G_d6lq9Ph9M-A),image.png (https://v5.airtableusercontent.com/v3/u/58/58/1791108000000/5VigpEgRO5W6gOa4w2B_Kg/V7DlBbxVmSeAhFkhujL4Mo6ozOGVDIjSxjiUxsZPAx89N-nz_qLuVWGp2X82o672KTvjJsK3RmHGhmLuvRqJQ5Coy7r5hnjGGH1ALwr88V1UKo3nvvWnLth7m3wMjBvSM8jHkv2PzpWSJnYCMBfDyQ/3mc1o8j7YSrM5CfDomUEaawEa_z3E4xbbfBbXlVQGCo),image.png (https://v5.airtableusercontent.com/v3/u/58/58/1791108000000/Ec5O3G5TF6iqdmkLEz4bZA/tcrgOSZaOZDaMrTBAwsohlFgm1iYcLctbPMr785SsBeV6BMGF3m_YpE4czp6iSs3aAdov0HwgUTjOqb96jVRv8DA30KW97mgfBFRafEJLd8biW6tYvE4FTbKd6P5CVvxKQFatN3vVL39b44H39irUA/X2eT8jzfdTdjDgzipRlqH5IWObe5rpIL2Ojpor1XlrE)",€52.23,Restauration,
10/21/2021,Strasbourg,HEILIGENSTEIN,,Restauration,FRAIS DE PETIT DEJEUNER MME LA MAIRE,"image.png (https://v5.airtableusercontent.com/v3/u/58/58/1791108000000/U_DMwh3JM0LurOhgOYd_vQ/BYI18PddAMfLbXQuE6MQvL5cUQvdJkpHMxrL5eBo9WNkWtU6qbrBQMg6Plw_v-mjb5O3cVZbGd_AcIoMa_IfAhj416MgDA62o6GsGfUlHHIOVOtm45jLTDfAYLV5DZb5oPxK7jsU-B9JGlMh2qR5Fg/ryM9qaG_HFP2HPjpczZHrxExm7B4l7G_d6lq9Ph9M-A),image.png (https://v5.airtableusercontent.com/v3/u/58/58/1791108000000/5VigpEgRO5W6gOa4w2B_Kg/V7DlBbxVmSeAhFkhujL4Mo6ozOGVDIjSxjiUxsZPAx89N-nz_qLuVWGp2X82o672KTvjJsK3RmHGhmLuvRqJQ5Coy7r5hnjGGH1ALwr88V1UKo3nvvWnLth7m3wMjBvSM8jHkv2PzpWSJnYCMBfDyQ/3mc1o8j7YSrM5CfDomUEaawEa_z3E4xbbfBbXlVQGCo),image.png (https://v5.airtableusercontent.com/v3/u/58/58/1791108000000/Ec5O3G5TF6iqdmkLEz4bZA/tcrgOSZaOZDaMrTBAwsohlFgm1iYcLctbPMr785SsBeV6BMGF3m_YpE4czp6iSs3aAdov0HwgUTjOqb96jVRv8DA30KW97mgfBFRafEJLd8biW6tYvE4FTbKd6P5CVvxKQFatN3vVL39b44H39irUA/X2eT8jzfdTdjDgzipRlqH5IWObe5rpIL2Ojpor1XlrE)",€20.00,Restauration,
10/6/2021,Strasbourg,HEILIGENSTEIN,,Restauration,FRAIS DE PETIT DEJEUNER MME LA MAIRE,"image.png (https://v5.airtableusercontent.com/v3/u/58/58/1791108000000/U_DMwh3JM0LurOhgOYd_vQ/BYI18PddAMfLbXQuE6MQvL5cUQvdJkpHMxrL5eBo9WNkWtU6qbrBQMg6Plw_v-mjb5O3cVZbGd_AcIoMa_IfAhj416MgDA62o6GsGfUlHHIOVOtm45jLTDfAYLV5DZb5oPxK7jsU-B9JGlMh2qR5Fg/ryM9qaG_HFP2HPjpczZHrxExm7B4l7G_d6lq9Ph9M-A),image.png (https://v5.airtableusercontent.com/v3/u/58/58/1791108000000/5VigpEgRO5W6gOa4w2B_Kg/V7DlBbxVmSeAhFkhujL4Mo6ozOGVDIjSxjiUxsZPAx89N-nz_qLuVWGp2X82o672KTvjJsK3RmHGhmLuvRqJQ5Coy7r5hnjGGH1ALwr88V1UKo3nvvWnLth7m3wMjBvSM8jHkv2PzpWSJnYCMBfDyQ/3mc1o8j7YSrM5CfDomUEaawEa_z3E4xbbfBbXlVQGCo),image.png (https://v5.airtableusercontent.com/v3/u/58/58/1791108000000/Ec5O3G5TF6iqdmkLEz4bZA/tcrgOSZaOZDaMrTBAwsohlFgm1iYcLctbPMr785SsBeV6BMGF3m_YpE4czp6iSs3aAdov0HwgUTjOqb96jVRv8DA30KW97mgfBFRafEJLd8biW6tYvE4FTbKd6P5CVvxKQFatN3vVL39b44H39irUA/X2eT8jzfdTdjDgzipRlqH5IWObe5rpIL2Ojpor1XlrE)",€54.00,Restauration,
6/14/2021,Strasbourg,PONTOS,,Restauration,FRAIS DE PETIT DEJEUNER DE TRAVAIL MME LA MAIRE,"image.png (https://v5.airtableusercontent.com/v3/u/58/58/1791108000000/U_DMwh3JM0LurOhgOYd_vQ/BYI18PddAMfLbXQuE6MQvL5cUQvdJkpHMxrL5eBo9WNkWtU6qbrBQMg6Plw_v-mjb5O3cVZbGd_AcIoMa_IfAhj416MgDA62o6GsGfUlHHIOVOtm45jLTDfAYLV5DZb5oPxK7jsU-B9JGlMh2qR5Fg/ryM9qaG_HFP2HPjpczZHrxExm7B4l7G_d6lq9Ph9M-A),image.png (https://v5.airtableusercontent.com/v3/u/58/58/1791108000000/5VigpEgRO5W6gOa4w2B_Kg/V7DlBbxVmSeAhFkhujL4Mo6ozOGVDIjSxjiUxsZPAx89N-nz_qLuVWGp2X82o672KTvjJsK3RmHGhmLuvRqJQ5Coy7r5hnjGGH1ALwr88V1UKo3nvvWnLth7m3wMjBvSM8jHkv2PzpWSJnYCMBfDyQ/3mc1o8j7YSrM5CfDomUEaawEa_z3E4xbbfBbXlVQGCo),image.png (https://v5.airtableusercontent.com/v3/u/58/58/1791108000000/Ec5O3G5TF6iqdmkLEz4bZA/tcrgOSZaOZDaMrTBAwsohlFgm1iYcLctbPMr785SsBeV6BMGF3m_YpE4czp6iSs3aAdov0HwgUTjOqb96jVRv8DA30KW97mgfBFRafEJLd8biW6tYvE4FTbKd6P5CVvxKQFatN3vVL39b44H39irUA/X2eT8jzfdTdjDgzipRlqH5IWObe5rpIL2Ojpor1XlrE)",€200.00,Restauration,
12/2/2020,Strasbourg,HEILIGENSTEIN,,Restauration,FRAIS DE PETIT DEJEUNER DE TRAVAIL MME LA MAIRE,"image.png (https://v5.airtableusercontent.com/v3/u/58/58/1791108000000/U_DMwh3JM0LurOhgOYd_vQ/BYI18PddAMfLbXQuE6MQvL5cUQvdJkpHMxrL5eBo9WNkWtU6qbrBQMg6Plw_v-mjb5O3cVZbGd_AcIoMa_IfAhj416MgDA62o6GsGfUlHHIOVOtm45jLTDfAYLV5DZb5oPxK7jsU-B9JGlMh2qR5Fg/ryM9qaG_HFP2HPjpczZHrxExm7B4l7G_d6lq9Ph9M-A),image.png (https://v5.airtableusercontent.com/v3/u/58/58/1791108000000/5VigpEgRO5W6gOa4w2B_Kg/V7DlBbxVmSeAhFkhujL4Mo6ozOGVDIjSxjiUxsZPAx89N-nz_qLuVWGp2X82o672KTvjJsK3RmHGhmLuvRqJQ5Coy7r5hnjGGH1ALwr88V1UKo3nvvWnLth7m3wMjBvSM8jHkv2PzpWSJnYCMBfDyQ/3mc1o8j7YSrM5CfDomUEaawEa_z3E4xbbfBbXlVQGCo),image.png (https://v5.airtableusercontent.com/v3/u/58/58/1791108000000/Ec5O3G5TF6iqdmkLEz4bZA/tcrgOSZaOZDaMrTBAwsohlFgm1iYcLctbPMr785SsBeV6BMGF3m_YpE4czp6iSs3aAdov0HwgUTjOqb96jVRv8DA30KW97mgfBFRafEJLd8biW6tYvE4FTbKd6P5CVvxKQFatN3vVL39b44H39irUA/X2eT8jzfdTdjDgzipRlqH5IWObe5rpIL2Ojpor1XlrE)",€18.00,Restauration,
1/9/2021,Strasbourg,HEILIGENSTEIN,,Restauration,FRAIS DE PETIT DEJEUNER DE TRAVAIL MME LA MAIRE,"image.png (https://v5.airtableusercontent.com/v3/u/58/58/1791108000000/U_DMwh3JM0LurOhgOYd_vQ/BYI18PddAMfLbXQuE6MQvL5cUQvdJkpHMxrL5eBo9WNkWtU6qbrBQMg6Plw_v-mjb5O3cVZbGd_AcIoMa_IfAhj416MgDA62o6GsGfUlHHIOVOtm45jLTDfAYLV5DZb5oPxK7jsU-B9JGlMh2qR5Fg/ryM9qaG_HFP2HPjpczZHrxExm7B4l7G_d6lq9Ph9M-A),image.png (https://v5.airtableusercontent.com/v3/u/58/58/1791108000000/5VigpEgRO5W6gOa4w2B_Kg/V7DlBbxVmSeAhFkhujL4Mo6ozOGVDIjSxjiUxsZPAx89N-nz_qLuVWGp2X82o672KTvjJsK3RmHGhmLuvRqJQ5Coy7r5hnjGGH1ALwr88V1UKo3nvvWnLth7m3wMjBvSM8jHkv2PzpWSJnYCMBfDyQ/3mc1o8j7YSrM5CfDomUEaawEa_z3E4xbbfBbXlVQGCo),image.png (https://v5.airtableusercontent.com/v3/u/58/58/1791108000000/Ec5O3G5TF6iqdmkLEz4bZA/tcrgOSZaOZDaMrTBAwsohlFgm1iYcLctbPMr785SsBeV6BMGF3m_YpE4czp6iSs3aAdov0HwgUTjOqb96jVRv8DA30KW97mgfBFRafEJLd8biW6tYvE4FTbKd6P5CVvxKQFatN3vVL39b44H39irUA/X2eT8jzfdTdjDgzipRlqH5IWObe5rpIL2Ojpor1XlrE)",€7.30,Restauration,
12/23/2020,Strasbourg,PATISSERIE ST NICOLAS,,Restauration,FRAIS DE PETIT DEJEUNER DE TRAVAIL MME LA MAIRE,"image.png (https://v5.airtableusercontent.com/v3/u/58/58/1791108000000/U_DMwh3JM0LurOhgOYd_vQ/BYI18PddAMfLbXQuE6MQvL5cUQvdJkpHMxrL5eBo9WNkWtU6qbrBQMg6Plw_v-mjb5O3cVZbGd_AcIoMa_IfAhj416MgDA62o6GsGfUlHHIOVOtm45jLTDfAYLV5DZb5oPxK7jsU-B9JGlMh2qR5Fg/ryM9qaG_HFP2HPjpczZHrxExm7B4l7G_d6lq9Ph9M-A),image.png (https://v5.airtableusercontent.com/v3/u/58/58/1791108000000/5VigpEgRO5W6gOa4w2B_Kg/V7DlBbxVmSeAhFkhujL4Mo6ozOGVDIjSxjiUxsZPAx89N-nz_qLuVWGp2X82o672KTvjJsK3RmHGhmLuvRqJQ5Coy7r5hnjGGH1ALwr88V1UKo3nvvWnLth7m3wMjBvSM8jHkv2PzpWSJnYCMBfDyQ/3mc1o8j7YSrM5CfDomUEaawEa_z3E4xbbfBbXlVQGCo),image.png (https://v5.airtableusercontent.com/v3/u/58/58/1791108000000/Ec5O3G5TF6iqdmkLEz4bZA/tcrgOSZaOZDaMrTBAwsohlFgm1iYcLctbPMr785SsBeV6BMGF3m_YpE4czp6iSs3aAdov0HwgUTjOqb96jVRv8DA30KW97mgfBFRafEJLd8biW6tYvE4FTbKd6P5CVvxKQFatN3vVL39b44H39irUA/X2eT8jzfdTdjDgzipRlqH5IWObe5rpIL2Ojpor1XlrE)",€10.02,Restauration,
1/26/2021,Strasbourg,BOULANGERIE PATISSERIE OLLAND,,Restauration,FRAIS DE PETIT DEJEUNER DE TRAVAIL MME LA MAIRE,"image.png (https://v5.airtableusercontent.com/v3/u/58/58/1791108000000/U_DMwh3JM0LurOhgOYd_vQ/BYI18PddAMfLbXQuE6MQvL5cUQvdJkpHMxrL5eBo9WNkWtU6qbrBQMg6Plw_v-mjb5O3cVZbGd_AcIoMa_IfAhj416MgDA62o6GsGfUlHHIOVOtm45jLTDfAYLV5DZb5oPxK7jsU-B9JGlMh2qR5Fg/ryM9qaG_HFP2HPjpczZHrxExm7B4l7G_d6lq9Ph9M-A),image.png (https://v5.airtableusercontent.com/v3/u/58/58/1791108000000/5VigpEgRO5W6gOa4w2B_Kg/V7DlBbxVmSeAhFkhujL4Mo6ozOGVDIjSxjiUxsZPAx89N-nz_qLuVWGp2X82o672KTvjJsK3RmHGhmLuvRqJQ5Coy7r5hnjGGH1ALwr88V1UKo3nvvWnLth7m3wMjBvSM8jHkv2PzpWSJnYCMBfDyQ/3mc1o8j7YSrM5CfDomUEaawEa_z3E4xbbfBbXlVQGCo),image.png (https://v5.airtableusercontent.com/v3/u/58/58/1791108000000/Ec5O3G5TF6iqdmkLEz4bZA/tcrgOSZaOZDaMrTBAwsohlFgm1iYcLctbPMr785SsBeV6BMGF3m_YpE4czp6iSs3aAdov0HwgUTjOqb96jVRv8DA30KW97mgfBFRafEJLd8biW6tYvE4FTbKd6P5CVvxKQFatN3vVL39b44H39irUA/X2eT8jzfdTdjDgzipRlqH5IWObe5rpIL2Ojpor1XlrE)",€23.20,Restauration,
8/12/2020,Strasbourg,Inconnu,,Transport,Frais de déplacement : TOURS 2020.07.21,image.png (https://v5.airtableusercontent.com/v3/u/58/58/1791108000000/1xzG8cchmt98HxEAXJeUrA/MQBv1bkfQujauZmgmIJNWIr9NyCyC_rxEN1jR_zFJRb1NryTYbRmWAzM6oBWVUPX15RZOBJy_VSAdQN9QZ_-EwC_UQBqheHDoD1aMILsKzRP0gZoVO7j0TflDwBpz_JL0mUnJzjkCE-oq17zIXxPrA/oQTl4CKSyh2lQwLDI3sV012UQWOcyX2IBnFu7iPmZM4),€235.30,Transport,
1/4/2021,Strasbourg,BOULANGERIE PATISSERIE OLLAND,,Restauration,FRAIS DE PETIT DEJEUNER DE TRAVAIL MME LA MAIRE,"image.png (https://v5.airtableusercontent.com/v3/u/58/58/1791108000000/U_DMwh3JM0LurOhgOYd_vQ/BYI18PddAMfLbXQuE6MQvL5cUQvdJkpHMxrL5eBo9WNkWtU6qbrBQMg6Plw_v-mjb5O3cVZbGd_AcIoMa_IfAhj416MgDA62o6GsGfUlHHIOVOtm45jLTDfAYLV5DZb5oPxK7jsU-B9JGlMh2qR5Fg/ryM9qaG_HFP2HPjpczZHrxExm7B4l7G_d6lq9Ph9M-A),image.png (https://v5.airtableusercontent.com/v3/u/58/58/1791108000000/5VigpEgRO5W6gOa4w2B_Kg/V7DlBbxVmSeAhFkhujL4Mo6ozOGVDIjSxjiUxsZPAx89N-nz_qLuVWGp2X82o672KTvjJsK3RmHGhmLuvRqJQ5Coy7r5hnjGGH1ALwr88V1UKo3nvvWnLth7m3wMjBvSM8jHkv2PzpWSJnYCMBfDyQ/3mc1o8j7YSrM5CfDomUEaawEa_z3E4xbbfBbXlVQGCo),image.png (https://v5.airtableusercontent.com/v3/u/58/58/1791108000000/Ec5O3G5TF6iqdmkLEz4bZA/tcrgOSZaOZDaMrTBAwsohlFgm1iYcLctbPMr785SsBeV6BMGF3m_YpE4czp6iSs3aAdov0HwgUTjOqb96jVRv8DA30KW97mgfBFRafEJLd8biW6tYvE4FTbKd6P5CVvxKQFatN3vVL39b44H39irUA/X2eT8jzfdTdjDgzipRlqH5IWObe5rpIL2Ojpor1XlrE)",€11.25,Restauration,
3/16/2021,Strasbourg,Inconnu,,Transport,Frais de déplacement : PARIS 2021.03.05,image.png (https://v5.airtableusercontent.com/v3/u/58/58/1791108000000/T6mAWuytmCvdQ5FmosDFNQ/SvKAzikU5XQ_lZRONtKO3CcxrCgflsNC0sHvgYA8HgFQpGPupgaJUiMcJF1tPDIlTthZRcteulWJn2STLHpelQt0u-A2NJETttIPyrR9FnMFQRCQPoAU36FSCqMXm0nTXEpR6JSPVsUxmJw6fjLRLA/n7JR2P0Q1fm3X2M_zG4RHsNhwWGKvR-fhSfalaIWFqc),€167.00,Transport,
10/16/2020,Strasbourg,Inconnu,,Transport,Frais de déplacement : PARIS 2020.09.24,image.png (https://v5.airtableusercontent.com/v3/u/58/58/1791108000000/uvOqrBb5wcQxwn81idyxxA/aOt4ZqkpSzScufRnPJUroGT-nMJ09RMNX0mHHm58uP2amyaTzPQ0cNjpP1QjfxyRbafqcVLjrsCFK9MBklLbgTslhihPKw46CbgyHo3Yk7TzofYp2ZuNqYEUecSBcIPGdQQ0p9xJGfFJrvJz2E67tA/rVPQD6N7GWW59xzZWd2MhjeW2v_Ls7jTda44tX1u08g),€180.50,Transport,
3/23/2021,Strasbourg,Inconnu,,Transport,Frais de déplacement : LYON 2021.03.11,,€238.00,Transport,
5/6/2021,Strasbourg,Inconnu,,Transport,Frais de déplacement : PARIS 2021.02.13,,€131.60,Transport,
10/7/2021,Strasbourg,Inconnu,,Transport,Frais de déplacement : NANTES 2021.09.09,,€235.60,Transport,
11/18/2021,Strasbourg,Inconnu,,Transport,Frais de déplacement : BERLIN 2021.09.25,,€28.70,Transport,
9/11/2020,Thônes,Avis ,65202396103560,Location de courte durée de voitures et de véhicules automobiles légers,Location de voiture ,"Screenshot of madada.fr on 2023-11-03 at 11.03.16.png (https://v5.airtableusercontent.com/v3/u/58/58/1791108000000/OM8nIByly1M69qj1adxUpA/K3tIcb7gjybMm9tDNtFeteH3NuIrUJKyvhwVnlc4MjuCQP5fksaT798nmQLssz9tgLK0FP9aLPn-vJsyU64q4Hz2_gbMnQaBfcmn4ymy3IfUmhYNHnL2qvYdiInfiF8xWGCUJH_fAotXrpvp3Y6agpc9S9Umgp_9h_cwvbmZVhm7lxETv44zvkfui44WexVU/dgSX1Q0-fJ6VktPH4e6cKTDWgGVyMORwAnhcZahNtbg),Screenshot of madada.fr on 2023-11-03 at 11.03.27.png (https://v5.airtableusercontent.com/v3/u/58/58/1791108000000/f3i6HgVFGnTKUopGSvUJSg/h8y4xEdm29ZZPmSLv_qb8Au4rW5pl_PIl6AimcRsEm-_S8RN1jF_79iQKfObVfpSP7pMUyFvQwmZEY3XocMDiwLr9HTAr6MFyoc1R6zjxHWPEuoBNtGywmjlvNo1LPfEpHxh3LXui3iIblZ0-iVPwbPJkeDyOxTI9umNhNHkbvdzadR4ShcW8VE4lH679Lsl/QmbNbsYUSu09Nc4k2g0pyMblBSyR5Nu8JA6CI4pjb2s)",€161.57,Transport,
9/11/2020,Thônes,Inconnu,,aucune information,Inconnu,Screenshot of madada.fr on 2023-11-03 at 11.06.22.png (https://v5.airtableusercontent.com/v3/u/58/58/1791108000000/sAYf_GkYTj6u4cm7rg1pNA/ffb-0mXJ5xs3tCfdUpRZ6fVUf5TxieT_q7uS5yWMVYjwIGzKiey8MjtGzJ7W1CrpCA44mr_DrLC7kHE_Vz3Efi5AJCH9jnFB9s5n2ufpLyBrG7Prwk1kWhCAWSjySXbM7qORjCVwUoOVQRniaQ12Bw5BhfWJl3_dHtaWncmiqmbe6a0lRrBjBiKJ2FYqMeP8/E5EKhwVWDNPOcBcEqLw3PsODtTTx_Q9zUpmo52CcPUE),€161.57,Inconnu,
5/28/2022,Toulon,Gan assurance,44901595700029,Activités des agents et courtiers d’assurances,assurance ,Screenshot of madada.fr on 2023-10-18 at 15.10.13.png (https://v5.airtableusercontent.com/v3/u/58/58/1791108000000/XShroNImvbA_ZS-KQSsRvg/zvrJZW5uGpA4MHs1m3UpL16dUMhgKmdxjExliuE5ObO-oPaQV4aT8pgF5lvwZp7nCbONmdHcoR_f0Izt8yZwnknODrCH3dej5dOM-bJRRnks4LMHwhmfley3VzFc_33ag_cf8MCCN-fd6gNOK1wyBRRMRSSukEZTTntuYUMrkrtQlohPbRzwWRe3i3UMawmZ/wvgp5YtZhYVE245OpU4ea5uR0etss0vFswYaV8bR_bM),€759.36,Banque et assurance,
9/1/2022,Toulon,"Oscar 
SAS Bernard Zaquin (chemiserie)
",72950205400061,Commerce de détail d’habillement en magasin spécialisé,3 chemisiers Hugo Boss,Screenshot of madada.fr on 2023-10-18 at 15.14.06.png (https://v5.airtableusercontent.com/v3/u/58/58/1791108000000/_8SJ_H1t9RFZszTY_PURPg/kebPFhi53-g6hRyCZRYmFDrCfUxWsemz-1hQwwPvUw5p29Rk8s-xBQL-_M2Y23Y-BGbikgFHw6xlIG17oy2Bw0SD0TebO_EU_TBIXeHiMt6Awg2MzDXU8-OOW0lScmLfiEuY2ObxctOIUjDYfBjK1uZ1OoP6NQAL16FFTs9eZGMjRKic5JcU63mdM6QOZ-qH/-jboxPsykoVJVIbmq41gWGFtUaNdXCbiN1pXWKkD0FU),€150.00,Vêtements,
7/25/2022,Toulon,"Oscar 
SAS Bernard Zaquin (chemiserie)",72950205400061,Commerce de détail d’habillement en magasin spécialisé,"2 cravates
1 polo Colmar 
1 bermuda 
1 jeans 
1 polo
1 chemise 
",Screenshot of madada.fr on 2023-10-18 at 15.28.49.png (https://v5.airtableusercontent.com/v3/u/58/58/1791108000000/IcFIrp8kbOZZgKupf8gCDQ/97VK0Bhxeboc19sGPo6dGtnmkFxIenKzWvUoxAvdtZZkesdluqx7wmMlvhLfikgvRo5Evu3gVdzz8ZrrW_51ggHiDmQfNTkiXf4q3tzoohd-In5FLWXd9s3nhlAgnFTGiuQUYSV1yiq_wXqm3nNC1gt6-Cam23frhjbRAbsCT7limyIOyumiU9RA6kFRV1P1/SAhaMTNhs8oHbT16pkoKpakpAuqCslE0h5Gymzz2OKA),€625.00,Vêtements,
9/10/2022,Toulon,"Oscar 
SAS Barnard Zaquin  (chemiserie)",72950205400061,Commerce de détail d’habillement en magasin spécialisé,2 polos Colmar ,Screenshot of madada.fr on 2023-10-18 at 15.30.15.png (https://v5.airtableusercontent.com/v3/u/58/58/1791108000000/qP_25NXoX3aJta_HkXJ0Ww/n7bkLEUQpxBH01l6h7SmCqyQHFTW6ZmBC9laGh4AVawaH6V5APfEmILBscfkG1GFCfqIVpDr5haDxjf3hlcXbuPBnjg37JgvbbNmZ1m0IZOtSiIkl-BKMdkMlMX31evFVKYoWRoihrpHtB7QC7jxOYgRwtzR4pP7nQsgjmMZljrreH27iM-muNo9VLnxP_LE/OYpaUALoprg6aSSltmzGdB0aIpfAyYP2yTvTeOabxEQ),€115.00,Vêtements,
9/24/2022,Toulon,"Oscar 
SAS Bernard Zaquin (chemiserie)",72950205400061,Commerce de détail d’habillement en magasin spécialisé,"2 costumes Hugo Boss
1 chemise Hugo Boss
",Screenshot of madada.fr on 2023-10-18 at 15.43.14.png (https://v5.airtableusercontent.com/v3/u/58/58/1791108000000/1rvSFclNWK3JkvRfNF1cOA/2VYXt5byvWGBETXtf6Ha7M69ig-pqMCHTWq5BdPRPhslN5vw0MYzJp8-jv02wecR_U3DkpewvokvtepF0Um54ggX1HW5xODBuPnnzoZFhzbEnRXPBZh6_8GRDcx5mi2xYoK0_l2bgMi_Bm65sxp4aFiFhA0dgLb-X0GmvGkpq7CJ3uVcoTmnlH-8qk8WSuvG/SWsGqCo9UTuR2cj1TH7IsL088jf2aSrH6JUxEIja7Vk),€700.00,Vêtements,
7/31/2022,Toulon,Pink Pressing ,89880625200018,Blanchisserie-teinturerie de détail,nettoyage et repassage de vêtements ,Screenshot of madada.fr on 2023-10-18 at 15.46.57.png (https://v5.airtableusercontent.com/v3/u/58/58/1791108000000/EKhrQaeGYGUwbk46VQ_KZw/cd9f_CzzK_c_sXo-JW2CBxBJzU7fEFoEKD01QtkJY7Pl49pHi9ZzPFU--ty_-BG54E8tR53QLSRiT_LJIxat0WOVNcUKPSApMB4mH2HEZBjS44J5hA5xZL0USOP71HIIvS-9LhA-4M6CQ43M72udRGRDCo3nNKjX7o6A11igAa0g1lWf6Fg4Y9SPYYg6b_Ib/t3-Q6X4mQ6lBj53XwHp9pvo4GSsXRr3d7Ql14UFMBkw),€129.40,Blanchisserie,
8/31/2022,Toulon,Pink Pressing ,89880625200018,Blanchisserie-teinturerie de détail,Nettoyage et repassage de vêtements ,Screenshot of madada.fr on 2023-10-18 at 15.49.11.png (https://v5.airtableusercontent.com/v3/u/58/58/1791108000000/yRYD-xX05300KgHrdZLZgw/eVMLrqhKH0bznE3gZarT4K2d00tMy3LaQHWb8K4y1SfXSP3FXa2w9sIEI7CLB2nYBE1tmJhvJCSLGJBTbS3Wio_cvGPf_iMOis-r6Hz_nZEoeoC9G7cMJRi0LL5f66A8Sl2h6-I_5yLNoC0ZjtZN9pXYJYJfnzrP1EPcEAJ8gHNquTjC7_fVWnLUJ68G4sP3/jHzj17cj3USw6e5SicHzsrQLe-IYmtq9jYODMltmBYw),€204.10,Blanchisserie,
8/10/2022,Toulon,Le Local,82359978200021,Restauration traditionnelle ,11 repas complets ,Screenshot of madada.fr on 2023-10-18 at 15.51.40.png (https://v5.airtableusercontent.com/v3/u/58/58/1791108000000/IflZNSQ7fBhBh2HsfJ1Jyg/cloQ089LuEpLITCcmZSgYPkjhtpTh95zIMxU8N-RcXcEkMEG6i7nclgOAozcpI8YsBbdfyV2rkcKMI6_xSgTI5ecc7pn_JwNRopPcZroWZJsWYuZlSVTYYpDwwFDph69tfjIkEjGm3vhjygYTdLEsCRtPT1atXKC7-b0a4O3PwUvJTU3dhv2z24qHLLcVtRs/bTSOr8oSO-rsFX4MwZ6FlMaGXrofgXNIC6UvyT0b-Cc),€693.00,Restauration,
9/30/2022,Toulon,Pink Pressing ,89880625200018,Blanchisserie-teinturerie de détail,Nettoyage et repassage de vêtements ,Screenshot of madada.fr on 2023-10-18 at 15.54.02.png (https://v5.airtableusercontent.com/v3/u/58/58/1791108000000/-OjeDbqOViSaQ8cRCOAIFw/JRRXFhvoEcu8eDMMnotrmolonbwA9g5QQUWl0FH4BHGAHgQNJp__j5F_pXEuBt2_7uxJDUgACBdeTVKxx49Cj_NsfTq35GZXw4BAArYFT-sRG9C3FgLZugUaahrPXmZnBb4cpRjPQeNdbPgXwKvI9b3fmHSqqNLQ0uGsv2-wejxVdQyj2hQ7c5ecdoZXHUib/gPNZBFuXuACv4dW2PfuCF94OwFZaoIGeAKba06qdXCs),€170.40,Blanchisserie,
11/19/2022,Toulon,"Oscar 
SAS Bernard Zaquin (chemiserie)",72950205400061,Commerce de détail d’habillement en magasin spécialisé,"1 chemise Hugo Boss 
1 pull Hugo Boss ",Screenshot of madada.fr on 2023-10-18 at 15.58.47.png (https://v5.airtableusercontent.com/v3/u/58/58/1791108000000/txeMuwbZK22mcLHqy-5LuA/T_AL8xUXGbVRfYBI73h8UEvpfTBe1QTMGySPxfppwd7dVY88w2ag55Re-jfjZTQvyA9qYqhU2hJ6QhWrVjzqL8-KXjbgOq3J3MwOZJo5AlzqttNgU9pbRQsEy3rpOsNVMVHSF4xPinCh3-pg6x66-bUsZlKMh0UtxFefGoHxx6KS0aUz0u7qS6ESgRvY5Kav/9tPfaGIiJuhpmw1I8UN2-XEaGUw-uqTjuFy3uwGEcso),€150.00,Vêtements,
12/29/2022,Toulon,"Oscar
SAS Bernard Zaquin
(chemiserie)",72950205400061,Commerce de détail d’habillement en magasin spécialisé,"1 Jeans Hugo Boss
1 chemise Hugo Boss
1 pull Hugo Boss ",Screenshot of madada.fr on 2023-10-18 at 16.02.47.png (https://v5.airtableusercontent.com/v3/u/58/58/1791108000000/yhUmmaZYOSDvDKjqykEqeQ/7GLmqrTJPQJyVB0sDGPiuAo7jyJaCzrWQgp2gk14jovaREFAZq2jVPclML-TAz7s2n22VlyJrbOm727NhkYZbtwEXYkB1MJnzKHRF6D7ddKuRcYsrFtpkZkEbU29l8RjAikNi8bhoYUeo252-7IR8ITRcrnAUWPH2Ddy-eYcrSODJk1xl3oqeTAFHeWgGerl/9CISkhJ2L2Ty67eBaKyBdLXXe9mOgBp0TCU1m7rKrqw),€240.00,Vêtements,
10/15/2022,Toulon,"Oscar SAS
Bernard Zaquin ",72950205400061,72950205400061,2 chemises Hugo Boss ,Screenshot of madada.fr on 2023-10-18 at 16.04.09.png (https://v5.airtableusercontent.com/v3/u/58/58/1791108000000/mw5NYlj8O1g-gCxf9V4upw/xVl5EXPpBxKitdZ4UeEG7nolwhNI2yIcEIbzYeawhoepx8VJ2y9rlq_nvpA9nV6bgAD8RD2cS0hSD68BnmkaJ7DyI23KhIJSyB_CXTxv_Sc3-cD8EAYF4KCr2PzSrr7IBgVzubg5oLXigQ4vbCQ04VvmoRS33tnCDKBobu9m6MYLoA9dUTa4p8z3mblYBuyD/m1zhwKOi4HfbUPR_7VeqBJqrxq4FO_c7kaBIEH-z2eo),€100.00,Vêtements,
11/19/2022,Toulon,Geox ,59950119400014,Commerce de détail de la chaussure,chaussures ,Screenshot of madada.fr on 2023-10-18 at 16.05.59.png (https://v5.airtableusercontent.com/v3/u/58/58/1791108000000/RntLEaw_mRSOosV-YrLh2Q/Ny8kxU6VFDQKt-fDG-igOCdezTxqtmavCw6G3igy_GYzjQS2gsy1u_9Pq2EJcAqXMY7WohBFKExVo9v60tM1WUuH0pxVyRxdaNIzyEEUfwhUj4zspK-W6dpWUFhmWZALxBxyq66uOSLoc3tWn1mVBWziFiTBmAKknP_A2EOYvJU84CEAp1p5iy5AcaskHRbx/knp_wYfptmXx7BolYPqMJaku_1twb-M1s_ExVJue8DA),€95.92,Vêtements,
11/24/2022,Toulon,SARL La Maroquinerie ,47937750900019,Commerce de détail de maroquinerie et d’articles de voyage,Sac Cartable,Screenshot of madada.fr on 2023-10-18 at 16.07.24.png (https://v5.airtableusercontent.com/v3/u/58/58/1791108000000/_hE2FZoMZKkyIudCfQ5b2Q/iO7rlwDEgJoA-EUORiRwAHGDDXQ4s6eEuXDb9pTWCZlp5gZbfXsM-0brvshCTB3zHXcstK5KaOaS1SKnP4DfeHssQhUx3b4Wg-j-n4vr-HoeppsP_t-j03XeRi9u9o5qu_bAT0-pb3k0HgTQG9KSmidMpqFCC3AcxV8CPtwawP51FZmcsARJZL7ekg5COMZ_/Ayg1b2dRkN8me_KQguGuDNZGut2ch30vFZOznyWVe24),€369.00,Vêtements,
10/31/2022,Toulon,Pink Pressing ,89880625200018,Blanchisserie-teinturerie de détail,Nettoyage et repassage de vêtements ,Screenshot of madada.fr on 2023-10-18 at 16.14.06.png (https://v5.airtableusercontent.com/v3/u/58/58/1791108000000/Ff1hlaOckhIKC0UlwOJLeA/VRSYdKTBpttCvpDqg2UCRcPI_NeXCNldpUB6w28DNHGfSAX39Qeu7fs_ivMBjzXsSebH3_z1pYNQVfZXbE8CE5ZPnPCTLXpmUOrIQss7UHjWhL3E3KEUrtYbn7T2F2pE3pZc2437zzKvMPlUE-krRUpPnU05DcurATHssoWQyHqNmPnISg_A6W2D358Ru3qu/93ki_KSfPvTHEp_q9ubucMDG9WjlTMjlmPJ-YoYZEtw),€172.90,Blanchisserie,
11/30/2022,Toulon,Pink Pressing ,89880625200018,Blanchisserie-teinturerie de détail,Nettoyage et repassage de vêtements ,Screenshot of madada.fr on 2023-10-18 at 16.15.14.png (https://v5.airtableusercontent.com/v3/u/58/58/1791108000000/ggdYfhmFdDeoFinjmXtqpw/lAbpsPXr5I0DEEpXyXovbt_AE9WRomFQ01xd5bmXRBddY_48l6P8uJkFAcDw2cLsn4GTv2ST4xGTcZfS6e62Mgw8Tdt_7ONAtumT8LCo_va7IfOoc9qm3TaKDp1M37Ru610qkVvn5ut6vEz0tncl_7lql600Byo6gE44KSHvI0OmdLFEQnkDpAiWBMblC0J-/tRwAZwrvmnKbX2AQDmmiT8DvVO6IvP7_p9Sjm1SIjQA),€184.90,Blanchisserie,
12/27/2022,Toulon,Pink Pressing ,89880625200018,Blanchisserie-teinturerie de détail,Nettoyage et repassage de vêtements ,Screenshot of madada.fr on 2023-10-18 at 16.16.19.png (https://v5.airtableusercontent.com/v3/u/58/58/1791108000000/njZgAacF7KegPMJVoYbY-A/nQlN3HKG3idNOQxnkpQtUW9GhWILFNoO6eM1cTOutOCHsndKfeIIUhIVCpv2EksgzBh-YUUwNPLjtQwhRGldSI-j2CpBto-_CIiqjjCIWBgg3e-3C1wquM2Xsk8kUYhTJUt_DW2ZpRuOgXAarh2FgiKPTdhTp4nWczYGFeqVwqEJQFcwreaee4pivPi4Bl7U/xgOivZu5UaYFVZE4vDN8sPFWvc-4HqpTSN-oq9NCtZ0),€88.60,Blanchisserie,
12/7/2022,Toulon,Chez le brasseur ,87972292400021,Restauration traditionnelle ,Pour 5 couverts,Screenshot of madada.fr on 2023-10-18 at 16.18.15.png (https://v5.airtableusercontent.com/v3/u/58/58/1791108000000/5_Kg6v3YQcEMZdYJUcz7Kg/VrAQC5hHFDVM3UaI8xPbKonpoRUxjyWqJGiuZCwIq8GRjY7dMMscL6DNdw_sGmC3VnQYdhkK69VKC1vjOeFATH4mpO86Kcr9kvldwBUbqssaqLwzBKBjKYuvRGvncpLAEmrCd4OTFu8Kv8NNIPCJbSnw0ojunq02y1617SdoKxxUf9F88xZE1I7Z_S4V0mCd/IjrhevhBUHdYZCh7V0bnuLf80sVtt3S99N1uO4sNCKI),€101.90,Restauration,
10/15/2022,Toulon,Le mirage ,35081295400039, Hôtels touristiques avec restaurant (551A),4 à 6 couverts ,Screenshot of madada.fr on 2023-10-18 at 16.21.29.png (https://v5.airtableusercontent.com/v3/u/58/58/1791108000000/NKn2aq7GaG-FD5BbsmypiA/nwBsKVhzicDByIOw-A7b90MTkXmsjzoCyana_1RLD89_w04tucGs-c6L5nn0y2bP3Po1wGctYWQ2G-R1zfQbG5wq0nA5duZVmRG8Ndsudz8QjloFqTWqzV44KF5jP-_PPyzQJsaOFbiTL6MZNWdR5EzGsV15AKikN_2KFID6KDY81ZZgC9Nl3oqonI8SUlOE/HAwTqE6gF-S0ZbIWnjVbZ1Hu6ElVKS1mfSwBGmTHhM0),€260.50,Restauration,
12/29/2022,Toulon,Le Local,82359978200021,Restauration traditionnelle ,10 repas ,Screenshot of madada.fr on 2023-10-18 at 16.25.21.png (https://v5.airtableusercontent.com/v3/u/58/58/1791108000000/f3iN3OLZ5C_AWcgtxPhJTw/AIIj9qLV4obYy441H3823Tii7McK_MOeQM7Fo991QeSqLLN-zILVB5tMDGsGky6n4VR23B_rCFjUHx_xQdOOkVvlXVUDPJAq_HK4CJH-A1eONUXwBa0jfXWhyB1z5IHd5uONAtMtlZB-cj0SXDvpFbqxjY_KZQowL_PYdsneKgGQLgiE0l0VXuei8T80iviw/69L1tEecTVwTqxNS5mhdHQokEgyTp0IaKCh4raJeXbw),€550.00,Restauration,
12/22/2022,Toulon,Le France ,37774753000014,Restauration traditionnelle ,6 Cafés,Screenshot of madada.fr on 2023-10-18 at 16.26.23.png (https://v5.airtableusercontent.com/v3/u/58/58/1791108000000/DdeDkWbbfADuSQoJ1HGNaw/D8YjVVrdI-62_BTVWtPvesW8_36Hv0LJWtenJs5TMOwrDPy3_vcrlvVmmhMlZdHr2V27mY24XAU5gY-D6pA4l0UHKeadYyzXvuXata76j9FSurIzhaAvDP5AiEk7gLLUoG4GeXkGXL_X7FvcfFGXuT8SmLct9bmStapEthE-Vq91qTmY1NjT2yqeqfBCQRP2/LUnBerz6H6FWNl2wX3iPJVk_btbfTYgfFWct_fTtLRo),€16.80,Restauration,
12/29/2022,Toulon,Le France ,37774753000014,Restauration traditionnelle ,5 Cafés,Screenshot of madada.fr on 2023-10-18 at 16.29.19.png (https://v5.airtableusercontent.com/v3/u/58/58/1791108000000/ohgAWtQYY1yMN_UHWdgoKg/mMw6exACv3QPVvJmUkIll5rEHU5k7lOeKTHQvYVXrE-WhzkM6hKiMFfpBXIrvrTjtrNZjDzXSwhjoKtvjaiZE2hjuKdDwG6LBRoaRl8nLF1PLLh--p_XlWoZbhLKmV3T2-hUVB7sto3EYhARTWI-5cmvxxel2f5JLyotEMOt-k_3a-np-jdx1i884q_H81c2/bBBz4LemCE0JrB5QdqakD17yOlhsnD6fJ7tHsgIKoSA),€17.10,Restauration,
12/5/2022,Toulon,Le France ,37774753000014,Restauration,1 repas 1 boisson,Screenshot of madada.fr on 2023-10-18 at 16.30.10.png (https://v5.airtableusercontent.com/v3/u/58/58/1791108000000/k6rQNXeCE_fGDR5snTmpGQ/lOB4gEtgEybX1on2PeJdopw02mPO7eWbHJBRn9bWFvfQB48EMOHWTgpZyq7GKb0pmWsjML8ulRdL29GR-gePtdO4AhzoHIrCAYaV3nhFMUc6zbxMz10Xdd0jc_6kLNmmpZTalUQ2BVSkbX-3Yr2R1ONVXSDDZDN1_ToxhCr0zx-j5OOQTjUrPgqy3PPOtRb9/Qxp_sjMA8oQwAIwZgZwC42ke5GoW9pmMzpdEEN3xWQ8),€23.40,Restauration,
12/26/2022,Toulon,Le France ,37774753000014,Restauration traditionnelle ,3 cafés ,Screenshot of madada.fr on 2023-10-18 at 16.30.47.png (https://v5.airtableusercontent.com/v3/u/58/58/1791108000000/TIYC1aIHCMiR7Ll846ugFQ/RI77-KsgVjwGocxm0LBCaOMv8dUfQRYe_re1U7cbY5KmTH2apGjGFUeqmz0d-cLty7Onr5UfwdFAMFkw3kIWRXwLCCt0MxEkTkkma8HPhCcePJAytS2bs3w5_4ebjGYJja-Ef42t4hTPkTgfrRyW_qEhcwU8u2zTMfUuYqI_aahBqKEhYsPFsK316wzu_rjy/pliQjrcLEoHa_RU815mLZZse18OFRLRS5RVnM2kKB84),€12.90,Restauration,
12/28/2022,Toulon,Le France ,37774753000014,Restauration traditionnelle ,2 cafés ,Screenshot of madada.fr on 2023-10-18 at 16.31.32.png (https://v5.airtableusercontent.com/v3/u/58/58/1791108000000/-jVS5l8gdQ2DDSWIrcG1hQ/KFJVfYTwVjU-v8oBZy1dwzzdfz_Uy9hr_Nrr2QAo9QKiXJWbnSpXFnCr-HVuRe9S_JNIYLSay21QfFOX_sL_aP9mqSc99YuL8BNHTMtptR4NhYJVZAVe8xuacEvq8Vsx7phzsxFkVOasRab5SsElpOO6o1017AjJuSyl9Bj3RSG4lXVnQyxjcD9VTmKaT7m9/kfV7M5hJRCIV0YHRRsC5vJ_nRr3WOVPGsx-GvccF5pE),€11.80,Restauration,
12/27/2022,Toulon,Le France ,37774753000014,Restauration traditionnelle ,3 cafés ,Screenshot of madada.fr on 2023-10-18 at 16.33.43.png (https://v5.airtableusercontent.com/v3/u/58/58/1791108000000/j5CuN8nUh1yis6emLMnHaw/4kIScE_f9EEvDr6fluW9c51BgwmK_T21QIKi8mYQENRmT6xltf2vVDMBFcCtZxWEzMmguc0rgQSjUIXVAU-mhRN0hta_HpoHk1T0DWPgUECTgA24JHvNIe598zHc0bz-Ulr1Mjth7u-OEqSHqoa3u5jEHx2r6IdB679p46mvPyJ9n8viBOO2IJMeRZB8EcAF/CKuvouIAz0LpXuEKgDUZKVbHdTR1N6klFVTuKlx3cu4),€9.40,Restauration,
12/27/2022,Toulon,Le France ,37774753000014,Restauration traditionnelle ,2 repas,Screenshot of madada.fr on 2023-10-18 at 16.34.38.png (https://v5.airtableusercontent.com/v3/u/58/58/1791108000000/piuiMV7dSDSQMc0pDtOf-w/xOMZK0k49ETHw8q7IqRqFxsoYHd2Nm86JTmNj27tIb46V_Y6p8ME4nuoLlPk5Q8oE8IcfQJOP6c5OrdZcTpkYwo8UOt3l8mvyiiD44P4HfBnJCVf_I4Zlvo0KTY6RQn8fmUZP-gNQJ_ulVAP5Ofiz2geKWbQheNdNfoio0uPPgs5dtABf1RxNpPnvIoxzW8L/gvAXTgnPNuxEix46zm2j4uBxIku-dU4yPTvEixN4ch8),€38.10,Restauration,
12/23/2022,Toulon,Le France ,37774753000014,Restauration traditionnelle ,4 cafés,Screenshot of madada.fr on 2023-10-18 at 16.35.30.png (https://v5.airtableusercontent.com/v3/u/58/58/1791108000000/6Z2pdDaiUEfM5SWRY-IAYQ/FFVSLAyKcjLfiiarwcqnq6BY9Ub37hL_h57y5lde7y7xUfOYQQcRtBx_PMd9BMK5W_6GcB-YxpjeQsa_DekICzy-NiU974d-dF70Mu3GDNzJcuTXu0Gyv0MaFjJZzYtiZ35k_NDRu0XpuGprHmLg3PpiX-uWWLn1osNs85UAcwv9d7YCv3q3dAQsXer7NBom/-j7TO5HtHvfTZQfYwQ5vuEIXIoPM2x0xGbyfQjEiiyI),€15.30,Restauration,
12/12/2022,Toulon,Le France,37774753000014,Restauration traditionnelle ,1 repas,Screenshot of madada.fr on 2023-10-18 at 16.36.09.png (https://v5.airtableusercontent.com/v3/u/58/58/1791108000000/T_r9twczR7HwTLNskqKjCQ/k_yjGrmg8UycmGT8VsVJrXSt5ioiASQ2dPzQa_ZGSp66zsz7XJmg2eyugTT0b0_Cd9s6n_et4A7DcNlz7Cicg1xQ5yNQdJZncndBRfyBihL0eSfPEgUM9gNU5BtGXwEy2FauZG3jsQGPNU34ZdYKknT94PK_HBLIpCLvYkPVJ7MeOSZE2X8Y4orSKS1csZKK/Sp7Y20oTqEJnOKqTNMyoS-UGD5V85H6iNX2U-quyqrM),€17.40,Restauration,
12/14/2022,Tours,ASS DES MAIRES INDRE ET LOIRE,32051867300035,Autres organisations fonctionnant par adhésion volontaire,"Déjeuner
",,€36.00,Restauration,
11/8/2022,Tours,MAO,51480621500018,Restauration traditionnelle ,restauration,,€53.80,Restauration,
9/28/2022,Tours,Bouillon Le Bon Temps,84233400500019     ,Restauration traditionnelle ,2 repas,image.png (https://v5.airtableusercontent.com/v3/u/58/58/1791108000000/nKTsDsaYvxtZf1AhG2r8cg/6MZgy7DcAFgN5FsF1XsCbo_0IPW5M9a5qb54R5KMm0Jahd-Z2SUEVYHSAjOl2E9riaLKXEaIs4CWoKPva5f-q5EG3M00cgTdpiyUvoWjgveYiwroC1IlMCwhSARvsUJmh0EOZtpipLYlKvidvx5PbA/_fgHo8sfTEtratVhokI0F08wHQSIQFjl6xORLt2hiQY),€37.00,Restauration,
9/30/2022,Tours,Boulangerie Paul Meunier Bordeaux,87826808500015,Restauration de type rapide,restauration,image.png (https://v5.airtableusercontent.com/v3/u/58/58/1791108000000/CvHvRlUXBw8MOK0BEuh7rA/5uOzS7l0MnDXLcD29T86-skyeo4K6V4jEWMrRmU6pLPN1EKZw_sesckUAgpmLSQ25joM1SPkMt1Si5_iU6EQDcOolVSVTqgUyv5COy-eaTSmWsY5CaplQVRXnlqP0jiLggNzRDF_mwcfNsSxrMqJhg/9qrGVzK56tWyNqM4uRd5MllFZIbE2uiVDCJWARYOmXA),€9.15,Restauration,
9/12/2022,Tours,SARL DELAUNAY NATIONALE (HONORE LE BOULANGER),34395944100019,Boulangerie et boulangerie-pâtisserie,"1 repas
",image.png (https://v5.airtableusercontent.com/v3/u/58/58/1791108000000/-0L7LnIXB5R8cbLoQNPT2w/2iy91XGDJihOQTjzc5Vlh7YctPGgB11DxQPtSKjYDDBbvKaY69gSh1Cv5tmculZSYKsxtWXxwoeA_1OSWYjqNOkgOg_L7h6Im9tmuiu5pGSK9g0o4al2sqoD6KRD3d7XlPZ0C3uiSO533mtJWqRwLA/U8oi81MH--4yRswGWS-W7Vucw0xO9lLVoWhecYLAWV0),€14.90,Restauration,
8/18/2022,Tours,Le Valmy,,Restauration,"repas
",image.png (https://v5.airtableusercontent.com/v3/u/58/58/1791108000000/R8LD9SgCvjhh_hAhch89aw/kfTBkLDjvEMYQBdDn7ZEGU-HIwDVznbL2D2R2YZofn652y2MEoPNWaRU-EBPiKls9y1yWbTTU5KM9ldXNjCiMQC1UieIk0jYMZOWLnHpeTgsFxAL4VHFQn2aVABUJFGXoyVpAJY-5nhhIX54e7Xtlw/yfJwaWotmYsfhCMKYjDVQBQP14lAPHYxB_bXxgIbNiU),€18.50,Restauration,
8/26/2022,Tours,SAVEURS D'ORIENT,90911592500010,Restauration traditionnelle ,Repas,image.png (https://v5.airtableusercontent.com/v3/u/58/58/1791108000000/5dlU4SQzkIQ9LZ6vvpesNA/h3iqgAbRPeD2E18Yu-xkmKMbspNiQCBXtig5IJSYJ9alBTm3YNCUDGB1S0AKnaV7gv5biBVkAi1w1GPrixGF7PLeSvEc7R4Oy1d_bz8Kqzi1R7AwTzFuoR-o8fPphC7AooHAOSNcWWho_cKcN3wreQ/Uya82KiifL8x1QPDL-aLSbvu7mzI6ABvmY1aMfZdbKQ),€50.00,Restauration,
8/29/2022,Tours,FRENCHY'S BURGER (FB),80416613000026,Restauration traditionnelle ,"4 repas
",image.png (https://v5.airtableusercontent.com/v3/u/58/58/1791108000000/dtcdGTq_4wD5kFQeTMXPHg/m5DxnPAsu59UAlmdkbGrcU9faRdxairJGncLnr4B1f-1LN6iBPQyhhh46QGdaRBClYHbomZMGxrobvnab8ebJtqbkfdRX-nTKsVEawmePBR7isGGuEvgGnJGXkXKuhXVKa7fEEpDLHt_qZhAAEAjnQ/nogHicUNtF_GYeCbEWj5JBtHQ4iOLNsP5V47AuscAHY),€51.50,Restauration,
6/13/2022,Tours,LA VICTOIRE,88174018700011,Restauration traditionnelle ,4 repas,image.png (https://v5.airtableusercontent.com/v3/u/58/58/1791108000000/l5bYZ3s8yvwOLjCxTOSSLg/2HuHCGOyi7cX7gWHBVdTcyurmswmQwLTclF9g0ivyzCv7f1D7szMZnS0T8NZtlStB2oN6mrc2lUrfu_2DNHLSSo9QC_1s0fzillPLK4FWoVqCivCmMpzNs4eRd4-pbbg1e6QIiHB-f2j9BMWuDwziQ/FTGIOmODIHhKcLHVWC_tSaKDiYhmWxBP7Ja4TdsA8rY),€63.00,Restauration,
10/4/2022,Tours,IL RISTO FRANCE TOURS,81281536300021,Restauration traditionnelle ,"restauration
",image.png (https://v5.airtableusercontent.com/v3/u/58/58/1791108000000/DvjgmAkXHbEcd71fssGDuQ/Ya9e9EbFxeUUccGvhg_jilQxj3xCV0m3h1CGq6NEZ75lVmW_5RDYrD7Jmh6aPYRjd0yfwwJaL1sH4jJsCGyA0DmldVy7GYCwbdQJmy3aZpc4IRKy5_p9S1s_7cASo78F5FZxMCLgj0CLmZgAGFnw-g/0D2C7aKQCdWggZlfh20wqYQ4ZUFMZtdmEfLlBbLZb0A),€70.10,Restauration,
4/29/2022,Tours,Newlita,,Restauration,restauration,image.png (https://v5.airtableusercontent.com/v3/u/58/58/1791108000000/tW3a1qcpoP29MEcZt0GTGw/O4KyPxvpzEPHPH8wSGCFqXO-bgFt69iS97DcpXg_PfmGZkSy_7EXIHJx3B16uOfOgVfALlXf31rwSTo5qzxddsGHQCF2GjlVc5fSd2bWREOFJ1m8lK7vjeziVvT7B2XxyGM3arZJCSWi29uRLi40FA/eEd8szeOPaxb2Pu-zse71XOV4SUzBj9gcCAKGgRtk9c),€21.90,Restauration,
11/17/2022,Tours,IL RISTO FRANCE TOURS,81281536300021,Restauration traditionnelle ,"restauration
",image.png (https://v5.airtableusercontent.com/v3/u/58/58/1791108000000/G9iTTp8A68fOmgnG4w8KKg/FD_nLLo-HN73bcf0X3dsL7IQNGykIEL8h0owBEJ14nmUfoO5N_YEnGHN5dWwK7qr07BJEeYlEzDjygzw80kL9wVWt9twzPwG8EZFpQYO2110i8blIXZl-gPCzkQ6tgVcji-FfzB5nGbawu4hdsfXBQ/y0n-3_zqMjIeLqvKPklvMgEvTLyzvMcjgqwmwtBKrGo),€120.90,Restauration,
10/21/2022,Tours,Goûts et couleurs,,Restauration,"restauration
",image.png (https://v5.airtableusercontent.com/v3/u/58/58/1791108000000/rJffOpDTkiZURpvLYixaGw/n-v9GzOEXzTk5BSolHJjYysOMSsZdXMldgz7CuAPymGj9kJ7KRihCEoRFbHlbUaXvuRuGOmMER2Mm4wFa1XdH06QAujPOyAnFnTLxq2wdIhs9HOMwTyh0NtHEX-JMG-1RDnUpZhtql1GQOMfMnrgHw/gNt4r_ilw2PqB9yGwWPIHXvkubDwY1C2i53kJPzEL2A),€177.00,Restauration,
10/22/2022,Tours,Inconnu,,Restauration,"restauration
",image.png (https://v5.airtableusercontent.com/v3/u/58/58/1791108000000/62sBMypGZvi_vwEsl9OSdA/9FEryPkOTIONbZTO8rpYyOACrPcO2OHh10yQKKT2S8gF6BJ69Tj8SUZ29Qu1VMUG_zJSKoLrLs26SmEino4SksJXoEmRWyytEmTV65hmFCgcdgIuWix26AbkC5n_0IiiqgQWN8LOVr6d3_iRZpr7fA/sXA5TeRfSsJto7zkUBQaXLE53_6RgszS7VydtsdU9sE),€305.40,Restauration,
10/11/2022,Tours,SOMET - LA MIE CALINE,,Restauration,DEJEUNER MAIRE,image.png (https://v5.airtableusercontent.com/v3/u/58/58/1791108000000/U2q9EWkyRSSNmbGyxmuXlw/rDAq3FRVPjuCz_PhZkxuwMmglufrvUqu1Rn-GWzDI7O2U6UwaY05MRpdcpT66z7No0xi1Eaq_ecm6pnrDRz3Kp-MMvK4PPmBbWeO5LKWR2JTVeV6ER3bhHWNajFkqyx6aYa3nA7CRW4yx18WaXmlWw/0DZBZWii36gZNl4HdjSiWP1HECJazsKYXooPglEtwjI),€7.38,Restauration,
11/22/2022,Tours,HOTEL DE FRANCE - LYON BASTILLE,54205390500015,Hôtels et hébergement similaire,chambre d'hôtel,image.png (https://v5.airtableusercontent.com/v3/u/58/58/1791108000000/FGgcVzWmPwSHtsjJQ-cMfA/H64PSRlyGBrZNS1sd1gLFYkv0BtEvcCd4aJsTwXT5bGxiaAbOLKE6nwKCXAGmySrc_88Gp_ckDu5NY7tRHl3aM6NP1J3pDlnvYAB_UJq3azJ0NlB4UihkVBBM7VcrfFNR8RTG_Ru35aaryn9Rlprjg/tb3yzpAVXfdv04X-tSBFqyibMPFsEY6xf1c49k9i6Zs),€190.88,Hôtel,
10/18/2022,Tours,CENTRE LOIRE VOYAGES SELECTOUR RAYSSAC,33146845400029,Activités des agences de voyage,VOYAGE D'ETUDE GAND E.DENIS,"image.png (https://v5.airtableusercontent.com/v3/u/58/58/1791108000000/qucjq20XylMYXEzrJ4Z8Sw/WxTmDIu1JTISBYCOC1KiIZ6eyK0Njr3ikOHlQ-_mVylc9gXmXxpzJy7yPoL1r7rZpjMr2falKtWAZLizaKGMf9DFgI_-Wvkhju-YjoYwcCxRcyOC3YU87b_9oiK4kaaGrFURM4ISQ3k13s42DucLJA/grYLPIMCQ6X9VThireTdLXcIofKUPXlJpz5SW1MoyMQ),image.png (https://v5.airtableusercontent.com/v3/u/58/58/1791108000000/cIEhSOIG7mkutDXYdDNUHg/9p3F6RKYso-kAC_pv5dTG0ys_ACv3In2I-6aFnTPqshs84fCQIRHwvys5M4BgJUOsZO5LUU5O994VlAtGadZjuati7p2_jGmkKaXKaCCNHLIKl4ylveSwAwQc86qHkfdnl-5kKaFHYLufMIiyjxb8A/mXbq6w7jX9Wjux7ocMNRyrN4jakoHpD-qy2BqZPu1lY),image.png (https://v5.airtableusercontent.com/v3/u/58/58/1791108000000/YXYBfqD0WB9kdsgYgTwDbQ/5xMLvUc21TjApcMCv9zlzCFQAGxFZc4Voe7PdLNT5G208KBxO4IAgzLi0PyfNLkNtvw4IT_O1r9eGoKspyyf2_GP75txWynDNDNIJz7-bYFWxWQGbmCUuGlf2tGmieWi-b_742XWqhIZD32y2K-ZmA/GbWJAtlsmGdiOYSaoiX5FT4tu-M7Q4U2TuOUTJCMvC4)",€351.70,Transport,
9/20/2022,Tours,SARL OTILIA RESTAURATION,,Restauration,FRAIS RESTAURATION E. DENIS,image.png (https://v5.airtableusercontent.com/v3/u/58/58/1791108000000/VUbtor666yynFJmXxx0LYA/fv1odfg7JITuf9AEwihJ78iYh0-C0gMsF0RHIaiyh2utpbmYN1mVGMsjNr4dQzXeObNV2DGt6BKjufcWfFA74kHoyIA4DmgX_RE_tRzaYieomKKDK1fr0kiGsM0ePrMtmKaI2Q12U8kcq9Fc4V4vCg/VDW7eTb0cuIzomkkdSuzx6lVDdtXaMUShJ-5f11ntlc),€75.00,Restauration,
7/29/2022,Tours,CENTRE LOIRE VOYAGES SELECTOUR RAYSSAC,33146845400029,Activités des agences de voyage,DEPLACEMENT GRENOBLE - FORMATION ELU,"image.png (https://v5.airtableusercontent.com/v3/u/58/58/1791108000000/RXZJ51ggwHgHfnJJe9mRxA/SkNB_SC6fl2UictuyXyN5rWu-p9msWzl8sckREjKXT7TrMrzIhdVD1rMzFBVljwA3UYweiZzjk4C55g0b2VvmhhrpjbaRhaT6Jz6udPXxPHu44V601i9JriOLee5BJt41LSHCZgu7wa0PQma0kZZoQ/Evzraodb7SGdZUvDZcsYv9b2KqeD29vzq_c2tRv0q-Q),image.png (https://v5.airtableusercontent.com/v3/u/58/58/1791108000000/LAIDazdXpuqfUkud5jI8YQ/NK3QZq0JYyrbYxboeF__-3ZTDMy5gAL7AOkR3JXwnpjrtN-6G4RkWO7oENnYnwhwDKNjjMgYe6LNfOofcDnS5_m2OuXcvHivcj61Cw50c1FDclUDxcBxtcvu3oiPK3DXTaf0Mst76KHLPZIXhMCdKQ/a9M0wwE69Rtq_YeanN1BVj_YYhlPGmDYZy-LeOzQaBs),image.png (https://v5.airtableusercontent.com/v3/u/58/58/1791108000000/X6SMfTTot1Y3L4PGW5OUtw/A6Ks9b4iqn5RaUT6r41PcmIxXrIH8CWPVBBvAeWdw43moInZZTxtfDJLv2Vk_2ctdfT8S7ksjD808ZgiQEYP14ZGTkxTS7ee7eldpbwiEo1AScnJw-6d3UV8O492LYf4jo25YOQDvP0NBHhYXQb5MQ/7UgmaK5W106X_f-A0hVGNvwLgR-YeEqtvU3Lf6NNhPE),image.png (https://v5.airtableusercontent.com/v3/u/58/58/1791108000000/reajP1bEWLSrdiKhfiohjg/VAO0pN1qa247Qe_Yt-JZy08MxMOHT6PaMqQw-yUcS-6lh3dlXyIpzN-aRvxe_im8vBahA2HM4heQhiM3Jfgqn1pIYRWNF6DsCwYa-3KJhZg79a_FwDWtW8K4nJiurokSSokNVJgM9N_rpO2dUZqv1g/v63nhmU26c_QO8mX4ucuy2fwMrxU_UfzqyqwuuNoPLA)",€369.60,Transport,
6/29/2022,Tours,CENTRE LOIRE VOYAGES SELECTOUR RAYSSAC,33146845400029,Activités des agences de voyage,VISITE ENTREPRISE WELLO LE MANS,image.png (https://v5.airtableusercontent.com/v3/u/58/58/1791108000000/8SniMbipRGCn4HmGFhlfjQ/kJU3yIMhrKJedSbDscZYj4V6BCKXD77JrRU1jSL0sDZhKS-MHVducht-lWCVQl6BcOz7AkSOrFZHGKIv1gk7x8ULYvFSEIM1cCdm7R-sBkKAoeMjQdAiIWxBQhclLeKGB6E6LVZ-lqSQgkWGSUfRfQ/0ZQoXOuXchQmwU1VWHEXJQrnEDbVzUKHtMPTEeQyN_k),€40.80,Transport,
6/5/2022,Tours,MAIRES D'INDRE ET LOIRE,,Restauration,AMIL - DINER DEBAT 11.10.21,image.png (https://v5.airtableusercontent.com/v3/u/58/58/1791108000000/qckMkWNA2UtwC50EAMgj1Q/RHBviaRAZ7aYkcCQykVGM3DYSPnbUWV1W2RxEH1_KqFCEPkgJOX6w6qmmaa7gJkwIM6xLdCxqeXpDRoF7IeK583dKEeX1VL8NXOrJqbwQ2ynfgcnp76jR7dgaoRSUEa-Cpg6kSCAEeLlrmqA7MEDEw/x-v6hUE9EytGuKoIBVDyB3BLZ7vhP-BAkT4xr1513MM),€45.00,Restauration,
10/18/2022,Tours,MAIRES DE FRANCE ASSOCIATION,,Restauration,CONGRES DES MAIRES DE FRANCE 2022 - AMF,,€95.00,Restauration,
9/16/2022,Tours,CENTRE LOIRE VOYAGES SELECTOUR RAYSSAC,33146845400029,Activités des agences de voyage,DEPLACEMENT FRANCE URBAINE REIMS 2022,image.png (https://v5.airtableusercontent.com/v3/u/58/58/1791108000000/Z-VbpyRtfkIMAT59Sx33Aw/k4LIW9DQ-paDsA7Xboe9MMaK5Wr-9SdHxLpkG67PZ2D4iaYlSmGGjAPu_HBkceiCdHtvJ8lVgkzhPoFWOzw-lgDo-5ip5gWbXCqMJaQtzhB--QdoKbKwL5IGKOzqBI3obfWg1RSsv-x6vakpbvBstQ/o7VRMC8nPd0iZQUvZ28A4PSA2c_y6qQwQt5-3qceR2o),€98.80,Transport,
6/5/2022,Tours,MAIRES D'INDRE ET LOIRE,,Restauration,AMIL - CONGRES DES MAIRES INDRE ET LOIRE 2021 - DEJEUNER,image.png (https://v5.airtableusercontent.com/v3/u/58/58/1791108000000/OooIVDKqL61l5xAzt48HHg/C5Z3NHQuIuGjXtcSc92mRfX-hgKIdkaoR8nFrIU_FrXu08gWJfQFarcMaBBAekywJAAqQDUGMAsuPqlApdT4AsI6Buy3j2TGGnZXPGlTKYlafihN_UTq3SSL3n2oE8hxALirMs0xWMBiffhMK3MU5A/ca5xEHH0lX0Jp9twcLqhxqrsBd32AIIoxbRdLC3RFAE),€35.00,Restauration,
2/14/2022,Tours,CENTRE LOIRE VOYAGES SELECTOUR RAYSSAC,33146845400029,Activités des agences de voyage,VOYAGE D'ETUDE -  RENNES,"image.png (https://v5.airtableusercontent.com/v3/u/58/58/1791108000000/9Q_Jt7-0U62a-kTjGGB4Iw/ysWXZQNBKPgveI6Ymhu8yUw2M0MxGALxNfvoZeP6tCzx90roZAkPu_cD9DYRGzRUx-pnn5hTaMeYlKIcqn87Kz6_8eNEufk_zTP6Pl71GvBfUf0GaSAwbzfYCZId8a1yQd8GCqybAYnqKEO0aujCcg/lFQqKzk1nrjdY_a9CH1pzCEW6GusWSTVnFSInpRf6es),image.png (https://v5.airtableusercontent.com/v3/u/58/58/1791108000000/-6jbHuOfY-2bN1U6CJiIrA/3HN9Fm89bvv02D1lSNz31pfGRKWIAkncwqIxJ1bJ6ixlMrZr2mKrmDq5unnqDFDkW0FDDMwD_0H9o5EEvQdGkmOq9FOhrFczrXN8m1_qXqs2xpDm_WeABV9JjP-w5qwrmEu3Rnu7MmHV7gNH9Oh7yQ/YO9lrscUQCgaaz-_OedRasL5YpJTrzAUJ3tyyJ2PIEQ),image.png (https://v5.airtableusercontent.com/v3/u/58/58/1791108000000/LHtgWvhW1XNNAAJXsZuTTA/nDZQkFR8GZsDB7F14JwROK-rx-74xOBSBogHsOEVg0EG9AkhYXFozHC3FJmeu6o6fJ7VxWWi4dnxDst85lQJw3ciaH41Sh4gGKUINXxZoG7aVy7P5YPPp7dnS5hFekVc04SxMUs1KgbNeBLDnYXf1g/2TVpjpZ7zxKREJGtsZS60zp3jKpIE2Mb8Yxk9ENKDS0)",€213.50,Transport,
11/4/2022,Tours,CENTRE LOIRE VOYAGES SELECTOUR RAYSSAC,33146845400029,Activités des agences de voyage,DEPLACEMENT E.DENIS  PARIS LEGION D'HONNEUR MARTINE MARTINE,image.png (https://v5.airtableusercontent.com/v3/u/58/58/1791108000000/fXwKPG4gLbjiTU_mPwmm3Q/PpEYdjFmfXX9cDYXliKfV19Y9QA3Fm_y6lnGwERIF2_F_tNMJYzUcxK3zESQmIOdEkwGNCa7S37jqMFp-YumHY_5NCz1OdSBkYsv7vfL0QTsGHEzLkCdKX7AFkSl9A38_VNOq_n94FLZ3x2taiRC6Q/MGTJ8EKoqVeSV6o7YVDUIQg-f9zBYwROAA1hR4I7gV8),€136.80,Transport,
11/14/2022,Tours,CENTRE LOIRE VOYAGES SELECTOUR RAYSSAC,33146845400029,Activités des agences de voyage,CONGRES DES MAIRES 2022,"image.png (https://v5.airtableusercontent.com/v3/u/58/58/1791108000000/h1yJRO1q9vb07ffAJzDAFA/Wgrm_G7R3Kdlt0doojZotCPVVIosrIQCcDiKPJ-kin6UdIJQXD-lGeOmfG6OWCgGJct4fRPJrUjoIkzLsKE1AENBNp_cAv_-u-DmdYC9BRDM0Ohg3DiGxWKFVbI54SyXDQtE6qEfljpOELxBnojk3w/fzwuSzJfaiy9g48vh58f1DSR6y5ncMXEfSRnKZweorQ),image.png (https://v5.airtableusercontent.com/v3/u/58/58/1791108000000/WvvH6LFHL6ylCJIyffLALg/tQYLHzUD9q198oHAK1wpwfOyZTZfIYsqVipC1MhB4TWhJ3xIQsn2QveD4HpBRjMWk3-m_c6m6EIfS_ouCBWg4nTE9x3gbDxjk2-mHeKpiqZzub7kIERtlR2oQelzsm9cXEXk3tvGAZBM7vh07YmpSw/vZFyyZDIbK0pCTjLk2VZBCaAY2JMywTYA6OWdGWzNAI)",€169.50,Transport,
2/2/2022,Tours,CENTRE LOIRE VOYAGES SELECTOUR RAYSSAC,33146845400029,Activités des agences de voyage,VOYAGE D'ETUDE BESANCON MULHOUSE E.DENIS,"image.png (https://v5.airtableusercontent.com/v3/u/58/58/1791108000000/nnL1cucncsIlqr20H4tG4g/3Hb5b-X89nvsBIotys2Klq9GqG2VKbj5jYcpLryfDmN1wM6-dRPRurz_KqNcOTgFxxUJmDL_wJ5TUb4xg7FuNHZiq0wpqaQGqileO8v6uZug_tfmE8WRBa-diXku9zSDOtG_0iGM4P7W6eungWyPAQ/yx5bcg4Umgck4m8BwX0K83nLUB_AfyxECOQjPYEQiV0),image.png (https://v5.airtableusercontent.com/v3/u/58/58/1791108000000/CP5QYKZVWVxqSlfIGFSUjA/bVYwxpKqKQYzZE5ZR4iP0qSEkpwoiaAVl8C7M8YGx_dJ03K_yU3ChIrwdrEnjgzcn3CdKIM2_TQzDIFNH3syhZHg6pXlyBzdY8bofPPguWJNcahDL7tihx74FcBGr6GtqFtTCZ7Mo6ALE2Y9UC9ejQ/pN6TX6hiP4FoiamGO_xP_ZjqpRDTT3yKshZrLYbRags),image.png (https://v5.airtableusercontent.com/v3/u/58/58/1791108000000/gt6Lsb5_VxRu_nbF9aTRkg/PsCBxOH2y42wkblp1_UfndHtjy6yDo0UAQJH9MJXczao_RtcZtiOu5aUFTZMT1PvPd4KH2eJONuiEt-IOjOO8Ggzc5DUPdcImErrB2vb5Elhqk_aps1t2rTTA8cQ7YtRPj61Zb5vkzdzZ3WGEjvZdQ/SXaBSrXVZw-6gwIpah15ZfY_e8gkecrCciQTbgwom84),image.png (https://v5.airtableusercontent.com/v3/u/58/58/1791108000000/m0plVvn26SzC_VOTPRO8aQ/fzc147LOttsvNyKbOVfl5-_PPYZjzVDESfgzKSn78Fg7Oab7DAhzmI4_vEAGT_VvTlnfbwjFGMs1d6yiCC_rn30cKLlszB-0qOMZz-IJRY6GsiAVP3PyAbHV-fW97Xj6yGrygZrWhI5G0XBjFJ7wgQ/VQjmCnqXQqkQX9RjAska0qErOBRLDtRNpW-wB5xHfLE)",€375.10,Transport,
5/30/2022,Tours,CENTRE LOIRE VOYAGES SELECTOUR RAYSSAC,33146845400029,Activités des agences de voyage,RESERVATION PARKING - (annulée mais non remboursable),image.png (https://v5.airtableusercontent.com/v3/u/58/58/1791108000000/e8Wur_mYRANKu7HsTG0_cg/EidgGx2M-GP1YoUrr61o1oLlO8qkw6995U0C1oEOe1uRIMu5295_EpOWVg3nK7Gd107jAoR-s3QolybQflRZgN9jiOMZ-E9C_8S7dbnj7yEIwoA54UvqsAttepQsDiYcQcw5Sn-GTmo-2R1RJEnQjg/B4Bn7RwiapLzKBn9w85d6Bkq6bns3WiVz48UZ7R8N7Q),€28.56,Transport,
4/24/2022,Tours,INCONNU,,Restauration,"2 plats, 2 desserts",image.png (https://v5.airtableusercontent.com/v3/u/58/58/1791108000000/dyCN6JVcCcKf-cX_nKKQMg/AZmv3jqi4wS58uAxcrqoNrq7JxDuwtWMtnb_yDei3O7mA22EHWJIMWPJ9U4FZN5SvIkhJ6BwXtcym7qY8c3RxFSXlUazf7zkiV274n-DHzpPMqOmR80LUi4I__agH9YcAXmKc0ocW_iRrBggOF4ZIw/3jZ5RCnQBuN703z9V64wljHIyZrEHe_04aEonfDLUrU),€33.00,Restauration,
1/28/2022,Tours,16 JEAN JAU,82070681000018,Restauration traditionnelle ,2 repas,image.png (https://v5.airtableusercontent.com/v3/u/58/58/1791108000000/sFkgVcV_IVRQyyuoqomhKw/AtMAe2Z-PpEvFGRUKtELXivCt78t1WRvF7zjfG4BTmTFDJxa_is09CW8X5vaAL82sj4iSzTbyEGf4kQPdom_NBG6XclsjvVkZNYbJhgLpVSvSvKL5RmIwgm9QMQuCMNcZWV7RN1JdlHsut5hAKLi4A/dofsJQhVtEA7A3CmrwUgjR1dcFieWO-QQBZVV9QmRJs),€58.00,Restauration,
3/18/2022,Tours,CENTRE LOIRE VOYAGES SELECTOUR RAYSSAC,33146845400029,Activités des agences de voyage,VISITE- ATELIER MAKEICI - MONTREUIL,image.png (https://v5.airtableusercontent.com/v3/u/58/58/1791108000000/HwGtSxYzIOtM2T2neIadsA/UjxTZ5rEk96eqpbG9VqE0YH0xmVVSu4rsr0tcp-Kp4qeZjhXJf4gviccC_atqWc_4mXUGIminsiXmHgjficXiBtjq0VuetiRVyGpv3dBpnF0MbarvBqh_bM8csPb7b1L6mqC4SHzrOLPqQ6eW8Cpig/TRV5FpGPjQOPZLWilAufUc3flV-Yfx2ZAN5sirge4hM),€136.80,Transport,
2/25/2022,Tours,CENTRE LOIRE VOYAGES SELECTOUR RAYSSAC,33146845400029,Activités des agences de voyage,DEPLACEMENT E.DENIS - REUNION AVEC LE PREMIER MINISTRE,image.png (https://v5.airtableusercontent.com/v3/u/58/58/1791108000000/eL9AtDh5HmfNw-cR5Ql5Zw/fboJVVNOEpT_Yzb08Xenh7NObK12OjqjfDvEqutIPaZj4njm2l0hzCYW3qeFln-GBBKxLUm7aa_FVt-ld-1RBNouDZdMJ_IB4fAeMjQBaSQWtf2I1ptVY6kR89Zff05HIT1ZZR58iO0FaMGZYwOWiw/--OU9zjj0hG07aBKSIs4gzDuxlG0nuNqzj0iNUM_D0I),€142.40,Transport,
2/1/2022,Tours,Rendez-vous,488277082 00029,Restauration traditionnelle ,7 repas,image.png (https://v5.airtableusercontent.com/v3/u/58/58/1791108000000/tHlnmMBQ7ZDyyo9nJFemYw/X-50AVSgak8QlEUbIQeX6ZV1AbjqZI94raT_QOf9cEYu_FlmocpNfNiUZz69Rf4YlXb8qJHPG5fJIQmHMdKYxCaJfFgjwS5b3OvZZebfMsJW4Bpn8L4nzbyW2KMvoW-vgEQtmqgo3wmazlcnYAgzqw/h7OBpscpeTuhHEa_etvTH1kU2ETOgh7GqAj9HZI2ILI),€109.40,Restauration,
2/23/2022,Tours,La Chope,,Restauration traditionnelle ,3 repas,image.png (https://v5.airtableusercontent.com/v3/u/58/58/1791108000000/wHKO_L-oAvKnBMKkOEeDew/-4zJDuYjcC1-89ShC9Rg3halrlDb808y8k4P5iq-RqA70W6nr8YXyb77_jYe0ZEMRVYtBgf7QMZBXA7BAyHneKI-nEuKZJF5NN3w6NEkcQd6Ea0GSDUwJ_Zm4YJ95AAareNvpPm-E5yjO6ePFIQrUA/tlQch4GlhPg8Bvt9KzWcSNvmQR3wCNwz6HIGQnp-ulA),€121.35,Restauration,
4/5/2022,Tours,Bistrot Boccaccio,35308940200013,Restauration traditionnelle ,"1 repas
",image.png (https://v5.airtableusercontent.com/v3/u/58/58/1791108000000/-YEOH8sMDH1gQEqV8AUzYA/KnQ1ZECA43Ph-GRfJbsju1iqJNuijYv7Mjh3e72dSgqLz2UZ8ljwZTL-j5JdTwt2Gp66d2Fk0Z55otcprYfiv7lwo6DXEUshx4LvcuX0bS6n2JgUsIiD1a_VLzxPymAs7dJQu00rU8zhKoOy0gYhoQ/2A5KFG2KTTLup1e3diFqchxp-0UIh0VC5O7ccyi7KOc),€25.80,Restauration,
2/18/2022,Tours,MAO,51480621500018,Restauration traditionnelle ,2 repas,image.png (https://v5.airtableusercontent.com/v3/u/58/58/1791108000000/JTXn9k-RYF4YxNh0Q601JA/OYTWMn5PHJ-A7y6Yp9fVO3OJLdc-54p9KY_GJxrvRSHlxbUBpCNnuabTOwvuak8tQlhwIXjzxe8APDd5JPuqr21vQZRPX8adknxO49RrCuK0Y4akzZhWoF3n3AhAtQfzXHiaZsMV73Om4OgQr-Nn-g/R4UZuOYGyXVJM38Cfr1D93C3JyyrNSxINIXKRNXM8G0),€30.00,Restauration,
4/8/2022,Tours,MAO,51480621500018,Restauration traditionnelle ,1 repas,image.png (https://v5.airtableusercontent.com/v3/u/58/58/1791108000000/RiEwZYom-UdpJUj_lNFM5w/Kcpnk2PhVZBhAFBnfVd7ntyMp1nYBACRH2m_3kfTEo23f1i9eF6vBV8QFKJS1KlVtIojWytTyGJFvLHR222bZhkaFL4pDKFVE7Ww7pGW2abw0K82lJWIjNfWnLw_DQwn_7JS4C1zLBZ3XPpXVVSeIA/WHTJibyWgWJdj87sBiKKYVqTmkGrAlzlBGZHTU2nhFY),€29.80,Restauration,
3/8/2022,Tours,Bistrot Boccaccio,35308940200013,Restauration traditionnelle ,"1 repas
",image.png (https://v5.airtableusercontent.com/v3/u/58/58/1791108000000/R8Wvw0gZikDm95CsFB1Isw/q_A_6AA0WlP9-P1pCCy4r5ndURE-Yk6PWp6oubTHmxDHo_pT6BfRVFgCl04jLBSC53NUIt4d5MpNw4FzpwebFeljVbaQ4eQYsHwoWJhMHC-n_lACtZ-4lTLf1-9a4rawiA2fyaFqoBw7OfuXj7rKvA/1bVVQDUfBk8XPQDIBJAxTJMo02t9rZk-LcUwwLLApw0),€14.00,Restauration,
4/26/2022,Tours,"IT TOURS
",,Restauration,3 repas,image.png (https://v5.airtableusercontent.com/v3/u/58/58/1791108000000/7FISwsJTOaXt1rb0Fxwx7Q/rjsLJd2XiI1_F9_kPsDZiQXWkTf6IuANPlUMg0lU5sdSQcJ0uQyYXujaFeLK7rFKxgxXl2-azSBmt8uPLCRokWTEHaq5M4wkoHHaOhGLmS6gwvCt2qgDQxso_VV_tCq1Ig30Z62BGc7hwrtGQs-dpw/pMdh5UUnM1lIDmbXINgABEFA0TnYEbrYsoScr5I4_7Q),€45.30,Restauration,
4/1/2022,Tours,Max cafés,,Restauration,"3 repas
",image.png (https://v5.airtableusercontent.com/v3/u/58/58/1791108000000/Cu7TlpaFNO9czKXOkn4ppw/dm-eO6g_O2hnkUAmuHHN8bnhUG_Gfrqtd9lrhkRyucJfGk16d93NR_cXbNRv6zytYWOF7oZi75yYkMlkgX--EnlAiOns0e-J4weJKLg208n3LDLb4GuFIWUmicenT64p8yN8YyJWLV9caLMCom8Ppg/-MdenAneyylYQRreBgBnoeJ9bAdvSBTitHDUPzd_Hrk),€39.20,Restauration,
1/25/2022,Tours,INCONNU,,Restauration,4 repas,image.png (https://v5.airtableusercontent.com/v3/u/58/58/1791108000000/YLyqUyUtmd8ZbXCjsquRWg/jBnvWQiOAO2eKcRtmZ96fm3L1s5ROgs2DxfSv0iV2LYTGqHG5DsV9cuyhqP2DOHR_7Q_QoIx2bSo0wmzP4azWKo1kN2nGfCZdmVSPfn3bnhtYapYEU-XulW5mocQdi-0DWiTDU_674Inp-6qmUuyWg/mAlA8B25AtUZQJEuZGZ0rt9lLyyla5aVjp8pjOoVpwg),€86.90,Restauration,
1/14/2022,Tours,"MAO
",51480621500018,Restauration traditionnelle ,"3 repas
",image.png (https://v5.airtableusercontent.com/v3/u/58/58/1791108000000/8s4ueSUGzNbZPlFyGQ7XUA/Fo_t03P0taElFEVhlEPmcGBvT064X3GBBMQ1A1t7q6Ra5mSGqxadYCi04IukwzVpd3BNygP9oMOxoQQsMxHTKabjRxC6IVBCQQ2pxntdv2DLtHhNqimjkEunnCKctmUlV7YM49f3sKwnufjsbBmvbQ/kqyRpHLH1uhhJFp-sIOOgE304LrVdhcki1dydrgzvI8),€55.00,Restauration,
2/26/2022,Tours,T.N.T. (LA SCALA),41203931500012,Restauration traditionnelle ,5 repas,image.png (https://v5.airtableusercontent.com/v3/u/58/58/1791108000000/P2iVVbMIw7_ptDhqzRh4Tg/jxlUrgMRu81pCUa66gcXLrzEXxsYt1bUJMeuDO0QCEyxo6R2LeNLetvVOvOAfeA2TUYeJl77am7YmlB2IaqVklvlOZ0wdzRlFVsteGPsdDG4d3P_tz-cfZL91GC497dL6xu87Aw8PWxMtPNV_Ep67g/hOJTYmCSNNsaxnlY2XTM7SQWP7-akObRlN3hbzrK7E4),€79.10,Restauration,
2/10/2022,Tours,Le potager contemporain,,Restauration,repas pour 2 personnes,image.png (https://v5.airtableusercontent.com/v3/u/58/58/1791108000000/6-_i4_6VbmSBjCmRbIabZg/1IU49IF_pHphZttEhPbZO9ywdkuEpwScohiodwWYCJLP5C03mNshoEzBTm8DRVpEjqx4JEi8CeC-DCWvL8OHpsVn5lO5ECOxmeL0BPAIkSkgFFo56m7eJ0zPKHSLpIDDntbNBhTp1Nqm40FKqV9XTA/HIAhk5t9vn5VgulFnmZoMbwGFDpgO0j1Qc0Fqzn81T8),€59.00,Restauration,
6/20/2022,Tours,Newlita,75129942100022,Débits de boissons,2 couverts,image.png (https://v5.airtableusercontent.com/v3/u/58/58/1791108000000/tltsb6dEP2BWd-c-gI1C-A/HXIMFVE6fT5xZKUPa2x0tMZru8-N2FYWn38Lkr09ftNbBWRhI70iN9q5Wzilw4r1zTo1jp2BS08sXd9IxsRwdw5oLtck-wQjZyvma6KLOGKUF6Ji1u7xCbzmHgKnErO3kMLQ4LvWx37SbI4R-r6EtA/hZUuq1OQ8-Qmnp4xiwmUDoOPvbBvjdUkfe2JcFzDk7Y),€30.80,Restauration,
2/5/2022,Tours,"Les Gamins
",82132439900012,Restauration traditionnelle ,restauration,image.png (https://v5.airtableusercontent.com/v3/u/58/58/1791108000000/HZlEaamDt5X8soFCVbs-fA/kNcRAdtDPymiYiv4ndP2XaOweS2XKVI0LNE8ChR6NQKsf8d4bnni1pdbxI0YOah14YhcB9jdS5hH85c8Xz0UzBE2h7PSiwWznQcM4PEBNMfCmtEZtq6eQ1cPIkC3eS57K3aHr2Ael1qfabZA7QhNuw/hAXoKgLTjIeHPRYSAmCwrgOpyf39HMCGW_jRkwcVvF4),€348.70,Restauration,
7/12/2022,Tours,INCONNU,,Restauration,restauration,image.png (https://v5.airtableusercontent.com/v3/u/58/58/1791108000000/fP10YL1hw8sh1UzjGNr6qw/g17B-V8Ed6tMzffou4bUsVmYufvsCg2WEZlHuLLkWjV4SzZfI7aVUPNPGxyBS6XBEkAU8gPbWyWoxqLFyuYRlSftuPpdXhfkC8PaXssir-Pn2iAk5_57-I8zgL03hXlLguMWA6O130VX0ZvoZa15UA/LJA8sjN5V7SlV7ORDovivl_879ZK8_1tocMUoO10Pjw),€40.00,Restauration,
7/6/2022,Tours,Café Folk,83162253500019,Restauration traditionnelle ,restauration,image.png (https://v5.airtableusercontent.com/v3/u/58/58/1791108000000/DJA32HoDNPyc4JXofP7S_A/OsHley39ibJaTTRPHtqp2rJ7qS4baq6zbKYJCT9F4tGo514QtGscXdPzGJtQSAI0ji3oJKxFVuMPwB0Cp3zk-Xcm6YcgLj8uW6IwqWG_pCC9EPSnjgp7qp09bYQXqIOHtcIcAGZ1G6xD4x47yZKzRA/U7NKRdWGQYzDWdW5blJ_E6zcGu8AbMD_Lk_7OsWeVA8),€87.00,Restauration,
6/16/2022,Tours,LA TRATTORIA,89273905300015,Restauration de type rapide,1 repas,image.png (https://v5.airtableusercontent.com/v3/u/58/58/1791108000000/i5w1a2mmVkQ8p7CAFQrFIg/b4dx7by-Gu2tAh2Ubl7OLA_kI3e3wG104Ef3XCGc1DGzuH8PrGzA_OvzYcykfo0tHPPnp6bV7ZcXNk6dm8spWG0mdUH0lmmcrkIKN3l4NZYX4YX7ohamGu758VbvfN2diwR7bao7E5EU8a1Rpvb_wg/arueebJ8KA69dD-7jIarhzyJrhd_c_RlbDSGE53vBRU),€23.50,Restauration,
7/7/2020,Tours,Brasserie l'Univers,56480174400017,Restauration traditionnelle ,3 repas,image.png (https://v5.airtableusercontent.com/v3/u/58/58/1791108000000/D20w-xC5CMY3XVjiiFlQBg/xzSOwsM94W8hNnb-7_YfkC8FaJPBv92g_uRIqlDKhXpS-o59BpymJ26jphTO-4Lx9inAieKKpAPl8VeSbuNawBUm5JZa72Eg1LGrp6FWlhHvBU7kjZBcjlSt5d_NP09x8RxpnfLYxLAvMCgVUhxr6g/30o0IXLwb6RkwkyoNYk3EXapnxuqGz7Ojgb41P1v35Q),€47.70,Restauration,
11/10/2021,Tours,MAO,51480621500018,Restauration traditionnelle ,2 repas,image.png (https://v5.airtableusercontent.com/v3/u/58/58/1791108000000/CHuRaPhrb6s6agotsdWVHg/iTWvsOlvuhcyjFBu-bVCuJ1sTSSyajWjOMyXZJbP1wPcTFoTbv-0pE4fsXRq8C-wMYf42fO8iJpoUVdDYYlSdui06oCbID6OrV5t6bmSnTk3Nu5hVvJDZparbmnjeHS3oH1h1PUrnR_B21LJDqPxWw/9PFFw52RTooxqagSc3G5jrqQ6ebAfixMJpMGB74UeZA),€33.00,Restauration,
11/9/2021,Tours,La Maison berbère,47872097200023,Restauration traditionnelle ,2 repas,image.png (https://v5.airtableusercontent.com/v3/u/58/58/1791108000000/fOo5yxHRHBjFa5XFA2_e2w/RCYAWoJfbB-C-9ypZ4tjkNAm1031H43gZzAq2KoIFVQeeJmzyJFlB6Jani4ur4s_EpEOLfisTYMGK7MKBYNOfysY7KclNhbfciMRwMLNGaR8p2x5zOK0i4JyNZTPD8-nlqHqsOcs3p_ilWAkPsRXMg/WML8GoGRMptVXOUPoMCvQBiL89J46WAh37TstGKCcTs),€45.40,Restauration,
9/17/2021,Tours,Bar du Vieux Château,81988552600015,Débits de boissons,3 repas,image.png (https://v5.airtableusercontent.com/v3/u/58/58/1791108000000/b1aMUjV6F5TOuMFQWmTvPA/X5LktYIcc0oEjdEjRlTNYLAPDXniYRx6YxKQgPRB2C1RaO0gDvODGLYZIfSl1CBY9ICBUdWifFsVHBOLifSGjGigGEBakcNDUchlFLbkWYjXnBIA4OYDyW-AfI-DbOJb0bN4ki6sxOqjpSPWmo4M0Q/4zypxpccgK3uCHdHJrDe4hO2VuK22CREoW5OGXDJRmo),€55.40,Restauration,
9/23/2021,Tours,BHT (BHT),85262033500020,Restauration,2 repas,image.png (https://v5.airtableusercontent.com/v3/u/58/58/1791108000000/Kbh-iYZZexqWQ7X2agMOcg/nnBieHDHCWRgZiwVj4fWLd02dijgS4FU4rniSP49eLwABjduzHZm9-Z2o_GBm9gs1Oekx36oqQglmX7FD7gzouoVqqsMJ45Iv5XLeUqwSST6GcjJNbhMgP4spHWCenZ7W7RVgwoEQhnYOViqTQqlaQ/IZnpu8TQIv3d4CuNf4bjQfHs0WE6xzIZ6WWT7zeylQE),€30.20,Restauration,
9/16/2021,Tours,LE 16 JEAN JAU,82070681000018,Restauration traditionnelle ,3 repas,image.png (https://v5.airtableusercontent.com/v3/u/58/58/1791108000000/jRCjqc8RQBhjcHqGyIA6Gg/V02RdpURh5x3PkC9YCqXgJA2J2ywaCkdQKSn4ykgZuw4NTkIyOWxwFbA_1BHXyy-Th6BqyPG5tN0fOktQhHsIoednk6kgoLpSMkSth3konexKn8Fu7SZSbeOLFAv4MiSQt8npeO_1aFjavc_0pUdOg/4NSmjDxzQAEg8GFfl9DVefSpfIbx8T_gfUUP8ErFwBI),€59.20,Restauration,
9/22/2021,Tours,GOURMET PLUS (ZEN),48788409000019,Restauration traditionnelle ,3 repas,image.png (https://v5.airtableusercontent.com/v3/u/58/58/1791108000000/XUJD8LysHCCS1a83ZMQLdg/1NCru9szYzgeEBP1SjPIhW-SDGQukWQiDMCxiUVqsgzI__xmMeYArX2wwBSUBEBnvWt-EgPWiO2Iym4S3HOsFuvTWpv4V6o3ZMKTIDi7dWi8l9DJohuB5Ad3BnCd0y0beAlVkxrI5R-vg8XjswlE0A/qs03CS4VdaaQuKC0iOyl6kekbkPoOmb2oQaryjPSQeA),€50.70,Restauration,
9/29/2021,Tours,SAS MVG L'Arôme,,Restauration,inconnu,image.png (https://v5.airtableusercontent.com/v3/u/58/58/1791108000000/zxqJsjk99iTXZ5WbQvuKPw/CmCW4ZM09o1YvKvX918OGHx5D0CY2WQYiCIGE7c_lGZVEVSzr0YXztWwzZHpaf-k7KL3nlU63QoDyS0LyvYbq1FQqL8mWJmQ1gE-AZFrAGtI7jfXCo5wmzbCL_u3li7tjtMB0WiSPJF3PKcRzNSPmw/WotYx0uVnwUVQFREdfP_ZBhSvGS9dAkdoB9cO1ceieU),€213.00,Restauration,
7/15/2021,Tours,MAO,51480621500018,Restauration traditionnelle ,4 repas,image.png (https://v5.airtableusercontent.com/v3/u/58/58/1791108000000/_gthowyPCkHwifY-HfkjSw/mU_tObOAtaHL4EZ0Jl4jLnEuCzEKAlmA-IBuTumvRmFeURGjgXChaGlJX6lEp8LQu3sNSqXu_K4UWWSZeDI-5LRIPBSvqfHQNYpUKAPdKyy2QdwXSkxyrNzSjKMdDmbaFxGBMf-nLOhBeylTbDRSjg/uhZvASSvrFhZgbZhtyAyMSvn2ob4BQ_Rw9BoAUy9CzI),€64.00,Restauration,
10/27/2021,Tours,"Le boeuf sur place
",52934537300011,Restauration traditionnelle ,7 repas,image.png (https://v5.airtableusercontent.com/v3/u/58/58/1791108000000/3xSsZKHa63JPk8ZyNO7UPA/6m1Aj_wv3BJbAIMeO_5w38KIc_2p2dqeHxFI_1_HA7dEY6eFCD_HC_sVjy4TnkV5m-TTfkNWPG9F7-iplsnXMpbjslKlUssQ2vP1WlmHV5JLHh2Nnn0cyldGqkLAT-cqJAquX8hhqciuwxcMWjkyGA/SPqvAj481kjdO4GH1uq0uWGXH8oj-ALr9TPP_vf-5wA),€140.40,Restauration,
11/9/2021,Tours,CENTRE LOIRE VOYAGES SELECTOUR RAYSSAC,33146845400029,Activités des agences de voyage,"Train Tours-Paris
","image.png (https://v5.airtableusercontent.com/v3/u/58/58/1791108000000/QawaxfHt36Xd_3dxUc20Cg/UeRD5gFBuTvbhj9poWJfky9QmyioNczlRQpk4cyoHXPAQ-dIbNzhwP2Ubd7V06S1MG4OfQeIP9M4h4AfR6RQ9UgzbJ2ZgxpATBdpSzDRRaQd9YuDTEC7yiT5rXE9Stsjz2YT5FrJczBcNYbPSGDqYw/PxJCEgJcHwKTRz28sxT-TOjuNyKS3JbFi9vNGNLqEEY),image.png (https://v5.airtableusercontent.com/v3/u/58/58/1791108000000/Yq5cObbnf_qVVMOATO19SQ/Xq35DlOJD0v8sXl4b1zXEYjLxLFa4X1nlciYstM25mvxbsd_MrwAj3nv5CJKGUz4qMA_nAv4aAp-_lSoXDjYX9cYd0ut_4DLJEcK-EE-OZ5ZIRvcTsd1oMucgSAmfvyHUi_GaBpQtooFXB0jLIA46Q/oXMegMz9r6RpDClEjnz9FPRN4bpCQhfeU9lgee20nBw),image.png (https://v5.airtableusercontent.com/v3/u/58/58/1791108000000/goREPaqREoPA1NGVbsIZZQ/D-_EwXQAGnFn018BrDA8j0da1gSdEhXhFH0MZh0ovrtlJGUjC_6yKlTyfQ3qd2H8ITfzdNXIN_g0eGKAyF1LwLj2qMAn13uXc_cHoN5cXylVNvnc9P-_s3FqyP4SE7LIAxYiRPUoMYQf9c2w95et4g/5nDLU5HGG_83UBSfXCsNnL9cqPzd2sSrmIlPjSPr3Dk)",€139.40,Transport,
10/28/2021,Tours,Les gens heureux,84280246402464,Restauration traditionnelle ,"2 repas
",image.png (https://v5.airtableusercontent.com/v3/u/58/58/1791108000000/cbbqCt94sDEUP8O2_SvGqQ/lEwRqohRsrMj0TMuYZooTmuXbHn-hO0_NKGsn_e6hbwMo6gbVgN8swXlHt8GK2go_iIynvuVz-kyq3HKULtp3rLrfHesh4_8eKbw7WRHU33c855Mecv7Ke9Q3V2-BnhDl64fucTforGPnl_4QcKwuA/hPswG8MQV9-5pYcJPruy1vdwJ6Idl9tsTHa93W5vPMU),€44.80,Restauration,
10/26/2021,Tours,LNK (LNK),51431323800024,Restauration traditionnelle ,2 couverts,image.png (https://v5.airtableusercontent.com/v3/u/58/58/1791108000000/MpGLMCVfmSn8Z0IFqljo-A/gj019BHDmPuE4LV9Fd3uR_dlPj5gODroH8RDAEIXXAR-B7gKn6y85_bFPwFA3PzrugP7Iqgj7AawAM9fUKbbwaGIfi8_0pkFfeii_asjvGmx7DwQ2sfhDSjL4SS2C1werm2t48UqMCCmoLPaKrox_g/64wTgX5lstCWbg7kY7px4c3kRWhCCP9rhop0N5xZZoU),€43.20,Restauration,
10/22/2021,Tours,La petite cuisine,52441261600020,Restauration traditionnelle ,"4 repas
",image.png (https://v5.airtableusercontent.com/v3/u/58/58/1791108000000/3ug4catm65coZWqhu2GdBA/EG-xVF-OXGb9gEUnD5X80ddlebEV3DeLb0uUzR3SNqOPwXKL4vDGpNJjvgPMyay0M1YRwbHo-M_-iaMW51uqiyapn4-SaAUkW71NKSGcK7FJBLTHn-MTY_YLeZxiMZIDSy7jV56URcJ8DioiinR16Q/K0CuD5nuMvxOWVVYJ1IROT8do6pnAnM1GybSUk91GcQ),€102.50,Restauration,
10/5/2021,Tours,Le Valmy,83406013900013,Débits de boissons,"2 plats du jour, 1 dessert, 1 café gourmand, 3 expresso",image.png (https://v5.airtableusercontent.com/v3/u/58/58/1791108000000/a6o6oiwe9kYO19xxq9TqsQ/_HRlrEqDR3yGXFIreeEVpXb8FRY5tkoT-yqj5iHW8FMX2IsKHxxgAfuZYZOk_4CMcLNbkodTJfzCkjYEQdRkceTIIP91dNZZ51a00f3uukHmbrcZvgFiaaTpxMAzF7DsSvscaYxUygUtDfp70Pm51Q/JuDzZ2-iIhZPK8X8XbjJrfxIRBWcbXGGSjVwZ4e54Yk),€41.80,Restauration,
8/20/2021,Tours,CENTRE LOIRE VOYAGES SELECTOUR RAYSSAC,33146845400029,Activités des agences de voyage,"Train AR Tours-Nantes
",image.png (https://v5.airtableusercontent.com/v3/u/58/58/1791108000000/E4YQrTccBwRFswLzkjIrTA/G457r6BPKtqNXOL9Rjrj27OHUGBYZkj8LYI88XkMeOCcIOs3VBO0ZzL4jnZVr9Cc2gnZsvuKqNLqUDq6ngQQZUGDtow7UmXFojo3wnZ3J6ZIoRKTacj8K1qkf1C9ilKW709RMCbBHNkWO3lsJ7wI0w/5OawdIDybBlyfWg0go7O3ffMNq4CU14nL51dbesA6qs),€61.10,Transport,
9/30/2021,Tours,Chez Gaster,83107244200013,Restauration traditionnelle ,"2 plats et desserts, 2 cafés",image.png (https://v5.airtableusercontent.com/v3/u/58/58/1791108000000/8zdBAtkkyI4kO7x3hDbG9w/AHzP_NHPa7eRYqQI-hiH9W9MIYog8pPb5yZqRVETYJSJgono9awInUtMq-N335WmRu3loYnzJP80cJEqaTdAIY3PC-TcrPn3mErkJX3W-2hwILDcHPBDwdSs3kjr1m2HOPlswbPqcPOIzv68Ct0F3g/nEuf6-xLkQS8e-uJByXrfZGoYq7f5HjEpzA0hEh-0-I),€34.00,Restauration,
6/11/2021,Tours,CENTRE LOIRE VOYAGES SELECTOUR RAYSSAC,33146845400029,Activités des agences de voyage,Train Tours-Lyon AR,image.png (https://v5.airtableusercontent.com/v3/u/58/58/1791108000000/mtes-m_uSaBXpzaFEYwR7g/oMUWCNzl2eEte3pXwOu-31RhTn_imb4ahh-221qpiUUCnYqouD1WnG1WARSgbpdmCsK8TudyzG5Upl2NfwVXy04PqwcdYhyNe82qrreW04K-g86_7N7bvmT6uZuLG2ekUiDFKhNuutnY_iji2Y6FTA/a7-cfihvx2d9I40QXh5HkRbNoj-mxX6vNLkHzZ2AVJ0),€184.60,Transport,
10/8/2021,Tours,CENTRE LOIRE VOYAGES SELECTOUR RAYSSAC,33146845400029,Activités des agences de voyage,"Train Tours-Paris AR
","image.png (https://v5.airtableusercontent.com/v3/u/58/58/1791108000000/DzIaZMwsdEO0RrDw4YtqFw/8NuKHklbPhN21kP3PBO3rAh3okUHCriW46UKGHEuaW_Iu0WX6gnI9lqjETIFl5jeK1SSfopDbL_v3XKi9ZK6a8L7T2mEOEDSgdZhw_MAz0Sey_8RGgKYFUy8auotJMrVvPCiyCJAND138-UnbH4YiQ/JS0omLFsLlK8xjrHQCZnJ68vQKhOEbkdNrLk7jekQvg),image.png (https://v5.airtableusercontent.com/v3/u/58/58/1791108000000/I1Keu3DG5Xqsi0eAVNu3gA/-qaDgOQpsiRTcpwu-GdWLvh5IiephCwXx6AgkggPGdZjDp7g48A1WR0BHBGGR2KcDIvnjvh0eq5I07PVCyO4C47iAYXctDcwC0uHHzi3B5luyi8qEevCN-28r5oOhMQjCw7RViq1TGivIYfdKMLnKQ/YKm6a_CCHdFc-IuHyDOQ0NzM8S9yvjVDfeAkXLYyRPc)",€110.10,Transport,
2/12/2021,Tours,CENTRE LOIRE VOYAGES SELECTOUR RAYSSAC,33146845400029,Activités des agences de voyage,Train Tours-Paris,"image.png (https://v5.airtableusercontent.com/v3/u/58/58/1791108000000/BOhmLUzxHuvlofcTu11uPA/a9Q0bcjwNwMIWlfLKQjMYjXjDSSv03OhPKuDDeDz6BJ5Tb53rwd8FWw895WL8ma2U1Vb8hrSPUm-0KaikAigQkyRnDJEGQJt7N8HOX_Sp2120cNcENDTDz-KUbVMKWqaUMeAzhbaQUNiSB3VdFVNwQ/rLtDUfEfqux5km2-TpKWllruMWjI1q770PS_PLUEYoM),image.png (https://v5.airtableusercontent.com/v3/u/58/58/1791108000000/ejEFn_DXhQu4kEk8UftyIw/uMFgBjWkvxzPutChHiyN-AFEbvz9IGey7qEdGmj3RKiT0C7hwVEa4R4oCAk_3fCwoc6_MCqj-FNCKak3_NIwUdFjjz3g309_5WNEeDe3vQRKGe4NS3pBCiv1wlHfwyt07ySlDdmvb3kNj5lMwhyrjg/v7oq2jUNDlx6oHeuTCEXmtnWJi5PYCbdSVFOWAJIbiw),image.png (https://v5.airtableusercontent.com/v3/u/58/58/1791108000000/-xak_I1gaJz-GipcXE2W7w/Cg-gLkLkgQKuWPFlj4IXy_Xju0bZ_u3a8XMfYqvjWhez1esL7drR8B7B8ZorYd0osqsMnUg4Jdxdw85mRHxi-013pZ5xWy3cvceBbkeBXOkNH80ycqXZTTeRgpz5qvrAXHAPJEj3JOwWKmNrljU3nw/foV4pbf7uVa6GNORrvvpMZCoigZ3zR1FXFSHWjVWUIo),image.png (https://v5.airtableusercontent.com/v3/u/58/58/1791108000000/qTU-5y2CF6hbB3NONHzUFg/pOE2NbOpKpPpgnlWuYjv1KvF3D7oAkh7R8DYc8KS91Y78YzWTsUCwM1OfD29U8tRlJWYoBJSm7QEoXhpt4oUJelLQbFd2vOlw1cX_Xwsf4opeoZrNyI0mZ_kRHdf2_Xg-iX-WpmHwc-DPD0VxqkteQ/uwh00WqM3MA_KzrvDu1wiZbK5tGa8V8LtClkyNtzOoM),image.png (https://v5.airtableusercontent.com/v3/u/58/58/1791108000000/9Kjw0qnFiR_MsJLev-Y7IA/C_SJvR7GnU4vlTBPmPGf8qKYv-PL3BY64N6W4lVsd3pU_hta5u60Dl9HpcORTlXMg7qxjk2H4a0OEPH2rtpnuQ5pM-RXbU_YaNiwF2Mqy1hEgYZL4YLk1mTThU0YntuUeQMvYyj95FXQs9xIUtsvXw/M8Xe4eiFDAg3YLy38bnr0cuK8TJUNMFQOUI5tLQs7uE)",€164.50,Transport,
6/11/2021,Tours,La mie câline,39352907800056,Cuisson de produits de boulangerie,"Repas
",image.png (https://v5.airtableusercontent.com/v3/u/58/58/1791108000000/ncX1SuaAXEMJ4BU9BomxVg/8fcjAf5pLaMOfVZ4tdWbv7gNyXP3jq4rfP11cE9n9eyecTveZiBxabHhSCtMpcy0D4pdC3dLd4pJiuSEivREbfQu1PDeq8XlBtzWpAahRDYku4vAwNSJzerWeYpR91ErkiI2txJL-bz3ETsgLFdW6g/2sOtXk10WhICOKYooiTclsCFKlAcp626iFDrYhSD0zI),€9.60,Restauration,
12/5/2022,"""Valence
""",BANCEL,,Restauration,Réunion de travail : 4 convives,Screenshot of madada.fr on 2023-10-29 at 17.55.23.png (https://v5.airtableusercontent.com/v3/u/58/58/1791108000000/MHSma3C5UNvTQBMUQlrhOA/iFCPcnLO0t5UoS70i8xNAFtCb3wlLwAG9eh7F_IkkghLURN2NEWd4AcfdlxbYlbifE74sPuMRxG_OnV8h0fgtLwJpUHcjg4MfvS0EkD_mXZDNBUQORS9cCsSMCBg7uXL9H7U8o9-ur708fBT78ige32cRo0T7khNeFHgHAPT1ieaN7mt4X1XuPfFXWOGZg2I/WHtIRJ2kIV952Lt7Gq3fwzTvLx3oG_eejAMu2_Bf6YA),€109.34,Restauration,
5/17/2022,"""Valence
""",Amitel,,Restauration,déjeuner de travail : 3 convives,Screenshot of madada.fr on 2023-10-29 at 17.56.27.png (https://v5.airtableusercontent.com/v3/u/58/58/1791108000000/-bC8ff4YM4KZAyNKZ0Wu1g/up353n8xn65lBU77znVwxjJzCLa_Q0ES1GCvdPXdKOo1eCfT1BEwA6iEY4xl8igvdGDHlBvFJ7jqouM2QuYJvqCSsVVno0jBUjmMco1fK8TEN93HcLUSMidA6DXipM6HL6rQZuAfhYEE454mshNqWJ8ZuBcGXY3P8GSoZbdWkBhIzWenU18rzwem8daCoNsf/dMPtUrqdcoQVa5Vg29qWov5DNg0knfHmVlZlpbg_3jQ),€152.00,Restauration,
3/15/2022,"""Valence
""",André Pic,,Restauration,Déjeuner de travail : 4 convives ,Screenshot of madada.fr on 2023-10-29 at 17.57.02.png (https://v5.airtableusercontent.com/v3/u/58/58/1791108000000/ySUDmGixxBe7_OvXPag7oQ/CJ8-tL_6wVfgtgG8rOfvgPDAtLm8CVbrp88ZyBtpBh2D8LR1dJEOAMIc7NdxIV6eokSaOX9BO-HO3dD7gI-cDqY4XiDVyMEVLcPg7muWxCvZb946Xvix2yKdlpa3WtvexatKqRO9IzrY5cyGOg6OeuLFOQzgdoqhUpu5DydvgIiddLS9_Pgjp5hGqBvjstAu/WwXSdcw53Ci_qWyOJtXyERG5pz0ZFHtSjmDHOMgAT6s),€213.00,Restauration,
1/10/2022,"""Valence
""",Le Bistrot des Clercs,,Restauration,déjeuner de travail,Screenshot of madada.fr on 2023-10-29 at 17.58.25.png (https://v5.airtableusercontent.com/v3/u/58/58/1791108000000/BNQXsaHZQKoDtou1OFZydA/dNv0JVq7j9rPVOJb5Fz9nBTewdBowsKYZv77NjoHdb6gn7xOA9lHsCxjf0e1tjXhmjz7vvBWt8klHaVhmVhTB2SbDlnjAJKUJLq2x3m56bH4gn1J41h2wEX0Ee69JYegBtdjvdvc0cXZhxjTH0aLBLofRQu_7WgwZWTWC5gdsGoOB2DkLzCOOyJCCFIO-XVW/Xb8WjD-z2DudNN8PVrx4DQtF8yI_4klR4YvtYzThUjk),€240.70,Restauration,
3/1/2022,"""Valence
""",Giraud Pâtisserie,,Restauration,matinale du préfet : 6 convives,Screenshot of madada.fr on 2023-10-29 at 17.59.17.png (https://v5.airtableusercontent.com/v3/u/58/58/1791108000000/gcmkHuMVjjyeZuxwpPnCqA/5SwHBXqb69zyRixhi3eoLQENYKems5vuPS5YnKNG2WYPMXe5TShWeEFAs9I5HSkRbK2T_bA2pMHscfLYk7x6faE1j5fsYEyuzx9t4Oh9G7-YmTHLgCdIKm73iIZRlKSSZkWAXg9Uert8gryBje2_uwFdCXnYsNcDcJqSgyLhNjT8GC7OC5fsN17nD7VHfNSL/UCYpnCNmDP0Ub5vWFU0r0ZvkMKbuLVn0u7uAJc-e4fo),€12.28,Restauration,
6/22/2023,"""Valence
""",André Pic,,Restauration,Réunion de travail : 2 convives,Screenshot of madada.fr on 2023-10-29 at 17.59.56.png (https://v5.airtableusercontent.com/v3/u/58/58/1791108000000/mUEL9NUbNp6H6wbrnutnZQ/nOqehCCKRaI3fgEvnwuU-tUTQiNXhZ5KjBNYEHr4LpOIGW9RUKQ_yOYJw6n7u-3BihTn8d54mCSn2O14Mi-mJDUHuifqszGdF4QXTyiY8s5TOK-3TdgSc1_ULkm0YI6AdmJMzGAu4HAjH3QZKkOY49tD1ydDjAeiR11gyhIaPOocu81XXC2w-jDMHP6JQ1pw/fed4_q5fxUJozYIoo9Uf0Hh8lRq9C_hj2MyqP2vhk2Q),€88.00,Restauration,
7/19/2023,"""Valence
""",André Pic,,Restauration,réunion de travail : 4 convives,Screenshot of madada.fr on 2023-10-29 at 18.00.50.png (https://v5.airtableusercontent.com/v3/u/58/58/1791108000000/bhyhUGSiLw09I1DhHbPCgA/mT65d3gacrMZszjRAakcpr9ICqR6Y2fK0rmPgAUUu1z6nxnKKnfXqGsGbIqJ8lnO5n1lO8xubqvhEP9OuvmLZazcvCaCKqbKbbz2XsvdoHH4m1e8IYvbZWJml2dZI0R57P5LxWgFsG5XybAffzirjBdPI0hR_kp3DzfKqBePZ8mzrNE7SkxAayvQk1Wx-hbX/tyxxxgfv3kjWGiwdVp-zvMKDbKRBQeZD71Bkdf3A9zs),€196.00,Restauration,
1/13/2023,Vandœuvre-lès-Nancy,NORMAL,,Autres commerces de détail spécialisés divers,Inconnu,Screenshot of madada.fr on 2023-11-01 at 16.00.11.png (https://v5.airtableusercontent.com/v3/u/58/58/1791108000000/78-li51pIqqgWC1NT2BbsQ/R5E3PYatm_mmuQMlAK0afZI2PzUmjDUTV4AsA6TSf3suolr_WyIqQQY7QuucHc7jUmjDHhNKruVKhSOWf26pZabPGP3LY5c7fdaJkg20IBauTtSy8U8DTtQnD6UcB9YsuV2Qw7-z03sf1aft1T_BB2CbMz9QZcmVHKfD6AK-vxDWMKCqz4YmdHGxd6bwP2o9/yvR_mBbp7Nn-Nac0JP9z6MktjwXCzm4a494wbVpshkM),€8.83,Inconnu,
1/13/2023,Vandœuvre-lès-Nancy,ALDI,,Autres commerces de détail spécialisés divers,Inconnu,Screenshot of madada.fr on 2023-11-01 at 16.01.12.png (https://v5.airtableusercontent.com/v3/u/58/58/1791108000000/OlQ6gZeH1oY8wtxs4D2x_Q/qLQ2vC06q7pkwRxjQ9nrTXVJyC0IIFAeLIpEEHVO3_6taXixOzmRlQ-fYh895OI3prdr1h2h4LKuIOsW-53_wABr-hM60Wr9zrc_Wnkmy21Z-bb-OruOzXDJXbdOVxBZuUOcQj0Es_F4z4J9PDogUqWdTWJgrL0EPRCTFIPSxkHkdPlt3xAwBn7PhJej9qPJ/56tgLFKFom9Ng-qVAHSzuVOKppXL7ClgfKCdX_JPM4g),€9.18,Inconnu,
1/23/2023,Vandœuvre-lès-Nancy,DUPONT FLEURS,,Fleuriste,Bouquet pour cérémonie,Screenshot of madada.fr on 2023-11-01 at 16.01.47.png (https://v5.airtableusercontent.com/v3/u/58/58/1791108000000/dElQKYdy7rPjOXiH7UuiMw/jkklm2HhcBOM9nffGXp9BBUl9ps39-C5eFrjpvNuKqRntgImKjSLlnvq8oyIfOUmym88Wo6Jui5Vlc6l3tDURywPod6qcMZ8YV6F6uYLFoVLSVre8oHleioCYd7_3PPbXbWB5U8qLvuk_gFrpdbJ82NnA596VdBBELHanYjW3J0zRCKiSm9kmk3q0JnaJsWI/Wxx-vib7menc70gs3QyV5BCsmcIBN3du9aQ2RrncJFM),€18.50,Décoration,
2/2/2023,Vandœuvre-lès-Nancy,Restaurant Un peu Bocaux,,Restauration,déjeuner,Screenshot of madada.fr on 2023-11-01 at 16.02.51.png (https://v5.airtableusercontent.com/v3/u/58/58/1791108000000/TKMLoJ--fpuwN51Qfiedmg/IxC2LSJB2TjeYJDxMFfRwBXruFagJCCB163s2RScM49h5tZO-cyRjx25pb6P_1JYXeG6cslHRBPbMk5oCsH-7sMHGnC8_EpIrPd3bamQPaSID19bNknvzlZk5ibx_xZrb2V39-o0WTxE2GXG1yBRRhoJvRb89Kz1HrbX3AdAqIYJ1TCgHJxo6qBdAULczC5U/dCsEVz_czJs5PPUPIxaFsFopPPnfW81Vf9QtUcdN6kA),€12.33,Restauration,
2/8/2023,Vandœuvre-lès-Nancy,Ibis Brabois,,Restauration,déjeuner avec partenaire associatif,Screenshot of madada.fr on 2023-11-01 at 16.03.46.png (https://v5.airtableusercontent.com/v3/u/58/58/1791108000000/tD2MMFkcn2t4b0VoCBReJQ/vSOURmCWpd88x6RrsrpoATcKNrkJldGRzTDcUQxfY3PPubTSMZoS-ZkvM2eDI2xDZ81LzRY8jt4mYyXQMk7sb1Y761zahhwqP7WrcT-QS-HsNfKDrG82yNQmR5g79vv6GZwyFCLzcl8eECOP6y7JcUz7nSV-kIstoik8khonk7GprnRt8Mm4Gvy2VoTZdt5Y/0wxpbiU9dlh2JoHlycwOUDmVlQQ7S1bSdWDqVZfcC4Y),€70.00,Restauration,
2/9/2023,Vandœuvre-lès-Nancy,Brasserie du marché,,Restauration,déjeuner de travail,Screenshot of madada.fr on 2023-11-01 at 16.04.41.png (https://v5.airtableusercontent.com/v3/u/58/58/1791108000000/-fnTtDKNK5nRo3Lj4b2AGw/J0t_zGFPAHH1HnCk_i5MfnRJ8KBnazVpUsTaumqvYXV3tCBrhHv7Kd6jHfccVQRh1O3lXtemo7rXhc7ZBS_4zNHkggcaeGkefceq3Cs8jfiglqy9v2XkbcjaQMLMY3ckSTIHXlbl6-IYzv57aiZlsS0ClhEbmkvtxAn7YHuRup34jIZ2z5O1cly54-g2YKrc/Xo4ytJL2vSay4btRIsWCrzg6Gqd-VFMIk3mfh39Rbiw),€58.20,Restauration,
2/9/2023,Vandœuvre-lès-Nancy,Brasserie du marché,,Restauration,déjeuner partenaires privés,Screenshot of madada.fr on 2023-11-01 at 16.05.16.png (https://v5.airtableusercontent.com/v3/u/58/58/1791108000000/IX8b_JRg1vT7gDzEFf6ZsQ/RIHj44lQ0sFbO_NAt2pWsF0nYRcdG4Z6dnJrhzpcsw6TW0SxVXNHiZRLkhaktvpvG3c24R5CRie7do1F-lCgft17-8DQ6ogIFGTDF0PXxZKn-zsWCVoOsUQ92MA1rXhjyhMFXnQplt44h6NJajqSRJZp-JH_xxEBjVtmx_Se4S6n5rXKjunjVXrC6_2EMcAU/1zpx8sNgIlW6OqT8SM19lT1zPUvXVSnI25bihJYVRkA),€51.50,Restauration,
2/10/2023,Vandœuvre-lès-Nancy,Restaurant Un peu Bocaux,,Restauration,déjeuner partenaires privés,Screenshot of madada.fr on 2023-11-01 at 16.06.12.png (https://v5.airtableusercontent.com/v3/u/58/58/1791108000000/EErL5m79IP-o8xBTEC-NXQ/rumJIo4DYRDa8m27z_nbfVG3TAWdzltp5O3oAacgKOo_4FD9lUNfMKiOt1uwsopKmXn1CV0tZp12Lzbf1mNhZj1FZGmBQr5BSpFX8UcN4S8voBa8A2kNLi7zkGkCV0PXgI2q96sIASponpNJXzR1VtBhEr8AOOx0CkUcT17ijUJCkc_BDOswbMnRqby80Phq/bPW6ELP-Y8XqEFJz8x5X0F0hVPwn0-eXSlUMZMBjHNw),€29.70,Restauration,
2/13/2023,Vandœuvre-lès-Nancy,Ferme sainte geneviève,,Restauration,déjeuner partenaires institutionnels,Screenshot of madada.fr on 2023-11-01 at 16.07.19.png (https://v5.airtableusercontent.com/v3/u/58/58/1791108000000/I5C1MoosGwT3-3gm7CHwTQ/PpfpCUnovgjXD1y9TL3znk1V5Sy_rif6K0hwYjymz1p6NP0uN4lDSZ2qMqC_IYhm2XGA1joFnyXQ3U3tPJ0B9wBuVEkIckVfJDSUZDCuL1X1R3WERmrl_3y40IIH1732q8pjhpy6VhtAa6rUquqmzOU8U2kWa_Ctsk-1cBT3IK8IVmiB1tiF-Vny61uB00kp/aL0P_2DbjxCz50fGgl_0hhaZMZ4Mx6lTWuh_Tgt2sQ4),€38.00,Restauration,
2/14/2023,Vandœuvre-lès-Nancy,restaurant Un peu bocaux,,Restauration,déjeuner,Screenshot of madada.fr on 2023-11-01 at 16.07.50.png (https://v5.airtableusercontent.com/v3/u/58/58/1791108000000/PyUe3ZS3A50YbXqdbLZdqA/On_7IwNLhY9JTKzDHlCa-nwAV2vfaNIK6LcJ4FVDFoW9404q8WLbzNJIY-6WLaiNeoFI1BmCQfmc--TpW5CvhZF4F2XVqC3HZPtDBG_r2QeuaabG4LeCXsXyqB1hbygXkrw0nB1IaBmsAjG_SfqoMVogK8zu-K90915MjJGVy5yDLdPacQDhS-B8PzZSs6lO/16Jr11mtzu6fPcm6WeTFmi-ciBT7LcyU7FFnnNFJKJQ),€12.00,Restauration,
2/15/2023,Vandœuvre-lès-Nancy,TSB JARVILLE,,Restauration,déjeuner partenaires privés,Screenshot of madada.fr on 2023-11-01 at 16.08.24.png (https://v5.airtableusercontent.com/v3/u/58/58/1791108000000/-XI-G0SioRmJYYQp0PnP-g/ZaW5h-eO9EadQsRMi-7vwvIpzrFrxE5Sh8ABABTyhxbfcgpSDPx53U5cre7v3x1zGWEVGSUUvHPBCGuJskyVHKzsmB5jfGJPgB0OgPyvPXlxt7JSQUNscxMWjYSco1nxTnZqLAQ_aTKIrpSALpgftECrzBldPcLBDtFe2S8O0I5iC8c58J6pCf3m54LX0814/lKA5fMXpg_riifGpu2U9lE0gRY-wg9LmToE_VO2Krmc),€34.90,Restauration,
2/22/2023,Vandœuvre-lès-Nancy,Restaurant un peu Bocaux,,Restauration,déjeuner partenaires privés,Screenshot of madada.fr on 2023-11-01 at 16.09.22.png (https://v5.airtableusercontent.com/v3/u/58/58/1791108000000/iebqYcxrRrJvGWPw9mR5aQ/FjYoFycxURd01qp2ntBscuAhMH5PCAjkEYOLTEqiMRaNflulYrpFb1sjAp_Y-GfiaBJzPbgU1a-kWd0BoFIII8n3o5yw5S6RkiIkxSCElq-DaB4UbvX22arBSjZ1sHwbOUKbC-RVZ9tURvRlKTDvwv2T7sW5y2nmR5OPv3S6o3FD9cgLj4CB9gC2uw5gLcjo/lJjo4Tpx_ZQXqEH1ngQCclK-lbBNv5KCtPWzFExADbE),€39.40,Restauration,
2/28/2023,Vandœuvre-lès-Nancy,Ibis Brabois,,Restauration,déjeuner partenaires institutionneles,Screenshot of madada.fr on 2023-11-01 at 16.10.08.png (https://v5.airtableusercontent.com/v3/u/58/58/1791108000000/xGEwt7gAoY79gdOssN7Icw/sLhrtSMqfqOVVUX8dtfnzoX_XxXrR6M9dnjXg_uiQNrWlYhkJTeNNSkTTt70tBD3XjMgLmYU2ZZ8tDsEuqmg4i96mcdQl-x4uIar4LLTOv2KWCoIwG1EHfuHzBPNt-w6pgPTskjDNQhPeGaPgvO8ghhBKT2ro3ak-lCXxUeTa3As_GdqijRx6wLg2ZzwZ5Yv/B73wsyRHiO64faqON8n8z0cKByvD8rSmKqpPic1Gxqc),€62.40,Restauration,
3/10/2023,Vandœuvre-lès-Nancy,SNCF,55204944776279,Transport ferroviaire interurbain de voyageurs,Visite digital village : billet de train,Screenshot of madada.fr on 2023-11-01 at 16.10.41.png (https://v5.airtableusercontent.com/v3/u/58/58/1791108000000/YVX_tIaJum2nxJa7ufk1dg/HD7g6Ff7UET94DDpyBrmorTX1sqpwRIVSuVVKevvhGfXDUTls7W29mpuMdbvwNK4Ne1J5xdYqKQOIhPDEphr5aEYvQmbtFnRP9YSS8iDbkcaD3Ln2-_pBeOlhitzB9WIxnnkeLNBy_SrlBwrSwobNwa6g-zPz_Y20vnd6s9sqPTq95HkalhdJMfwuGPA32Bc/1eQUEdQcpGIBoeTVhVulqkPp8JzgwaDvT97wMLl1QPU),€75.00,Transport,
3/22/2023,Vandœuvre-lès-Nancy,Restaurant un peu bocaux,,Restauration,déjeuner de travail,Screenshot of madada.fr on 2023-11-01 at 16.11.27.png (https://v5.airtableusercontent.com/v3/u/58/58/1791108000000/XezfODN9xvhQjcWPlmxEiQ/vqX5cv3iBpamIpvpEBA2W9WkDl2CzbYdSuqoEbhLyvVaefJGDvguiWh_4WbNOz0S3YubvOIIDewRR58FROUnmOpRwSUrBb19nAjo7gFT3ozyg0dx_1TDlvOSDaF4IRQ_IwRTyJLwqM_TcceKKRDz6ZS_xfYbWQJtp8A29sy1LG86M5aHksaYCotbbhGU_Eyg/0v4KUFgfrc9Bhd3fO3RE7GzUJO6_gFJmWx0p64aq_8M),€59.30,Restauration,
3/27/2023,Vandœuvre-lès-Nancy,Restaurant un peu bocaux,,Restauration,Déjeuner de travail,Screenshot of madada.fr on 2023-11-01 at 16.14.29.png (https://v5.airtableusercontent.com/v3/u/58/58/1791108000000/cpqxSRbMgpOWWNAqv2nPHg/aZrIRFxZUugGo0kRqPwwaXwwKDTk-OoChl6mt23jh5bbExWJHD46adYf_u7BzV4InDiQsaEs2Ylq0ggMg2H2bC_Vb4Vrjela4x0qAzf2zd0qGNxPFkiNEmTx_69jrCPLLxsktpFCWmS5gjp3E6dLbOXbwKCr7OkDRLoHVzFbKl5QNJiSbWW6uwIEPocfZiVf/CdTF79VAJQ2p0yJArQa17jDjTUvkZjQ6Hk9CAEljh98),€45.10,Restauration,
4/4/2023,Vandœuvre-lès-Nancy,Inconnu,,banque,cotisation trimestrielle compte bancaire,Screenshot of madada.fr on 2023-11-01 at 16.15.26.png (https://v5.airtableusercontent.com/v3/u/58/58/1791108000000/F2nPtqyij9z1bVevEMCRbg/xXR1JyEh09UEcKfUb3qV002f6BZiYhgoEsMDYz2ZPN2z-anIWV4PtB8zmW_R7RHSOrB3XPEuUFvwZ2_RRRJoDVPgqgi_M51XK029UL-udgijDdRasmwPjJqqf1MAxrBzY6hfpeJmOjyNaLN8xfhpjEjADi1jmRRYdrStnqSOQ1NQRV4l7JY44U_AVnB_-b_i/RvPHqoRxpphMs-qGPZ4sx5p0HAVsqXhhUnAGMgqeon4),€23.10,Banque et assurance,
4/19/2023,Vandœuvre-lès-Nancy,Restaurant au Château,,Restauration,déjeuner partenaires institutionnels,Screenshot of madada.fr on 2023-11-01 at 16.16.02.png (https://v5.airtableusercontent.com/v3/u/58/58/1791108000000/e_RM-_GRA3YUTpJwDFpwog/61BPRNdguv4dXl3bgMfYWLQ6ygxH66ajCkHMg7erBIbd5ykc30FJoWBoXH6WMpwisxD_J52u1_mwRyIdMkMrUQ4MT2VIbjVxcbFBiBDoV9G8c2RxpnsW41fqlhl_w3wPf6dpQNdLLRpHdBPKP_Kwe4-b58Ahcjc7KD3V5UFpvHbjAltVY8FS2WVBOnFvykd9/5VR5hX45IdV8KpmgZiIrNjl9AJRrmFhXU2dWr_PAdeE),€62.50,Restauration,
4/14/2023,Vandœuvre-lès-Nancy,Restaurant un peu bocaux,,Restauration,déjeuner de travail,Screenshot of madada.fr on 2023-11-01 at 16.17.25.png (https://v5.airtableusercontent.com/v3/u/58/58/1791108000000/ifBSdh1JLGY4DGVauEEiXw/StHRbZDeAM06vdy7imPiEdGTNXvK3m-BvorzJrvdMaz7lKas5-q0heGjZDl-QKSAeP0J6fj8sHNNgFOjsXKXO313g2Sb3mQoNJ80cnNaOgryYhiErklYm8pQ_z-lOzcv-IblDqI-Ol4tmunethaI5jluEOSv5ftP69o_Mh3j0gZsyH0BKCB33EPLkkC21Li-/SiVVHmIg0baJNHrKqFp_A3Id2TyrKpvEKr5FCUfk28U),€72.00,Restauration,
4/17/2023,Vandœuvre-lès-Nancy,APRR (SAPRR),01625002900309,Services auxiliaires des transports terrestres,prélèvement ,Screenshot of madada.fr on 2023-11-01 at 16.18.24.png (https://v5.airtableusercontent.com/v3/u/58/58/1791108000000/PgpT6UP5KKs11L1AUHzkXA/PVBfQ9i15-viLLjNCglvXz5weoQHJQkTVhGG33ChLBrqHbpVChTX4quWFGrOQJgF62NFhqUM1puMu6hstWxAnqQbM00kqyLKlKvMhibvGuhjuMGR3Xq6EVXqCLJvgdF08zE-IlL_6c4PgGMssJ1UtCVGKYTJmzANgvU0y_jxen77BrJX-lWvusz59TDVaMG6/-Vnla2U161bDve5haxhjykP715NrRFvt9cBBmC-Q9A8),€8.30,Transport,
4/13/2023,Vandœuvre-lès-Nancy,Restaurant Le Brichambeau,,Restauration,déjeuner partenaires privés,Screenshot of madada.fr on 2023-11-01 at 16.20.21.png (https://v5.airtableusercontent.com/v3/u/58/58/1791108000000/zF2Js1qHdp4I0oPzvuXxIg/bBxVw24pPW5MLXf-P-4wHOr1dNH8tVy4HbEQernbID1lpZMv2wCxowooC9SFiC5z8PvjE5Lh6iHi5SPcaSwJId3bOiWspjObJJfIXt4jvi7bdSdGQMf91bflZxnQ3fdkCT6-RG9SZDgE5UTvRx-Tx9JYQJBo2WKLsY8lcksXJD9opMRo-jAS-cR5ip78AmI_/dl2XHWwHTgQ1rUMLGRhSbfMgySR_H_Wes7mRBSSzFeQ),€43.00,Restauration,
4/28/2023,Vandœuvre-lès-Nancy,inconnu,,Transport,billet de train (Mahicha),Screenshot of madada.fr on 2023-11-01 at 16.21.05.png (https://v5.airtableusercontent.com/v3/u/58/58/1791108000000/bU2RKyYxu_QtiAc02RO7RA/UjiNzF1uPAhnjWt00IAL93ggHcJFhLFbCWb8XQZa-V2q91WLquWmhUfxN3fTt3kWXq1k2l2j_pE3Y2Vm-GGeivrXoL6Gjq8vZkqG2FJdDi478MjIIruN08IHUtqekcmeLriQiUFKU1H0INHcQMoPXH5xlk2HTz09o-cHVN3h6owNF-6mNNA9NL5R8R1OTZyS/V4rXj-chlJbKBWZqDtXMu12gaa_L0nMjYxaJgMLXAQQ),€130.00,Transport,
5/3/2023,Vandœuvre-lès-Nancy,SNCF,55204944776279,Transport ferroviaire interurbain de voyageurs,Billet de train déplacement visite Montreuil,Screenshot of madada.fr on 2023-11-01 at 16.22.27.png (https://v5.airtableusercontent.com/v3/u/58/58/1791108000000/qhXDDzZYbvv8ZOm9YPsfqQ/i6_DErRny0FvETNdgSoM0VbgfdGYNFRMjuNrcqquBrdQm2Tg6Jzva9gi8XWmzoDBbTI29Qk_DwlDulUoy5Cj9C34Tdc5QSbN5vwtYAxpZkExb-HPOwY9-CWhH8ylOTzqQghgwNBTfpaySEJO6YipqXQ6FtuEfAbZ82uQe7r1vVIW2AbmLawrWEtRZFr1Gmau/nfSUV6Oqz3keNHh9F_7Wgj1r24uIG5VT9sNnzEcjFX0),€655.30,Transport,
5/4/2023,Vandœuvre-lès-Nancy,Restaurant Un peu Bocaux,,Restauration,déjeuner de travail ,Screenshot of madada.fr on 2023-11-01 at 16.23.40.png (https://v5.airtableusercontent.com/v3/u/58/58/1791108000000/USr1NW6mL4jySshby4015g/9FUGqM0f7B-O2vIWXg4lDkbTMl4yRWY4MEVB4fTjN7V5aRlYiYO9e7TCrSow85aubHAFCpCVjX2HpetvRq1z4hRKtOCPpjiUSbnOgmGAqSFq5hcUNujU_qKVC0kdnf535ldEvDrnmeBwM_2f29nu_Y9l9q5WyX_6pAGjz-IborUt7L5yoVAp9WeF6sz7xU5x/tMLGjhixoNHhQa6obYsJ4NVMlFXk9d1QnXawUIcJOts),€34.48,Restauration,
5/10/2023,Vandœuvre-lès-Nancy,Restaurant Un peu Bocaux,,Restauration,déjeuner partenaires privés,Screenshot of madada.fr on 2023-11-01 at 16.24.20.png (https://v5.airtableusercontent.com/v3/u/58/58/1791108000000/qg-t7DrC58-0pxxS7vrQHg/Rla1Qt84ZdAD_Bu5YbAQYyAXD4S0aPk1E1wCpEmvjBru65rfG12utTcwDCTLdL9wVqOSQrQYkERpESgGH4sArl7WLY0xQA07q-r7BgGB-_xdqKx1_3gVkyZGAAGsvj6SpxSNWmBeLK6A6QnpBgwgIn5blim-DlipOhuTI1CU1q-mR_m1ARN8YPa9XXSSwner/lFjqabN6qgki9hHVBsR8MgOFAbmIJ9fLYcYuErg5Pzc),€40.90,Restauration,
5/17/2023,Vandœuvre-lès-Nancy,Restaurant Un peu Bocaux,,Restauration,déjeuner partenaires privés,Screenshot of madada.fr on 2023-11-01 at 16.25.24.png (https://v5.airtableusercontent.com/v3/u/58/58/1791108000000/VUcD2j8YZ5ytncBL-dnY8A/FFAtIAqWpBBDaFvmf8wK1PGNNAmD3iH9gaMqxUf66RNN5uHdMekPXZ2uU1P0Jchq2WvnEmQ8a3Q5RnbYHcwATIP2fAjrjrP0grCMfYoKg0e3WDUrk2qaAaZwmn7Qcc9E91Kt6B3UCfO8MjBNuPOR9ksFUmdHwgEsVN5cUOxFAO-3mZFx4_Rr1_7ROHV22EdH/1vJO3lZFnAPS9pf21dn1rbpIOGza2XtTDJXIMPvAprs),€33.40,Restauration,
5/19/2023,Vandœuvre-lès-Nancy,Restaurant l'Hippodrome,,Restauration,déjeuner partenaires institutionnels,Screenshot of madada.fr on 2023-11-01 at 16.26.18.png (https://v5.airtableusercontent.com/v3/u/58/58/1791108000000/00geqN7FfSQxTvjJ3VrXLA/ka0nvtPRETEs2GZwplMNRcdyOGZtgcYzAeqMiJiT_IV-8Nyqw4E3181fl4wK8fB_v5SG99fObNlltGnQy6UlSQPAe-s3LI9ymooX6Z3icVwii6bzVUn1KAXjKuXXqAyEG2yOHmezDM-EcpcUfqfA001czetVCGxUwKLQp2z_bOY2LgHCc2L8warnqX60wrAj/_TVYLksutq8D6fQ8OwbIH4UObgmHrAZslEnS-Myb7ZE),€265.30,Restauration,
5/22/2023,Vandœuvre-lès-Nancy,Restaurant Un peu Bocaux,,Restauration,déjeuner partenaires privés,Screenshot of madada.fr on 2023-11-01 at 16.26.59.png (https://v5.airtableusercontent.com/v3/u/58/58/1791108000000/bAC77lvnWEF5SC1Eqn0Ulg/OUHfmM3hyw_296IWxk86bLPDQQZlAOlYnHO0qQysNEHHnDNQln5mMyCx1Uh9NYU7vCiA84M1VeHZOs0vINiIpXVqb4fseRrYxbYNF711tDQWiLoMsMtfDvXI1sTMqD3td574A_BVE4rYzYh3O2qaqppuDMkdcpiYDwW5LjIW9N2RmroV7nW0Otq__QrrDRZR/s741qSF6WLqN6juk9HvqCn6z1AnLS6_pNT84GYtHAEQ),€37.90,Restauration,
5/28/2023,Vandœuvre-lès-Nancy,Restaurant Excelsior,,Restauration,déjeuner partenaires institutionnels,Screenshot of madada.fr on 2023-11-01 at 16.28.10.png (https://v5.airtableusercontent.com/v3/u/58/58/1791108000000/LmUGMVdzC4_-4C0OxS7JDQ/dX6mYHVMQfDwIXbDbzMgiSF7f-chiFNfYos0WBOQVHDwQXopQkPa-rQk2oug51Zr6UT6W43NYkIZOC0LR9wI9LPyZRmFuvvcoLWhp22dg53Q25up5rTmzcqAx5uVyVEtrETK0ZVaAO22xtSxGV-cQ4unkJtaCEW-nYhGwr_lH72U6Ux5K1S9gMVnNSh53rGC/D-EABxQDMkYt6til5jbJWspCufpmGUy4-0qgCoXSHig),€153.80,Restauration,
,Vaudreching,Pas de notes de frais,,,,,€0.00,,
9/14/2022,Vendôme,SARL Darde Ludovic,49009076800030,Charcuterie ,Frais de restauration,"Screenshot of madada.fr on 2023-11-08 at 23.19.51.png (https://v5.airtableusercontent.com/v3/u/58/58/1791108000000/KnZBa6dVX3fNOSy_yl05LQ/0zp5yIYDHQ8K-AEmyLasx06WTON6mPKvYG83KzuB4O4uy8h_SkPY8lha-QVoRargrtp1mO0qpuZYhkGxgh1vmB11yO7jOyrR5-vDxE_E_npJH2wCYQXwqMV5kxjSJ_r8GTEfQn1r3IwWKW3UcB7WzP2z6L1syhqaJD5rlnJcmqp9TSt6e6V5dsdXnmmcQ3Gt/1O48mHDBquR5Zc7iuDZJwIQvT1zOPT7Ao4vC4SK9bBw),image.png (https://v5.airtableusercontent.com/v3/u/58/58/1791108000000/Ik3p_0lqrPfPQ-09xtwYrw/zdA4FFIxQCYdBiAyD-VfxrWzPlflDo3l3rzgAZX3PAToLAtTjR-CvMerBHxfTB216RrY8NXCkGnA3D6Z1f-r04DrtqEJmURIEH9etvnK0nkBW5ISYOmFXSzUHpNiSjSx4CQ59fd2dBpL3cuhIToitg/YImSi6rHPw2jXtXExA5HMs1oX5goKhSuhf3Axq-aiFs)",€332.00,Restauration,
3/29/2023,Vendôme,Derya CHEREAU (DEMIREL),92141965100010,Restauration traditionnelle ,3 repas complets,"Screenshot of madada.fr on 2023-11-08 at 23.21.17.png (https://v5.airtableusercontent.com/v3/u/58/58/1791108000000/vj71dS_6UzIbgCYRlOzt_Q/kr-WPKS5EqNB2MrwRhyptj8lPTs7v-Y5rdznMpG7IHiPOax0KvuDCYpNqvVGTgYTj_Wdq-RFWAP5e4qCm2SdF27iUs83ee6whKGO8qiHFJuu2vMTAo_Yifpzr7ma1S50NBmnEQm-oGH-hLmgL2c0tkI_9TjVKEQaEpYLI-JAYTIoPDu5m2_dKv9mQPPaJTtZ/gWMYd8jPP28cEc7DgsdLS8EMTqxGMNzMYjHN9Cs2Xg4),image.png (https://v5.airtableusercontent.com/v3/u/58/58/1791108000000/bkifGygp50fMUXp26Ar--w/tz-3sIuNVstR60PmIuxq6AKjQwHMKZw9mRrIlFrorYQBlfJylZDaPPP9sUGkAuxbj2mX1UJZGhM2vpKiT0i_NaPpLcYxh0KN_GLUoE6lzSSH1Z3QQgETrvKC77snIOQ1_8Qa81KJcf_UniWl3IZyFw/vxwcHFzRb15hmsCwzM1MYGzFpifJLi6yArcP7Kdq4A8)",€38.10,Restauration,
1/11/2023,Vendôme,Meilhon Mathis SARL U,,Restauration,"6 plateaux le gourmet, 3 baguettes","Screenshot of madada.fr on 2023-11-08 at 23.22.53.png (https://v5.airtableusercontent.com/v3/u/58/58/1791108000000/Q0KIugrANS8ocvc80Urp5w/AWp2PL-RxrPnnw93H88Ripz8zLC3dJeqxL8zUcGyO7wCR3TCoKenJh-a1Q5KYtr5Dvdo4M-A_hKljpYnt_gz_FGmBFai_V0XJkQXkM1y6HvxvPX41YrD2-x7ZZlGEmvyVZA1w9lO5aUfaRwIsNxX6kwnsPu6I1N3unbC5tXH6IlU62cBGn2QQ6CrwG_j7OGT/hEiQfjIkZD3VLHSzVJ7WBp5wDLDWna8edSeyORcjYuw),image.png (https://v5.airtableusercontent.com/v3/u/58/58/1791108000000/ZoVWAPBAoDSRuBRF2ZPsdw/3vmHqXlFiEFZALKplHQoIo9wYwpzybitp9d8tTRVmZpSqvrwTggIrIGF2T21eJEnpcdQHxPFM3DIWrojfpLAxxenHX7fLKJ3KEkfuD1x0phRL97Gtz2c_IHY-KCWN6U_1Uso-Idg9D6eQ1hvlhWk_A/R4jUgjpSQJnbR6-077JkEgFi3JJ-v3gzuN-3WM3uWBE)",€129.60,Restauration,
1/20/2023,Vendôme,Meilhon Mathis SARL U,,Restauration,Frais de restauration,"Screenshot of madada.fr on 2023-11-08 at 23.24.20.png (https://v5.airtableusercontent.com/v3/u/58/58/1791108000000/5T5AB-AUiSFKwh6lko6IIw/mttobxNPKaUmA0NdgnIvdRJhmBH4gMFqJkmGu4ZJbpfmQDP5OTZ_zCZMrxTLFiJp5bcYi3JZABAqe6ZAXg8NhRX8bUaBYrNvluGyZ-ptCR7azq1OcU9R2zUBXESGUV7p3rsUJDSW6qPfpeLIIPvZvZArJpJeVQ1aZYFwBEPDR14JDdCXE7X1rdfgM9I6cmJo/1xaO0JHi-pBV1kM49Lcl3g8aPM2lIYt50FOBDBlaDz0),image.png (https://v5.airtableusercontent.com/v3/u/58/58/1791108000000/UzplouVJxn_qDvSziQ0kog/IcSQQvOQcP4rCz4cRvuCcgNLoP55dX6UEmkyYz2nGar1H9JuWsbFpZYMycnX-faN4HSnTRaWdDDOCzFszPcCjQ0A0izG84fmwVkA_qhyUxjlTRyJ9ffDNeQKAn2i6FD5ziTndgjw0yZQP1a-nsXDyQ/HaSVKLDmRekwq0BdQf6towHrV-IHT5NZ7M4qMtpff1E)",€487.90,Restauration,
6/23/2023,Vendôme,Meilhon Mathis SARL U,,Restauration,"6 plateaux, 3 baguettes","Screenshot of madada.fr on 2023-11-08 at 23.25.20.png (https://v5.airtableusercontent.com/v3/u/58/58/1791108000000/_eeFx1FPGtRdtISwLu6ngA/zfX4QvDQdgvfT5LzBpIz8-y3I6bLuFsFsiHF8DqH503gkiEKbYbOcemVh6_2QZZYy_aHoRSWMGNqnbCCOD8_i4U-q_jK3-Lj1a2XzK0iXHTw7E67JxH9aQR18VVoc1n4MMEfdS1ODByMRmwDLECXgCEwS-kpo7k995XqW17NOUrbaTDJKFE6w2p-dJldK-Zl/Fb0oUPhgo-dDyAAn249409OS-uNxzZlLXzZPTyKzYys),image.png (https://v5.airtableusercontent.com/v3/u/58/58/1791108000000/fTIDKtu0SDgQBNH9hbAH4w/Woa9xo6kfV20ti5fodmrEQAs-lNrsbR9KOxx0vuyfKUG956fRwFQS9GK311GwLRBTpNu6E1zayxCy4ZWLAGwpki1ZkZ8ORK5Iqx-8xkH9or9QzTuPTU6kr5xb3fbLUlUV53jVxp4lvr9cFRhFMy36g/ikAb7A8bbD-HyQWSEQnk2yQ-ZVXNmotGd1oSYXZ_4Hk)",€102.60,Restauration,
1/19/2023,Vendôme,SAS Le Moulin du Loir,88533478900017,Restauration traditionnelle ,"3 menus, 1 san pellegrino","Screenshot of madada.fr on 2023-11-08 at 23.26.07.png (https://v5.airtableusercontent.com/v3/u/58/58/1791108000000/D0oFBn-at-Jp1-90fMuExQ/cTkC2fZjZpyCX7gAUstrA2gt47fCdQyLEoa3R-wJTwZ_mXow6rqs74W9-Vs3NVltu2avPcJDSn6QkJ4iYHh-zkuxsNsxJwwTLW1khTu3fxJeBVkGteO87iJ9EdFBlXUtSnb4Fpxy_GB2qNgmx2hX9b80RuMeBticUak22s6IpYNHZgbLsI3A0JArPG_uszyd/oV_JdqhuLFszSXpQk6_46FESe8eI_cuMlfXErnhuvyw),image.png (https://v5.airtableusercontent.com/v3/u/58/58/1791108000000/7zui7dKpH-LkUmE9ANPttQ/2wDPkOfWPWGOZvuc7RAFBOw6LP2brbKuNa02m3dZAKx11uQEYeaEjpb-ntEjZJEtEAG9XIVl_viiZ9GksVCANELgj0sCU9ou0pgiz-DViHmQ4vIRxbsAdqCNouIHrSLWOkDU-ZZKNUn3I5zwUqvlhw/VrEoRGJjwUOXpMhvXTs50Q3jEjlcTfLX0Ch-0VOXhZ0)",€62.00,Restauration,
2/24/2023,Vendôme,SASU Le Moulin du Loir,,Restauration,"Apéritifs, 3 menus, 1 verre de vin","Screenshot of madada.fr on 2023-11-08 at 23.27.39.png (https://v5.airtableusercontent.com/v3/u/58/58/1791108000000/JNFsMTbIq_07rwXqYSJMYA/CJf6q4TccS-OJU9YmccadQXrxUdmLDziZyzP8BT-0og0VC9lgX8O27mnGOzBVU4adp3pi9-vFUPFxIoQGqvXPl9Abh1irznQSeqEPCcK6ncjvTBAMaobRsTzdXw3VP-upy8B7RJJo0Ew7tEhBs-4yaBbZj_XaPxlMU_SmPDbL5h51IWKS7yI7pbNcYxJjjFj/KsTO2jH9fZlBc6fi2yn_JdZmreNtzDwDAEuCtQ25kvQ),Screenshot of madada.fr on 2023-11-08 at 23.27.46.png (https://v5.airtableusercontent.com/v3/u/58/58/1791108000000/I8sI0Dsofotq9rjlTgdntQ/FbJwHQCIYpTKB5HgW3jhEGtf1vmVE2YRj8XYAQmvJzaBL2LVnAq63mKYjAYQOM6QiUzVWh4FVl0hQNv8c6__f_XbqgX1fqjL3HaVQ8Rwk7znuJyoq9BbU1saMCPZMStB20zMzYn8GpPNSEeiKxN_VbbCpVl-Dk15qDfa-AbI0nqNEAs1Q670V504bEKCwuis/OuRCNFX_f6USqy7yDJ3VJF08Ms8OlS-B52s2zwKaFBY)",€76.00,Restauration,
3/20/2023,Vendôme,SASU Le Moulin du Loir,,Restauration,"Apéritifs, 3 plats du jour, 3 cafés","Screenshot of madada.fr on 2023-11-08 at 23.28.41.png (https://v5.airtableusercontent.com/v3/u/58/58/1791108000000/zeo4ALiY03o23oyAjBevvw/TpfqMLXqWxpUhm3E6PMEhPwdLtUOZ62TQb-xZGM_hvKxD8hIK8pCxoh1-ayyV2jeRcaiT3jeN9NATfUjReos7hdMaAc1qDSHpuxjZHPG6a8_9Zr-QN29PgoDSDDOOaKQEA_5cA9eD_H8bu4VnB2tWXnLbn0KDN0txGJPkk8vh1rCc4dFMoCGs_uO7zoMEKMl/MX5ZpMfyfzTaFtzzB97kdQcq7G4e6oPTWY9A8pu3Tt4),Screenshot of madada.fr on 2023-11-08 at 23.28.47.png (https://v5.airtableusercontent.com/v3/u/58/58/1791108000000/qGjVHvYF75YSpy6qNa53oA/pEUjm0NDymdGYwA71PO0HHs_95NRmZu44pNMI1axNfRalZdOiTKAcomwxL75yVV7xrVMfyR0NqcNrbmN5HWSg4pzWfy28OqQs6hnWqXy0GE_ohozgH0DdF_sT2KdAoOtoopr9CMaHOEfRMYpY2wL6o9NNllAt-NemQGhpS9eSN5jMMS8uO8Kf6O8HC9tFLBo/LcMtOdaBKRM31QeMqdHC68vUK1rH_wtmX7qMnUEiUkc)",€61.50,Restauration,
5/21/2023,Vendôme,SASU Le Moulin du Loir,,Restauration,"Apéritifs, 7 menus, 1 plat du jour, 2 menetou, 2 san pellegrino","Screenshot of madada.fr on 2023-11-08 at 23.29.36.png (https://v5.airtableusercontent.com/v3/u/58/58/1791108000000/aYs_QlYSPc8RVxjt04PSJQ/uhGrK3MlCJqPc2QKNDnTmqF8kFN_VwMa1gNKLnznlQiPl7AcutMHRkP_18Yvq_VT3cHxmd8yakw7A21WTSejLkvlBNuJp2i-yZztyQu-tQwoluooMGw8mQLvPQhLr2Pw2vf1hWd8qzdfqyaP3qTJdxQhMMIpqwhD9NOMVyEi648EfUkyF-jSuc2tXW237gL0/fu-dlpoMZUU-3NEAASIp8PcX3TFcZuHJsU8px9cXlko),Screenshot of madada.fr on 2023-11-08 at 23.30.08.png (https://v5.airtableusercontent.com/v3/u/58/58/1791108000000/JVPjrZ2qBPSatqA-bnAi5A/Tt4TxIqwAEXuP2Hj8VzOT16bESTlWQ1pM_dLMITgbbL5oX3sk1RvbfND5laYrkVhcWfcs9BFL_Qe0TpJKrqr9J6xbJTBGqb0Kbds7j7U1ADakSFQqdzHn9N0f_5oMoen5UhQHNSTu_EPXy7cCF_ABuYz5rtpTmqDvRkRg6exccxJhcrBoG-398iULvg0OxBO/Tw2_iV4JC5Tvv3ptOU5a4N9taU74PMP8IfiYyCA4HHw)",€359.00,Restauration,
5/25/2023,Vendôme,SASU Le Moulin du Loir,,Restauration,3 menus,"Screenshot of madada.fr on 2023-11-08 at 23.30.42.png (https://v5.airtableusercontent.com/v3/u/58/58/1791108000000/U39YglXeyQL94n1YM9QpWQ/Wd6CyavyRAEjuihZdxEZf8-D76Oh1lyJ0pnavDQBxtJxdjr9jH5-0SQ0QRG4V4rHZ-JGEeHF7awMIK1-E6PavbWhIR6toMDDmOHbsbnQbFio7IdnrS-FUagI8Ly5pKiByZFLLap2zQjdDy81SGAkxwVdx4EhVYExl7TZ5s_GQyWuIRFqcRJVUXzyJN-LmtgM/aYv0EcscpX_X0wxN1f59Fep5twPoxYVnwGX8auLbwQo),Screenshot of madada.fr on 2023-11-08 at 23.31.12.png (https://v5.airtableusercontent.com/v3/u/58/58/1791108000000/kOxaM1LIM4SLgBk26HQT0Q/5En_7uCRZCj5G7K46-brxe5nnW2FawPf7zghAqUHvoOORlTOOcadDnIvw5Bx1jAScbnDIlyN9cDP3tVCgUnreylJ07xjSeMmPAHS5-DYxXD1SrTGQ3pvEXoBwRt4fkbBtd46frhU2R4swFbKT3Oku45QtIwfIjFi3PZOobcJHn1kJwpDkNwnZkiB7EwNVPvV/jKWBjKHJtZTK6PuxS2rgUK_edLUX81nYbB_ZUTjw0ok)",€67.50,Restauration,
6/12/2023,Vendôme,SASU Le Moulin du Loir,,Restauration,"2 plats du jour, 1 menu, 2 cafés, 1 verre de vin","Screenshot of madada.fr on 2023-11-08 at 23.31.27.png (https://v5.airtableusercontent.com/v3/u/58/58/1791108000000/phwrj9upOi35cyCtK_E2lA/SPix6H3r7DoQJpgqNUZMld5Cg89_LRzGcoByvpPMQE4pEhf0aYqlRJU-rMxgdwdjxvz1Gw3V3LyLXsH5hFNqfdHLVQlqZ7YqKGkSbVA-oH3pM50OaW7dIUjOjbtx5-H53ZrSJQVy7KuxPyZDilzfFO3EsLd2yPHGNoCvxQ3qYb1Q3jY4KZrpqt9Cj8oqTIOI/RCNIedW7N4weHGvC_tlFcjDIUqFMMH2V6bOr2PmsSEI),image.png (https://v5.airtableusercontent.com/v3/u/58/58/1791108000000/ag_huu-e78yNZkbCTpjLXQ/oyEodLFz8-jETxchJYr2Z42BCymKQ6zsRheENMmZMeiKSkOT-79Nw_bPssU7xDsPS_huP7CyLejelCjWlY6kz_3AvwcanjN8yw7nPW-s274VZHTq2AvTZ8uvWZutW5U_PODEXxAKeob6nCldlzCZhw/ixrlzj8qRDiUngaPGhqiRorpVRqRfUM2Yv2fGey3Q2c)",€49.50,Restauration,
6/19/2023,Vendôme,SASU Le Moulin du Loir,,Restauration,3 repas,"Screenshot of madada.fr on 2023-11-08 at 23.32.48.png (https://v5.airtableusercontent.com/v3/u/58/58/1791108000000/C1l5HBlzsZ9cPuNZxTI9tg/Xpohtn9O-_N81y0haoDE5W1-JVBZ_7QUWMw40-CrWNfYBxtywgHWuCK3OcTHhzRyFJ3tnkMZTDv5xBWnk4q0lpSv8n4rUcDk44oPw5Xbj8TL3ZuhLwoDtLFAfyJ-hrqtIILezchIbQH7_jol2RTfHp8X8PB8iSPQf-TiZM-JUHQnZEgAsbZqao3v2hcHLtFM/LH88vaqdq6nvticsof-kqh7f1aFfnqO4l8K6lhwrhJo),Screenshot of madada.fr on 2023-11-08 at 23.32.57.png (https://v5.airtableusercontent.com/v3/u/58/58/1791108000000/fgxkB3SNtYmNuBpsVZwlOg/6uX-dvlbomdr8nQ53VJQa3MVQqMOsqUQvMXjNazWk90NEIPUM6t4T3UBStgkjxNkW0lPMqVp54H5E7kxRo3aP-ZA-XjmSSWifi4JwoW50JMY8FEsg98YQMH-goeos-INwK8YaN_tVMVh9tpb9iGmLB3k1er4EtFNbIK7vDFa_lfWX9-0PaagX04CyDWK1apD/kt1XE6uomNErtUSrMXG7HJ7IJ5EUpIxcDoIEUvw7S38)",€54.00,Restauration,
6/22/2023,Vendôme,SASU Le Moulin du Loir,,Restauration,3 menus,"Screenshot of madada.fr on 2023-11-08 at 23.33.48.png (https://v5.airtableusercontent.com/v3/u/58/58/1791108000000/uaFDUP8OAFpNfWMSjhrrzA/mS5bh0NNe3FgrNv8PU7HcON8rFvyufSCQ_aT7WroOauqHpdG6R6N3aL1DlHh3GVtJ9joPl-_9KZYxfLbaITSR05en4RPIkc8BqCm9W5zQPicfjDrCv2HszIRrhmS1D_AEbiVRPqairfuKsdL5jj_YCjTaUzITLVXgREoJ3DLNCWnpOMt8gosgfdyjU6WaGhU/sYcp2fjRil4rDRQcToMOfLWy-Fj19xetJ7mH7aMy-Dk),image.png (https://v5.airtableusercontent.com/v3/u/58/58/1791108000000/cpT4CNI3gMpApSmb8sGOLA/2udxKUbHXqglned1IX9WhszloQu7HcKwQXs8kxpuDOsb9V0NV_JLc27HGCWSZFjDm-nc3X2ewknxatLTE-BSIXSw40LjU-dkpscWRty9GR1yGq5FjbFibQTT5ohYppwvg8JwSldpEiCdzf_vZ9y5dw/ij5qzV5_LV5zxEIJSjebqyq5fjhq705lu9kTa3zpzSI)",€57.00,Restauration,
6/26/2023,Vendôme,SASU Le Moulin du Loir,,Restauration,"2 repas, 1 rossini, 1 dessert, 1 café, 1 san pellegrino","Screenshot of madada.fr on 2023-11-08 at 23.34.27.png (https://v5.airtableusercontent.com/v3/u/58/58/1791108000000/ezc9KwqzTwnWx_-AcMcr-A/Ij6Hsq-VE7XvaPZN8-_gtDQi8AfgWuNc2SZ8ywO3vharyStsvJPGjdgVWC1h8fHXCn_Ddgh1600NaDjDdZmMzqpsTmaNsmW4jIiXvsFTnDo4ugVAAClCk3kIvPf8WTA5lvpnsvFfVMhZQfMdbZ8opGYgDu1vFc60RfxNJjqAWV6zz0ObfmDQJmQLAkqucLkG/OcHPKLSSzUm2qKmWojBybLl84fvi0B25_5RsUj7fZtI),Screenshot of madada.fr on 2023-11-08 at 23.35.34.png (https://v5.airtableusercontent.com/v3/u/58/58/1791108000000/XT4TvUOdOZyEBKahXgnmlQ/EUDDFmqQh1umkHVNlfjHy0oUL3FKMfkYq8Lzyu1HZSSX2wTM4GLsLBqqDuXFiMQrGIV6NZGLMaXNqcO3dmigTJJh5s23--iBC1P_vAKkTfK2fqHhZJRcKMQpxPV3aC3m_5wRfM3ZNm06f9XcCSFy2_9EwbON5xyATftufzax50dcE3yNpu0knJSeo_djycvC/9GNLzFECQZE-m8osy92VeiP6MqpgyKmHaP4g5oXtCWg)",€75.50,Restauration,
9/14/2020,Villeneuve-d'Ascq,Inconnu,,aucune information,"Frais déplacement 
HABERE POCHE REMUZAT",,€620.90,Inconnu,
8/10/2022,Villeneuve-d'Ascq,Inconnu,,aucune information,visite centre de vacances Ver sur Mer,,€481.37,Inconnu,
11/10/2022,Villeneuve-d'Ascq,Inconnu,,aucune information,Déplacement Reims journées nationales France Urbaine,,€396.94,Inconnu,
6/3/2022,Villeneuve-sur-Yonne,OFFICE INTERCOMMUNAL DU TOURISME ET DU THERMALISME DU GRAND DAX (OITT),82431313400010,Autres services de réservation et activités connexes,"Congrès ""Sites et Cités remarquables"" à DAX du 29 juin au 2 juillet 2022 : 2 repas et 2 nuitées","Screenshot of madada.fr on 2023-11-01 at 15.05.50.png (https://v5.airtableusercontent.com/v3/u/58/58/1791108000000/BkjbeRrx40FOB2d_nlc4mw/W-cuawTshKM7e6eE08EZJAECIUxqvGdPRvXixI4lzyEy8cmKhKZvS0qSkUCFzU9rAwS55B69oRayVQR-uSEsqEkweojlSEIEb-iE5vkbmOlVPdm15CFWhhxQfTAlZtph2bgTOPoPSd3BBZabjxnIUQ2WkOADJN5SVKVqhjm3Tp2lqbOzjfC3sveuj7qabMvZ/UESNnMuxYNsxhdfGr1MQH-_W4WJHP39t2bTqCnSzlJ8),Screenshot of madada.fr on 2023-11-01 at 15.05.59.png (https://v5.airtableusercontent.com/v3/u/58/58/1791108000000/rR2tnPvPh-hsBGcSvhmDRw/-mOTzB9qqunMTqFcv2xCwWOgaT7OaCROiZoJjQ_-WAtUczVkq8d4E3LXzzQ3Wsw9w_S10oOBhR1BABkHfWrjnOW2nxyzK75qV4QFcEsSmzUEIBDkdNc8ciOxv4L5l0DfVu7X_6xNtcIOLFCtKwkyORMUlNpZYSJ0eEqqcqIB5Mm29z8sCtkr72rJTAIdCslk/GjRRYv-2ATrD1U1_x5MMOs5z4aIZzOg_lRecJg8XdZY),Screenshot of madada.fr on 2023-11-01 at 15.06.07.png (https://v5.airtableusercontent.com/v3/u/58/58/1791108000000/AohGmyt6YJ1LQfaoU2YTsA/b_SSuXqmUhzXeaxQLb1HL51mxlw8zUUrKVideb0ETnTGO8o9Iz7OJvXhpLDuFBtGQoifoNzGU8iP7N9gNB_Drq5d78z_i7KyPBsEx7K1TU2s3wjnIeJW-SHxiKwpI-6cBAlVuiy2WcjsKPYocBDZEFRp8GmPndfFTliTa8Xek8k0JQH9O0-xWZ0g48cD1u4f/T_ZCgcC3XZDhiRhCBqf5MMpkb2w4IJhVObNc5K-GSg0),Screenshot of madada.fr on 2023-11-01 at 15.06.18.png (https://v5.airtableusercontent.com/v3/u/58/58/1791108000000/-UztxnUPm2Rq5iBBUkNJww/mPqnJvrXR8Bus6QVZMoDXDM0woHVtZUHCl8wLE98lzDrJZs61OATugWB3jw281a85mg_-1IZls2evU00pcVcSACxxMYxQUTjO8fxQl2zlgXrbLqodSWMxfMA7vHoB2tCep5mI2h885ogXNCyVpkOrXRJx0UrUnB_QoMnftYvN-4GfpylG2YbxA4NaMsEPBeq/tlfMtZHhdjemIuyr-Ur5AwIDs1XSJ2ZTQT6iaonOGQw),Screenshot of madada.fr on 2023-11-01 at 15.06.32.png (https://v5.airtableusercontent.com/v3/u/58/58/1791108000000/AkYsB9F7bmw2-jldUtvo9g/mWAs5FKQWQIV8v39vNY2Xsyz0Dz9_p1JBxSaXkU4K9TPtcU2X0xFES8YBCpyY-avsqHeZ4eBzE_u44_8bSHHowd9-vsruuEyRTgYYaPoPjo_bzQmP15stfp8xJpAhzBfEQ3nubBOcqCJKc-iGQxYWHFHXKYIBJdmep3OGyesZIP1gLqiuG3jgfkOyZ1Q-XaG/kmNZCBOCTJ_4SCY6CVYsRAMbB0AOkR2tujP8a-Cgbro)",€373.28,Hôtel,
12/8/2022,Villeneuve-sur-Yonne,ASS DES MAIRES DE FRANCE,78471845400027,Activités des organisations patronales et consulaires,Congrès des maires de France le 22 et 23 novembre 2022 à Paris,Screenshot of madada.fr on 2023-11-01 at 15.10.44.png (https://v5.airtableusercontent.com/v3/u/58/58/1791108000000/kqzzoit8crBGEPaWFZHKjA/Foh2yR8AVDpLv-jSu0utzTkM4hOKGddKyi72NvpyxdEwnknsopp3c2n5ZlbzW1cGGEhJ9_gNxKKOeU2a0wwKIVmV2mTn24WCYPZiGOACYm3JeBt80PW-Yf--padQt52iy5Xt9SPkBuHSu-cIr5EXETJ4vifA8Fem7hkLFyxqySc9YSaJM1ST-So5FXe_BNvC/ifFY7ZNg2sbDfnl218yoe9Oc215qYX58Mnm34cKqRwc),€190.00,Participation à un congrès,
6/3/2022,Villeneuve-sur-Yonne,OFFICE INTERCOMMUNAL DU TOURISME ET DU THERMALISME DU GRAND DAX (OITT),82431313400010,Autres services de réservation et activités connexes,cocktail dînatoire,"Screenshot of madada.fr on 2023-11-01 at 15.05.50.png (https://v5.airtableusercontent.com/v3/u/58/58/1791108000000/BkjbeRrx40FOB2d_nlc4mw/W-cuawTshKM7e6eE08EZJAECIUxqvGdPRvXixI4lzyEy8cmKhKZvS0qSkUCFzU9rAwS55B69oRayVQR-uSEsqEkweojlSEIEb-iE5vkbmOlVPdm15CFWhhxQfTAlZtph2bgTOPoPSd3BBZabjxnIUQ2WkOADJN5SVKVqhjm3Tp2lqbOzjfC3sveuj7qabMvZ/UESNnMuxYNsxhdfGr1MQH-_W4WJHP39t2bTqCnSzlJ8),Screenshot of madada.fr on 2023-11-01 at 15.05.59.png (https://v5.airtableusercontent.com/v3/u/58/58/1791108000000/rR2tnPvPh-hsBGcSvhmDRw/-mOTzB9qqunMTqFcv2xCwWOgaT7OaCROiZoJjQ_-WAtUczVkq8d4E3LXzzQ3Wsw9w_S10oOBhR1BABkHfWrjnOW2nxyzK75qV4QFcEsSmzUEIBDkdNc8ciOxv4L5l0DfVu7X_6xNtcIOLFCtKwkyORMUlNpZYSJ0eEqqcqIB5Mm29z8sCtkr72rJTAIdCslk/GjRRYv-2ATrD1U1_x5MMOs5z4aIZzOg_lRecJg8XdZY),Screenshot of madada.fr on 2023-11-01 at 15.06.07.png (https://v5.airtableusercontent.com/v3/u/58/58/1791108000000/AohGmyt6YJ1LQfaoU2YTsA/b_SSuXqmUhzXeaxQLb1HL51mxlw8zUUrKVideb0ETnTGO8o9Iz7OJvXhpLDuFBtGQoifoNzGU8iP7N9gNB_Drq5d78z_i7KyPBsEx7K1TU2s3wjnIeJW-SHxiKwpI-6cBAlVuiy2WcjsKPYocBDZEFRp8GmPndfFTliTa8Xek8k0JQH9O0-xWZ0g48cD1u4f/T_ZCgcC3XZDhiRhCBqf5MMpkb2w4IJhVObNc5K-GSg0),Screenshot of madada.fr on 2023-11-01 at 15.06.18.png (https://v5.airtableusercontent.com/v3/u/58/58/1791108000000/-UztxnUPm2Rq5iBBUkNJww/mPqnJvrXR8Bus6QVZMoDXDM0woHVtZUHCl8wLE98lzDrJZs61OATugWB3jw281a85mg_-1IZls2evU00pcVcSACxxMYxQUTjO8fxQl2zlgXrbLqodSWMxfMA7vHoB2tCep5mI2h885ogXNCyVpkOrXRJx0UrUnB_QoMnftYvN-4GfpylG2YbxA4NaMsEPBeq/tlfMtZHhdjemIuyr-Ur5AwIDs1XSJ2ZTQT6iaonOGQw),Screenshot of madada.fr on 2023-11-01 at 15.06.32.png (https://v5.airtableusercontent.com/v3/u/58/58/1791108000000/AkYsB9F7bmw2-jldUtvo9g/mWAs5FKQWQIV8v39vNY2Xsyz0Dz9_p1JBxSaXkU4K9TPtcU2X0xFES8YBCpyY-avsqHeZ4eBzE_u44_8bSHHowd9-vsruuEyRTgYYaPoPjo_bzQmP15stfp8xJpAhzBfEQ3nubBOcqCJKc-iGQxYWHFHXKYIBJdmep3OGyesZIP1gLqiuG3jgfkOyZ1Q-XaG/kmNZCBOCTJ_4SCY6CVYsRAMbB0AOkR2tujP8a-Cgbro)",€30.00,Restauration,